question_id,source_dataset,old_section,new_section,mapping_type,authoritative_source,verification_status,verifier_notes
P7_0001,concordance_v1_internal,1,1,renumbered,concordance_v1.csv + india_code,VERIFIED,template_expansion_from_concordance_row
P7_0002,concordance_v1_internal,1,1,renumbered,concordance_v1.csv + india_code,VERIFIED,template_expansion_from_concordance_row
P7_0003,concordance_v1_internal,1,1,renumbered,concordance_v1.csv + india_code,VERIFIED,template_expansion_from_concordance_row
P7_0004,concordance_v1_internal,1,1,renumbered,concordance_v1.csv + india_code,VERIFIED,template_expansion_current_law
P7_0005,concordance_v1_internal,1,1,renumbered,concordance_v1.csv + india_code,VERIFIED,template_expansion_current_law
P7_0006,concordance_v1_internal,1,1,renumbered,concordance_v1.csv + india_code,VERIFIED,template_expansion_reverse_lookup
P7_0007,concordance_v1_internal,1,1,renumbered,concordance_v1.csv + india_code,VERIFIED,template_expansion_reverse_lookup
P7_0008,concordance_v1_internal,2,1,merged,concordance_v1.csv + india_code,VERIFIED,template_expansion_from_concordance_row
P7_0009,concordance_v1_internal,2,1,merged,concordance_v1.csv + india_code,VERIFIED,template_expansion_from_concordance_row
P7_0010,concordance_v1_internal,2,1,merged,concordance_v1.csv + india_code,VERIFIED,template_expansion_from_concordance_row
P7_0011,concordance_v1_internal,2,1,merged,concordance_v1.csv + india_code,VERIFIED,template_expansion_current_law
P7_0012,concordance_v1_internal,2,1,merged,concordance_v1.csv + india_code,VERIFIED,template_expansion_current_law
P7_0013,concordance_v1_internal,3,2,renumbered,concordance_v1.csv + india_code,VERIFIED,template_expansion_from_concordance_row
P7_0014,concordance_v1_internal,3,2,renumbered,concordance_v1.csv + india_code,VERIFIED,template_expansion_from_concordance_row
P7_0015,concordance_v1_internal,3,2,renumbered,concordance_v1.csv + india_code,VERIFIED,template_expansion_from_concordance_row
P7_0016,concordance_v1_internal,3,2,renumbered,concordance_v1.csv + india_code,VERIFIED,template_expansion_current_law
P7_0017,concordance_v1_internal,3,2,renumbered,concordance_v1.csv + india_code,VERIFIED,template_expansion_current_law
P7_0018,concordance_v1_internal,3,2,renumbered,concordance_v1.csv + india_code,VERIFIED,template_expansion_reverse_lookup
P7_0019,concordance_v1_internal,3,2,renumbered,concordance_v1.csv + india_code,VERIFIED,template_expansion_reverse_lookup
P7_0020,concordance_v1_internal,4,3,renumbered,concordance_v1.csv + india_code,VERIFIED,template_expansion_from_concordance_row
P7_0021,concordance_v1_internal,4,3,renumbered,concordance_v1.csv + india_code,VERIFIED,template_expansion_from_concordance_row
P7_0022,concordance_v1_internal,4,3,renumbered,concordance_v1.csv + india_code,VERIFIED,template_expansion_from_concordance_row
P7_0023,concordance_v1_internal,4,3,renumbered,concordance_v1.csv + india_code,VERIFIED,template_expansion_current_law
P7_0024,concordance_v1_internal,4,3,renumbered,concordance_v1.csv + india_code,VERIFIED,template_expansion_current_law
P7_0025,concordance_v1_internal,4,3,renumbered,concordance_v1.csv + india_code,VERIFIED,template_expansion_reverse_lookup
P7_0026,concordance_v1_internal,4,3,renumbered,concordance_v1.csv + india_code,VERIFIED,template_expansion_reverse_lookup
P7_0027,concordance_v1_internal,5,4,renumbered,concordance_v1.csv + india_code,VERIFIED,template_expansion_from_concordance_row
P7_0028,concordance_v1_internal,5,4,renumbered,concordance_v1.csv + india_code,VERIFIED,template_expansion_from_concordance_row
P7_0029,concordance_v1_internal,5,4,renumbered,concordance_v1.csv + india_code,VERIFIED,template_expansion_from_concordance_row
P7_0030,concordance_v1_internal,5,4,renumbered,concordance_v1.csv + india_code,VERIFIED,template_expansion_current_law
P7_0031,concordance_v1_internal,5,4,renumbered,concordance_v1.csv + india_code,VERIFIED,template_expansion_current_law
P7_0032,concordance_v1_internal,5,4,renumbered,concordance_v1.csv + india_code,VERIFIED,template_expansion_reverse_lookup
P7_0033,concordance_v1_internal,5,4,renumbered,concordance_v1.csv + india_code,VERIFIED,template_expansion_reverse_lookup
P7_0034,concordance_v1_internal,6,5,renumbered,concordance_v1.csv + india_code,VERIFIED,template_expansion_from_concordance_row
P7_0035,concordance_v1_internal,6,5,renumbered,concordance_v1.csv + india_code,VERIFIED,template_expansion_from_concordance_row
P7_0036,concordance_v1_internal,6,5,renumbered,concordance_v1.csv + india_code,VERIFIED,template_expansion_from_concordance_row
P7_0037,concordance_v1_internal,6,5,renumbered,concordance_v1.csv + india_code,VERIFIED,template_expansion_current_law
P7_0038,concordance_v1_internal,6,5,renumbered,concordance_v1.csv + india_code,VERIFIED,template_expansion_current_law
P7_0039,concordance_v1_internal,6,5,renumbered,concordance_v1.csv + india_code,VERIFIED,template_expansion_reverse_lookup
P7_0040,concordance_v1_internal,6,5,renumbered,concordance_v1.csv + india_code,VERIFIED,template_expansion_reverse_lookup
P7_0041,concordance_v1_internal,7,6,renumbered,concordance_v1.csv + india_code,VERIFIED,template_expansion_from_concordance_row
P7_0042,concordance_v1_internal,7,6,renumbered,concordance_v1.csv + india_code,VERIFIED,template_expansion_from_concordance_row
P7_0043,concordance_v1_internal,7,6,renumbered,concordance_v1.csv + india_code,VERIFIED,template_expansion_from_concordance_row
P7_0044,concordance_v1_internal,7,6,renumbered,concordance_v1.csv + india_code,VERIFIED,template_expansion_current_law
P7_0045,concordance_v1_internal,7,6,renumbered,concordance_v1.csv + india_code,VERIFIED,template_expansion_current_law
P7_0046,concordance_v1_internal,7,6,renumbered,concordance_v1.csv + india_code,VERIFIED,template_expansion_reverse_lookup
P7_0047,concordance_v1_internal,7,6,renumbered,concordance_v1.csv + india_code,VERIFIED,template_expansion_reverse_lookup
P7_0048,concordance_v1_internal,8,7,renumbered,concordance_v1.csv + india_code,VERIFIED,template_expansion_from_concordance_row
P7_0049,concordance_v1_internal,8,7,renumbered,concordance_v1.csv + india_code,VERIFIED,template_expansion_from_concordance_row
P7_0050,concordance_v1_internal,8,7,renumbered,concordance_v1.csv + india_code,VERIFIED,template_expansion_from_concordance_row
P7_0051,concordance_v1_internal,8,7,renumbered,concordance_v1.csv + india_code,VERIFIED,template_expansion_current_law
P7_0052,concordance_v1_internal,8,7,renumbered,concordance_v1.csv + india_code,VERIFIED,template_expansion_current_law
P7_0053,concordance_v1_internal,8,7,renumbered,concordance_v1.csv + india_code,VERIFIED,template_expansion_reverse_lookup
P7_0054,concordance_v1_internal,8,7,renumbered,concordance_v1.csv + india_code,VERIFIED,template_expansion_reverse_lookup
P7_0055,concordance_v1_internal,9,8,renumbered,concordance_v1.csv + india_code,VERIFIED,template_expansion_from_concordance_row
P7_0056,concordance_v1_internal,9,8,renumbered,concordance_v1.csv + india_code,VERIFIED,template_expansion_from_concordance_row
P7_0057,concordance_v1_internal,9,8,renumbered,concordance_v1.csv + india_code,VERIFIED,template_expansion_from_concordance_row
P7_0058,concordance_v1_internal,9,8,renumbered,concordance_v1.csv + india_code,VERIFIED,template_expansion_current_law
P7_0059,concordance_v1_internal,9,8,renumbered,concordance_v1.csv + india_code,VERIFIED,template_expansion_current_law
P7_0060,concordance_v1_internal,9,8,renumbered,concordance_v1.csv + india_code,VERIFIED,template_expansion_reverse_lookup
P7_0061,concordance_v1_internal,9,8,renumbered,concordance_v1.csv + india_code,VERIFIED,template_expansion_reverse_lookup
P7_0062,concordance_v1_internal,10,9,renumbered,concordance_v1.csv + india_code,VERIFIED,template_expansion_from_concordance_row
P7_0063,concordance_v1_internal,10,9,renumbered,concordance_v1.csv + india_code,VERIFIED,template_expansion_from_concordance_row
P7_0064,concordance_v1_internal,10,9,renumbered,concordance_v1.csv + india_code,VERIFIED,template_expansion_from_concordance_row
P7_0065,concordance_v1_internal,10,9,renumbered,concordance_v1.csv + india_code,VERIFIED,template_expansion_current_law
P7_0066,concordance_v1_internal,10,9,renumbered,concordance_v1.csv + india_code,VERIFIED,template_expansion_current_law
P7_0067,concordance_v1_internal,10,9,renumbered,concordance_v1.csv + india_code,VERIFIED,template_expansion_reverse_lookup
P7_0068,concordance_v1_internal,10,9,renumbered,concordance_v1.csv + india_code,VERIFIED,template_expansion_reverse_lookup
P7_0069,concordance_v1_internal,11,2(24),renumbered,concordance_v1.csv + india_code,VERIFIED,template_expansion_from_concordance_row
P7_0070,concordance_v1_internal,11,2(24),renumbered,concordance_v1.csv + india_code,VERIFIED,template_expansion_from_concordance_row
P7_0071,concordance_v1_internal,11,2(24),renumbered,concordance_v1.csv + india_code,VERIFIED,template_expansion_from_concordance_row
P7_0072,concordance_v1_internal,11,2(24),renumbered,concordance_v1.csv + india_code,VERIFIED,template_expansion_current_law
P7_0073,concordance_v1_internal,11,2(24),renumbered,concordance_v1.csv + india_code,VERIFIED,template_expansion_current_law
P7_0074,concordance_v1_internal,11,2(24),renumbered,concordance_v1.csv + india_code,VERIFIED,template_expansion_reverse_lookup
P7_0075,concordance_v1_internal,11,2(24),renumbered,concordance_v1.csv + india_code,VERIFIED,template_expansion_reverse_lookup
P7_0076,concordance_v1_internal,12,2(28),renumbered,concordance_v1.csv + india_code,VERIFIED,template_expansion_from_concordance_row
P7_0077,concordance_v1_internal,12,2(28),renumbered,concordance_v1.csv + india_code,VERIFIED,template_expansion_from_concordance_row
P7_0078,concordance_v1_internal,12,2(28),renumbered,concordance_v1.csv + india_code,VERIFIED,template_expansion_from_concordance_row
P7_0079,concordance_v1_internal,12,2(28),renumbered,concordance_v1.csv + india_code,VERIFIED,template_expansion_current_law
P7_0080,concordance_v1_internal,12,2(28),renumbered,concordance_v1.csv + india_code,VERIFIED,template_expansion_current_law
P7_0081,concordance_v1_internal,12,2(28),renumbered,concordance_v1.csv + india_code,VERIFIED,template_expansion_reverse_lookup
P7_0082,concordance_v1_internal,12,2(28),renumbered,concordance_v1.csv + india_code,VERIFIED,template_expansion_reverse_lookup
P7_0083,concordance_v1_internal,14,2(31),renumbered,concordance_v1.csv + india_code,VERIFIED,template_expansion_from_concordance_row
P7_0084,concordance_v1_internal,14,2(31),renumbered,concordance_v1.csv + india_code,VERIFIED,template_expansion_from_concordance_row
P7_0085,concordance_v1_internal,14,2(31),renumbered,concordance_v1.csv + india_code,VERIFIED,template_expansion_from_concordance_row
P7_0086,concordance_v1_internal,14,2(31),renumbered,concordance_v1.csv + india_code,VERIFIED,template_expansion_current_law
P7_0087,concordance_v1_internal,14,2(31),renumbered,concordance_v1.csv + india_code,VERIFIED,template_expansion_current_law
P7_0088,concordance_v1_internal,14,2(31),renumbered,concordance_v1.csv + india_code,VERIFIED,template_expansion_reverse_lookup
P7_0089,concordance_v1_internal,14,2(31),renumbered,concordance_v1.csv + india_code,VERIFIED,template_expansion_reverse_lookup
P7_0090,concordance_v1_internal,17,2(14),renumbered,concordance_v1.csv + india_code,VERIFIED,template_expansion_from_concordance_row
P7_0091,concordance_v1_internal,17,2(14),renumbered,concordance_v1.csv + india_code,VERIFIED,template_expansion_from_concordance_row
P7_0092,concordance_v1_internal,17,2(14),renumbered,concordance_v1.csv + india_code,VERIFIED,template_expansion_from_concordance_row
P7_0093,concordance_v1_internal,17,2(14),renumbered,concordance_v1.csv + india_code,VERIFIED,template_expansion_current_law
P7_0094,concordance_v1_internal,17,2(14),renumbered,concordance_v1.csv + india_code,VERIFIED,template_expansion_current_law
P7_0095,concordance_v1_internal,17,2(14),renumbered,concordance_v1.csv + india_code,VERIFIED,template_expansion_reverse_lookup
P7_0096,concordance_v1_internal,17,2(14),renumbered,concordance_v1.csv + india_code,VERIFIED,template_expansion_reverse_lookup
P7_0097,concordance_v1_internal,19,2(19),renumbered,concordance_v1.csv + india_code,VERIFIED,template_expansion_from_concordance_row
P7_0098,concordance_v1_internal,19,2(19),renumbered,concordance_v1.csv + india_code,VERIFIED,template_expansion_from_concordance_row
P7_0099,concordance_v1_internal,19,2(19),renumbered,concordance_v1.csv + india_code,VERIFIED,template_expansion_from_concordance_row
P7_0100,concordance_v1_internal,19,2(19),renumbered,concordance_v1.csv + india_code,VERIFIED,template_expansion_current_law
P7_0101,concordance_v1_internal,19,2(19),renumbered,concordance_v1.csv + india_code,VERIFIED,template_expansion_current_law
P7_0102,concordance_v1_internal,19,2(19),renumbered,concordance_v1.csv + india_code,VERIFIED,template_expansion_reverse_lookup
P7_0103,concordance_v1_internal,19,2(19),renumbered,concordance_v1.csv + india_code,VERIFIED,template_expansion_reverse_lookup
P7_0104,concordance_v1_internal,21,2(7),renumbered,concordance_v1.csv + india_code,VERIFIED,template_expansion_from_concordance_row
P7_0105,concordance_v1_internal,21,2(7),renumbered,concordance_v1.csv + india_code,VERIFIED,template_expansion_from_concordance_row
P7_0106,concordance_v1_internal,21,2(7),renumbered,concordance_v1.csv + india_code,VERIFIED,template_expansion_from_concordance_row
P7_0107,concordance_v1_internal,21,2(7),renumbered,concordance_v1.csv + india_code,VERIFIED,template_expansion_current_law
P7_0108,concordance_v1_internal,21,2(7),renumbered,concordance_v1.csv + india_code,VERIFIED,template_expansion_current_law
P7_0109,concordance_v1_internal,21,2(7),renumbered,concordance_v1.csv + india_code,VERIFIED,template_expansion_reverse_lookup
P7_0110,concordance_v1_internal,21,2(7),renumbered,concordance_v1.csv + india_code,VERIFIED,template_expansion_reverse_lookup
P7_0111,concordance_v1_internal,24,2(10),renumbered,concordance_v1.csv + india_code,VERIFIED,template_expansion_from_concordance_row
P7_0112,concordance_v1_internal,24,2(10),renumbered,concordance_v1.csv + india_code,VERIFIED,template_expansion_from_concordance_row
P7_0113,concordance_v1_internal,24,2(10),renumbered,concordance_v1.csv + india_code,VERIFIED,template_expansion_from_concordance_row
P7_0114,concordance_v1_internal,24,2(10),renumbered,concordance_v1.csv + india_code,VERIFIED,template_expansion_current_law
P7_0115,concordance_v1_internal,24,2(10),renumbered,concordance_v1.csv + india_code,VERIFIED,template_expansion_current_law
P7_0116,concordance_v1_internal,24,2(10),renumbered,concordance_v1.csv + india_code,VERIFIED,template_expansion_reverse_lookup
P7_0117,concordance_v1_internal,24,2(10),renumbered,concordance_v1.csv + india_code,VERIFIED,template_expansion_reverse_lookup
P7_0118,concordance_v1_internal,25,2(13),renumbered,concordance_v1.csv + india_code,VERIFIED,template_expansion_from_concordance_row
P7_0119,concordance_v1_internal,25,2(13),renumbered,concordance_v1.csv + india_code,VERIFIED,template_expansion_from_concordance_row
P7_0120,concordance_v1_internal,25,2(13),renumbered,concordance_v1.csv + india_code,VERIFIED,template_expansion_from_concordance_row
P7_0121,concordance_v1_internal,25,2(13),renumbered,concordance_v1.csv + india_code,VERIFIED,template_expansion_current_law
P7_0122,concordance_v1_internal,25,2(13),renumbered,concordance_v1.csv + india_code,VERIFIED,template_expansion_current_law
P7_0123,concordance_v1_internal,25,2(13),renumbered,concordance_v1.csv + india_code,VERIFIED,template_expansion_reverse_lookup
P7_0124,concordance_v1_internal,25,2(13),renumbered,concordance_v1.csv + india_code,VERIFIED,template_expansion_reverse_lookup
P7_0125,concordance_v1_internal,26,2(29),renumbered,concordance_v1.csv + india_code,VERIFIED,template_expansion_from_concordance_row
P7_0126,concordance_v1_internal,26,2(29),renumbered,concordance_v1.csv + india_code,VERIFIED,template_expansion_from_concordance_row
P7_0127,concordance_v1_internal,26,2(29),renumbered,concordance_v1.csv + india_code,VERIFIED,template_expansion_from_concordance_row
P7_0128,concordance_v1_internal,26,2(29),renumbered,concordance_v1.csv + india_code,VERIFIED,template_expansion_current_law
P7_0129,concordance_v1_internal,26,2(29),renumbered,concordance_v1.csv + india_code,VERIFIED,template_expansion_current_law
P7_0130,concordance_v1_internal,26,2(29),renumbered,concordance_v1.csv + india_code,VERIFIED,template_expansion_reverse_lookup
P7_0131,concordance_v1_internal,26,2(29),renumbered,concordance_v1.csv + india_code,VERIFIED,template_expansion_reverse_lookup
P7_0132,concordance_v1_internal,29,2(9),renumbered,concordance_v1.csv + india_code,VERIFIED,template_expansion_from_concordance_row
P7_0133,concordance_v1_internal,29,2(9),renumbered,concordance_v1.csv + india_code,VERIFIED,template_expansion_from_concordance_row
P7_0134,concordance_v1_internal,29,2(9),renumbered,concordance_v1.csv + india_code,VERIFIED,template_expansion_from_concordance_row
P7_0135,concordance_v1_internal,29,2(9),renumbered,concordance_v1.csv + india_code,VERIFIED,template_expansion_current_law
P7_0136,concordance_v1_internal,29,2(9),renumbered,concordance_v1.csv + india_code,VERIFIED,template_expansion_current_law
P7_0137,concordance_v1_internal,29,2(9),renumbered,concordance_v1.csv + india_code,VERIFIED,template_expansion_reverse_lookup
P7_0138,concordance_v1_internal,29,2(9),renumbered,concordance_v1.csv + india_code,VERIFIED,template_expansion_reverse_lookup
P7_0139,concordance_v1_internal,33,2(1)/2(25),split,concordance_v1.csv + india_code,VERIFIED,template_expansion_from_concordance_row
P7_0140,concordance_v1_internal,33,2(1)/2(25),split,concordance_v1.csv + india_code,VERIFIED,template_expansion_from_concordance_row
P7_0141,concordance_v1_internal,33,2(1)/2(25),split,concordance_v1.csv + india_code,VERIFIED,template_expansion_from_concordance_row
P7_0142,concordance_v1_internal,33,2(1)/2(25),split,concordance_v1.csv + india_code,VERIFIED,template_expansion_current_law
P7_0143,concordance_v1_internal,33,2(1)/2(25),split,concordance_v1.csv + india_code,VERIFIED,template_expansion_current_law
P7_0144,concordance_v1_internal,33,2(1)/2(25),split,concordance_v1.csv + india_code,VERIFIED,template_expansion_reverse_lookup
P7_0145,concordance_v1_internal,33,2(1)/2(25),split,concordance_v1.csv + india_code,VERIFIED,template_expansion_reverse_lookup
P7_0146,concordance_v1_internal,34,2(36),renumbered,concordance_v1.csv + india_code,VERIFIED,template_expansion_from_concordance_row
P7_0147,concordance_v1_internal,34,2(36),renumbered,concordance_v1.csv + india_code,VERIFIED,template_expansion_from_concordance_row
P7_0148,concordance_v1_internal,34,2(36),renumbered,concordance_v1.csv + india_code,VERIFIED,template_expansion_from_concordance_row
P7_0149,concordance_v1_internal,34,2(36),renumbered,concordance_v1.csv + india_code,VERIFIED,template_expansion_current_law
P7_0150,concordance_v1_internal,34,2(36),renumbered,concordance_v1.csv + india_code,VERIFIED,template_expansion_current_law
P7_0151,concordance_v1_internal,34,2(36),renumbered,concordance_v1.csv + india_code,VERIFIED,template_expansion_reverse_lookup
P7_0152,concordance_v1_internal,34,2(36),renumbered,concordance_v1.csv + india_code,VERIFIED,template_expansion_reverse_lookup
P7_0153,concordance_v1_internal,40,2(23),renumbered,concordance_v1.csv + india_code,VERIFIED,template_expansion_from_concordance_row
P7_0154,concordance_v1_internal,40,2(23),renumbered,concordance_v1.csv + india_code,VERIFIED,template_expansion_from_concordance_row
P7_0155,concordance_v1_internal,40,2(23),renumbered,concordance_v1.csv + india_code,VERIFIED,template_expansion_from_concordance_row
P7_0156,concordance_v1_internal,40,2(23),renumbered,concordance_v1.csv + india_code,VERIFIED,template_expansion_current_law
P7_0157,concordance_v1_internal,40,2(23),renumbered,concordance_v1.csv + india_code,VERIFIED,template_expansion_current_law
P7_0158,concordance_v1_internal,40,2(23),renumbered,concordance_v1.csv + india_code,VERIFIED,template_expansion_reverse_lookup
P7_0159,concordance_v1_internal,40,2(23),renumbered,concordance_v1.csv + india_code,VERIFIED,template_expansion_reverse_lookup
P7_0160,concordance_v1_internal,44,2(17),renumbered,concordance_v1.csv + india_code,VERIFIED,template_expansion_from_concordance_row
P7_0161,concordance_v1_internal,44,2(17),renumbered,concordance_v1.csv + india_code,VERIFIED,template_expansion_from_concordance_row
P7_0162,concordance_v1_internal,44,2(17),renumbered,concordance_v1.csv + india_code,VERIFIED,template_expansion_from_concordance_row
P7_0163,concordance_v1_internal,44,2(17),renumbered,concordance_v1.csv + india_code,VERIFIED,template_expansion_current_law
P7_0164,concordance_v1_internal,44,2(17),renumbered,concordance_v1.csv + india_code,VERIFIED,template_expansion_current_law
P7_0165,concordance_v1_internal,44,2(17),renumbered,concordance_v1.csv + india_code,VERIFIED,template_expansion_reverse_lookup
P7_0166,concordance_v1_internal,44,2(17),renumbered,concordance_v1.csv + india_code,VERIFIED,template_expansion_reverse_lookup
P7_0167,concordance_v1_internal,51,2(22),renumbered,concordance_v1.csv + india_code,VERIFIED,template_expansion_from_concordance_row
P7_0168,concordance_v1_internal,51,2(22),renumbered,concordance_v1.csv + india_code,VERIFIED,template_expansion_from_concordance_row
P7_0169,concordance_v1_internal,51,2(22),renumbered,concordance_v1.csv + india_code,VERIFIED,template_expansion_from_concordance_row
P7_0170,concordance_v1_internal,51,2(22),renumbered,concordance_v1.csv + india_code,VERIFIED,template_expansion_current_law
P7_0171,concordance_v1_internal,51,2(22),renumbered,concordance_v1.csv + india_code,VERIFIED,template_expansion_current_law
P7_0172,concordance_v1_internal,51,2(22),renumbered,concordance_v1.csv + india_code,VERIFIED,template_expansion_reverse_lookup
P7_0173,concordance_v1_internal,51,2(22),renumbered,concordance_v1.csv + india_code,VERIFIED,template_expansion_reverse_lookup
P7_0174,concordance_v1_internal,52,2(15),renumbered,concordance_v1.csv + india_code,VERIFIED,template_expansion_from_concordance_row
P7_0175,concordance_v1_internal,52,2(15),renumbered,concordance_v1.csv + india_code,VERIFIED,template_expansion_from_concordance_row
P7_0176,concordance_v1_internal,52,2(15),renumbered,concordance_v1.csv + india_code,VERIFIED,template_expansion_from_concordance_row
P7_0177,concordance_v1_internal,52,2(15),renumbered,concordance_v1.csv + india_code,VERIFIED,template_expansion_current_law
P7_0178,concordance_v1_internal,52,2(15),renumbered,concordance_v1.csv + india_code,VERIFIED,template_expansion_current_law
P7_0179,concordance_v1_internal,52,2(15),renumbered,concordance_v1.csv + india_code,VERIFIED,template_expansion_reverse_lookup
P7_0180,concordance_v1_internal,52,2(15),renumbered,concordance_v1.csv + india_code,VERIFIED,template_expansion_reverse_lookup
P7_0181,concordance_v1_internal,52A,2(16),renumbered,concordance_v1.csv + india_code,VERIFIED,template_expansion_from_concordance_row
P7_0182,concordance_v1_internal,52A,2(16),renumbered,concordance_v1.csv + india_code,VERIFIED,template_expansion_from_concordance_row
P7_0183,concordance_v1_internal,52A,2(16),renumbered,concordance_v1.csv + india_code,VERIFIED,template_expansion_from_concordance_row
P7_0184,concordance_v1_internal,52A,2(16),renumbered,concordance_v1.csv + india_code,VERIFIED,template_expansion_current_law
P7_0185,concordance_v1_internal,52A,2(16),renumbered,concordance_v1.csv + india_code,VERIFIED,template_expansion_current_law
P7_0186,concordance_v1_internal,52A,2(16),renumbered,concordance_v1.csv + india_code,VERIFIED,template_expansion_reverse_lookup
P7_0187,concordance_v1_internal,52A,2(16),renumbered,concordance_v1.csv + india_code,VERIFIED,template_expansion_reverse_lookup
P7_0188,concordance_v1_internal,76,14,renumbered,concordance_v1.csv + india_code,VERIFIED,template_expansion_from_concordance_row
P7_0189,concordance_v1_internal,76,14,renumbered,concordance_v1.csv + india_code,VERIFIED,template_expansion_from_concordance_row
P7_0190,concordance_v1_internal,76,14,renumbered,concordance_v1.csv + india_code,VERIFIED,template_expansion_from_concordance_row
P7_0191,concordance_v1_internal,76,14,renumbered,concordance_v1.csv + india_code,VERIFIED,template_expansion_current_law
P7_0192,concordance_v1_internal,76,14,renumbered,concordance_v1.csv + india_code,VERIFIED,template_expansion_current_law
P7_0193,concordance_v1_internal,76,14,renumbered,concordance_v1.csv + india_code,VERIFIED,template_expansion_reverse_lookup
P7_0194,concordance_v1_internal,76,14,renumbered,concordance_v1.csv + india_code,VERIFIED,template_expansion_reverse_lookup
P7_0195,concordance_v1_internal,79,17,renumbered,concordance_v1.csv + india_code,VERIFIED,template_expansion_from_concordance_row
P7_0196,concordance_v1_internal,79,17,renumbered,concordance_v1.csv + india_code,VERIFIED,template_expansion_from_concordance_row
P7_0197,concordance_v1_internal,79,17,renumbered,concordance_v1.csv + india_code,VERIFIED,template_expansion_from_concordance_row
P7_0198,concordance_v1_internal,79,17,renumbered,concordance_v1.csv + india_code,VERIFIED,template_expansion_current_law
P7_0199,concordance_v1_internal,79,17,renumbered,concordance_v1.csv + india_code,VERIFIED,template_expansion_current_law
P7_0200,concordance_v1_internal,79,17,renumbered,concordance_v1.csv + india_code,VERIFIED,template_expansion_reverse_lookup
P7_0201,concordance_v1_internal,79,17,renumbered,concordance_v1.csv + india_code,VERIFIED,template_expansion_reverse_lookup
P7_0202,concordance_v1_internal,80,18,renumbered,concordance_v1.csv + india_code,VERIFIED,template_expansion_from_concordance_row
P7_0203,concordance_v1_internal,80,18,renumbered,concordance_v1.csv + india_code,VERIFIED,template_expansion_from_concordance_row
P7_0204,concordance_v1_internal,80,18,renumbered,concordance_v1.csv + india_code,VERIFIED,template_expansion_from_concordance_row
P7_0205,concordance_v1_internal,80,18,renumbered,concordance_v1.csv + india_code,VERIFIED,template_expansion_current_law
P7_0206,concordance_v1_internal,80,18,renumbered,concordance_v1.csv + india_code,VERIFIED,template_expansion_current_law
P7_0207,concordance_v1_internal,80,18,renumbered,concordance_v1.csv + india_code,VERIFIED,template_expansion_reverse_lookup
P7_0208,concordance_v1_internal,80,18,renumbered,concordance_v1.csv + india_code,VERIFIED,template_expansion_reverse_lookup
P7_0209,concordance_v1_internal,81,19,renumbered,concordance_v1.csv + india_code,VERIFIED,template_expansion_from_concordance_row
P7_0210,concordance_v1_internal,81,19,renumbered,concordance_v1.csv + india_code,VERIFIED,template_expansion_from_concordance_row
P7_0211,concordance_v1_internal,81,19,renumbered,concordance_v1.csv + india_code,VERIFIED,template_expansion_from_concordance_row
P7_0212,concordance_v1_internal,81,19,renumbered,concordance_v1.csv + india_code,VERIFIED,template_expansion_current_law
P7_0213,concordance_v1_internal,81,19,renumbered,concordance_v1.csv + india_code,VERIFIED,template_expansion_current_law
P7_0214,concordance_v1_internal,81,19,renumbered,concordance_v1.csv + india_code,VERIFIED,template_expansion_reverse_lookup
P7_0215,concordance_v1_internal,81,19,renumbered,concordance_v1.csv + india_code,VERIFIED,template_expansion_reverse_lookup
P7_0216,concordance_v1_internal,82,20,renumbered,concordance_v1.csv + india_code,VERIFIED,template_expansion_from_concordance_row
P7_0217,concordance_v1_internal,82,20,renumbered,concordance_v1.csv + india_code,VERIFIED,template_expansion_from_concordance_row
P7_0218,concordance_v1_internal,82,20,renumbered,concordance_v1.csv + india_code,VERIFIED,template_expansion_from_concordance_row
P7_0219,concordance_v1_internal,82,20,renumbered,concordance_v1.csv + india_code,VERIFIED,template_expansion_current_law
P7_0220,concordance_v1_internal,82,20,renumbered,concordance_v1.csv + india_code,VERIFIED,template_expansion_current_law
P7_0221,concordance_v1_internal,82,20,renumbered,concordance_v1.csv + india_code,VERIFIED,template_expansion_reverse_lookup
P7_0222,concordance_v1_internal,82,20,renumbered,concordance_v1.csv + india_code,VERIFIED,template_expansion_reverse_lookup
P7_0223,concordance_v1_internal,83,21,renumbered,concordance_v1.csv + india_code,VERIFIED,template_expansion_from_concordance_row
P7_0224,concordance_v1_internal,83,21,renumbered,concordance_v1.csv + india_code,VERIFIED,template_expansion_from_concordance_row
P7_0225,concordance_v1_internal,83,21,renumbered,concordance_v1.csv + india_code,VERIFIED,template_expansion_from_concordance_row
P7_0226,concordance_v1_internal,83,21,renumbered,concordance_v1.csv + india_code,VERIFIED,template_expansion_current_law
P7_0227,concordance_v1_internal,83,21,renumbered,concordance_v1.csv + india_code,VERIFIED,template_expansion_current_law
P7_0228,concordance_v1_internal,83,21,renumbered,concordance_v1.csv + india_code,VERIFIED,template_expansion_reverse_lookup
P7_0229,concordance_v1_internal,83,21,renumbered,concordance_v1.csv + india_code,VERIFIED,template_expansion_reverse_lookup
P7_0230,concordance_v1_internal,84,22,renumbered,concordance_v1.csv + india_code,VERIFIED,template_expansion_from_concordance_row
P7_0231,concordance_v1_internal,84,22,renumbered,concordance_v1.csv + india_code,VERIFIED,template_expansion_from_concordance_row
P7_0232,concordance_v1_internal,84,22,renumbered,concordance_v1.csv + india_code,VERIFIED,template_expansion_from_concordance_row
P7_0233,concordance_v1_internal,84,22,renumbered,concordance_v1.csv + india_code,VERIFIED,template_expansion_current_law
P7_0234,concordance_v1_internal,84,22,renumbered,concordance_v1.csv + india_code,VERIFIED,template_expansion_current_law
P7_0235,concordance_v1_internal,84,22,renumbered,concordance_v1.csv + india_code,VERIFIED,template_expansion_reverse_lookup
P7_0236,concordance_v1_internal,84,22,renumbered,concordance_v1.csv + india_code,VERIFIED,template_expansion_reverse_lookup
P7_0237,concordance_v1_internal,87,25,renumbered,concordance_v1.csv + india_code,VERIFIED,template_expansion_from_concordance_row
P7_0238,concordance_v1_internal,87,25,renumbered,concordance_v1.csv + india_code,VERIFIED,template_expansion_from_concordance_row
P7_0239,concordance_v1_internal,87,25,renumbered,concordance_v1.csv + india_code,VERIFIED,template_expansion_from_concordance_row
P7_0240,concordance_v1_internal,87,25,renumbered,concordance_v1.csv + india_code,VERIFIED,template_expansion_current_law
P7_0241,concordance_v1_internal,87,25,renumbered,concordance_v1.csv + india_code,VERIFIED,template_expansion_current_law
P7_0242,concordance_v1_internal,87,25,renumbered,concordance_v1.csv + india_code,VERIFIED,template_expansion_reverse_lookup
P7_0243,concordance_v1_internal,87,25,renumbered,concordance_v1.csv + india_code,VERIFIED,template_expansion_reverse_lookup
P7_0244,concordance_v1_internal,96,34,renumbered,concordance_v1.csv + india_code,VERIFIED,template_expansion_from_concordance_row
P7_0245,concordance_v1_internal,96,34,renumbered,concordance_v1.csv + india_code,VERIFIED,template_expansion_from_concordance_row
P7_0246,concordance_v1_internal,96,34,renumbered,concordance_v1.csv + india_code,VERIFIED,template_expansion_from_concordance_row
P7_0247,concordance_v1_internal,96,34,renumbered,concordance_v1.csv + india_code,VERIFIED,template_expansion_current_law
P7_0248,concordance_v1_internal,96,34,renumbered,concordance_v1.csv + india_code,VERIFIED,template_expansion_current_law
P7_0249,concordance_v1_internal,96,34,renumbered,concordance_v1.csv + india_code,VERIFIED,template_expansion_reverse_lookup
P7_0250,concordance_v1_internal,96,34,renumbered,concordance_v1.csv + india_code,VERIFIED,template_expansion_reverse_lookup
P7_0251,concordance_v1_internal,97,35,renumbered,concordance_v1.csv + india_code,VERIFIED,template_expansion_from_concordance_row
P7_0252,concordance_v1_internal,97,35,renumbered,concordance_v1.csv + india_code,VERIFIED,template_expansion_from_concordance_row
P7_0253,concordance_v1_internal,97,35,renumbered,concordance_v1.csv + india_code,VERIFIED,template_expansion_from_concordance_row
P7_0254,concordance_v1_internal,97,35,renumbered,concordance_v1.csv + india_code,VERIFIED,template_expansion_current_law
P7_0255,concordance_v1_internal,97,35,renumbered,concordance_v1.csv + india_code,VERIFIED,template_expansion_current_law
P7_0256,concordance_v1_internal,97,35,renumbered,concordance_v1.csv + india_code,VERIFIED,template_expansion_reverse_lookup
P7_0257,concordance_v1_internal,97,35,renumbered,concordance_v1.csv + india_code,VERIFIED,template_expansion_reverse_lookup
P7_0258,concordance_v1_internal,100,38,renumbered,concordance_v1.csv + india_code,VERIFIED,template_expansion_from_concordance_row
P7_0259,concordance_v1_internal,100,38,renumbered,concordance_v1.csv + india_code,VERIFIED,template_expansion_from_concordance_row
P7_0260,concordance_v1_internal,100,38,renumbered,concordance_v1.csv + india_code,VERIFIED,template_expansion_from_concordance_row
P7_0261,concordance_v1_internal,100,38,renumbered,concordance_v1.csv + india_code,VERIFIED,template_expansion_current_law
P7_0262,concordance_v1_internal,100,38,renumbered,concordance_v1.csv + india_code,VERIFIED,template_expansion_current_law
P7_0263,concordance_v1_internal,100,38,renumbered,concordance_v1.csv + india_code,VERIFIED,template_expansion_reverse_lookup
P7_0264,concordance_v1_internal,100,38,renumbered,concordance_v1.csv + india_code,VERIFIED,template_expansion_reverse_lookup
P7_0265,concordance_v1_internal,107,45,renumbered,concordance_v1.csv + india_code,VERIFIED,template_expansion_from_concordance_row
P7_0266,concordance_v1_internal,107,45,renumbered,concordance_v1.csv + india_code,VERIFIED,template_expansion_from_concordance_row
P7_0267,concordance_v1_internal,107,45,renumbered,concordance_v1.csv + india_code,VERIFIED,template_expansion_from_concordance_row
P7_0268,concordance_v1_internal,107,45,renumbered,concordance_v1.csv + india_code,VERIFIED,template_expansion_current_law
P7_0269,concordance_v1_internal,107,45,renumbered,concordance_v1.csv + india_code,VERIFIED,template_expansion_current_law
P7_0270,concordance_v1_internal,107,45,renumbered,concordance_v1.csv + india_code,VERIFIED,template_expansion_reverse_lookup
P7_0271,concordance_v1_internal,107,45,renumbered,concordance_v1.csv + india_code,VERIFIED,template_expansion_reverse_lookup
P7_0272,concordance_v1_internal,108,46,renumbered,concordance_v1.csv + india_code,VERIFIED,template_expansion_from_concordance_row
P7_0273,concordance_v1_internal,108,46,renumbered,concordance_v1.csv + india_code,VERIFIED,template_expansion_from_concordance_row
P7_0274,concordance_v1_internal,108,46,renumbered,concordance_v1.csv + india_code,VERIFIED,template_expansion_from_concordance_row
P7_0275,concordance_v1_internal,108,46,renumbered,concordance_v1.csv + india_code,VERIFIED,template_expansion_current_law
P7_0276,concordance_v1_internal,108,46,renumbered,concordance_v1.csv + india_code,VERIFIED,template_expansion_current_law
P7_0277,concordance_v1_internal,108,46,renumbered,concordance_v1.csv + india_code,VERIFIED,template_expansion_reverse_lookup
P7_0278,concordance_v1_internal,108,46,renumbered,concordance_v1.csv + india_code,VERIFIED,template_expansion_reverse_lookup
P7_0279,concordance_v1_internal,109,47,renumbered,concordance_v1.csv + india_code,VERIFIED,template_expansion_from_concordance_row
P7_0280,concordance_v1_internal,109,47,renumbered,concordance_v1.csv + india_code,VERIFIED,template_expansion_from_concordance_row
P7_0281,concordance_v1_internal,109,47,renumbered,concordance_v1.csv + india_code,VERIFIED,template_expansion_from_concordance_row
P7_0282,concordance_v1_internal,109,47,renumbered,concordance_v1.csv + india_code,VERIFIED,template_expansion_current_law
P7_0283,concordance_v1_internal,109,47,renumbered,concordance_v1.csv + india_code,VERIFIED,template_expansion_current_law
P7_0284,concordance_v1_internal,109,47,renumbered,concordance_v1.csv + india_code,VERIFIED,template_expansion_reverse_lookup
P7_0285,concordance_v1_internal,109,47,renumbered,concordance_v1.csv + india_code,VERIFIED,template_expansion_reverse_lookup
P7_0286,concordance_v1_internal,114,52,renumbered,concordance_v1.csv + india_code,VERIFIED,template_expansion_from_concordance_row
P7_0287,concordance_v1_internal,114,52,renumbered,concordance_v1.csv + india_code,VERIFIED,template_expansion_from_concordance_row
P7_0288,concordance_v1_internal,114,52,renumbered,concordance_v1.csv + india_code,VERIFIED,template_expansion_from_concordance_row
P7_0289,concordance_v1_internal,114,52,renumbered,concordance_v1.csv + india_code,VERIFIED,template_expansion_current_law
P7_0290,concordance_v1_internal,114,52,renumbered,concordance_v1.csv + india_code,VERIFIED,template_expansion_current_law
P7_0291,concordance_v1_internal,114,52,renumbered,concordance_v1.csv + india_code,VERIFIED,template_expansion_reverse_lookup
P7_0292,concordance_v1_internal,114,52,renumbered,concordance_v1.csv + india_code,VERIFIED,template_expansion_reverse_lookup
P7_0293,concordance_v1_internal,120A,61,renumbered,concordance_v1.csv + india_code,VERIFIED,template_expansion_from_concordance_row
P7_0294,concordance_v1_internal,120A,61,renumbered,concordance_v1.csv + india_code,VERIFIED,template_expansion_from_concordance_row
P7_0295,concordance_v1_internal,120A,61,renumbered,concordance_v1.csv + india_code,VERIFIED,template_expansion_from_concordance_row
P7_0296,concordance_v1_internal,120A,61,renumbered,concordance_v1.csv + india_code,VERIFIED,template_expansion_current_law
P7_0297,concordance_v1_internal,120A,61,renumbered,concordance_v1.csv + india_code,VERIFIED,template_expansion_current_law
P7_0298,concordance_v1_internal,120A,61,renumbered,concordance_v1.csv + india_code,VERIFIED,template_expansion_reverse_lookup
P7_0299,concordance_v1_internal,120A,61,renumbered,concordance_v1.csv + india_code,VERIFIED,template_expansion_reverse_lookup
P7_0300,concordance_v1_internal,120B,61,merged,concordance_v1.csv + india_code,VERIFIED,template_expansion_from_concordance_row
P7_0301,concordance_v1_internal,120B,61,merged,concordance_v1.csv + india_code,VERIFIED,template_expansion_from_concordance_row
P7_0302,concordance_v1_internal,120B,61,merged,concordance_v1.csv + india_code,VERIFIED,template_expansion_from_concordance_row
P7_0303,concordance_v1_internal,120B,61,merged,concordance_v1.csv + india_code,VERIFIED,template_expansion_current_law
P7_0304,concordance_v1_internal,120B,61,merged,concordance_v1.csv + india_code,VERIFIED,template_expansion_current_law
P7_0305,concordance_v1_internal,121,147,renumbered,concordance_v1.csv + india_code,VERIFIED,template_expansion_from_concordance_row
P7_0306,concordance_v1_internal,121,147,renumbered,concordance_v1.csv + india_code,VERIFIED,template_expansion_from_concordance_row
P7_0307,concordance_v1_internal,121,147,renumbered,concordance_v1.csv + india_code,VERIFIED,template_expansion_from_concordance_row
P7_0308,concordance_v1_internal,121,147,renumbered,concordance_v1.csv + india_code,VERIFIED,template_expansion_current_law
P7_0309,concordance_v1_internal,121,147,renumbered,concordance_v1.csv + india_code,VERIFIED,template_expansion_current_law
P7_0310,concordance_v1_internal,121,147,renumbered,concordance_v1.csv + india_code,VERIFIED,template_expansion_reverse_lookup
P7_0311,concordance_v1_internal,121,147,renumbered,concordance_v1.csv + india_code,VERIFIED,template_expansion_reverse_lookup
P7_0312,concordance_v1_internal,124,149,renumbered,concordance_v1.csv + india_code,VERIFIED,template_expansion_from_concordance_row
P7_0313,concordance_v1_internal,124,149,renumbered,concordance_v1.csv + india_code,VERIFIED,template_expansion_from_concordance_row
P7_0314,concordance_v1_internal,124,149,renumbered,concordance_v1.csv + india_code,VERIFIED,template_expansion_from_concordance_row
P7_0315,concordance_v1_internal,124,149,renumbered,concordance_v1.csv + india_code,VERIFIED,template_expansion_current_law
P7_0316,concordance_v1_internal,124,149,renumbered,concordance_v1.csv + india_code,VERIFIED,template_expansion_current_law
P7_0317,concordance_v1_internal,124,149,renumbered,concordance_v1.csv + india_code,VERIFIED,template_expansion_reverse_lookup
P7_0318,concordance_v1_internal,124,149,renumbered,concordance_v1.csv + india_code,VERIFIED,template_expansion_reverse_lookup
P7_0319,concordance_v1_internal,141,189,renumbered,concordance_v1.csv + india_code,VERIFIED,template_expansion_from_concordance_row
P7_0320,concordance_v1_internal,141,189,renumbered,concordance_v1.csv + india_code,VERIFIED,template_expansion_from_concordance_row
P7_0321,concordance_v1_internal,141,189,renumbered,concordance_v1.csv + india_code,VERIFIED,template_expansion_from_concordance_row
P7_0322,concordance_v1_internal,141,189,renumbered,concordance_v1.csv + india_code,VERIFIED,template_expansion_current_law
P7_0323,concordance_v1_internal,141,189,renumbered,concordance_v1.csv + india_code,VERIFIED,template_expansion_current_law
P7_0324,concordance_v1_internal,141,189,renumbered,concordance_v1.csv + india_code,VERIFIED,template_expansion_reverse_lookup
P7_0325,concordance_v1_internal,141,189,renumbered,concordance_v1.csv + india_code,VERIFIED,template_expansion_reverse_lookup
P7_0326,concordance_v1_internal,143,191,renumbered,concordance_v1.csv + india_code,VERIFIED,template_expansion_from_concordance_row
P7_0327,concordance_v1_internal,143,191,renumbered,concordance_v1.csv + india_code,VERIFIED,template_expansion_from_concordance_row
P7_0328,concordance_v1_internal,143,191,renumbered,concordance_v1.csv + india_code,VERIFIED,template_expansion_from_concordance_row
P7_0329,concordance_v1_internal,143,191,renumbered,concordance_v1.csv + india_code,VERIFIED,template_expansion_current_law
P7_0330,concordance_v1_internal,143,191,renumbered,concordance_v1.csv + india_code,VERIFIED,template_expansion_current_law
P7_0331,concordance_v1_internal,143,191,renumbered,concordance_v1.csv + india_code,VERIFIED,template_expansion_reverse_lookup
P7_0332,concordance_v1_internal,143,191,renumbered,concordance_v1.csv + india_code,VERIFIED,template_expansion_reverse_lookup
P7_0333,concordance_v1_internal,146,190,renumbered,concordance_v1.csv + india_code,VERIFIED,template_expansion_from_concordance_row
P7_0334,concordance_v1_internal,146,190,renumbered,concordance_v1.csv + india_code,VERIFIED,template_expansion_from_concordance_row
P7_0335,concordance_v1_internal,146,190,renumbered,concordance_v1.csv + india_code,VERIFIED,template_expansion_from_concordance_row
P7_0336,concordance_v1_internal,146,190,renumbered,concordance_v1.csv + india_code,VERIFIED,template_expansion_current_law
P7_0337,concordance_v1_internal,146,190,renumbered,concordance_v1.csv + india_code,VERIFIED,template_expansion_current_law
P7_0338,concordance_v1_internal,146,190,renumbered,concordance_v1.csv + india_code,VERIFIED,template_expansion_reverse_lookup
P7_0339,concordance_v1_internal,146,190,renumbered,concordance_v1.csv + india_code,VERIFIED,template_expansion_reverse_lookup
P7_0340,concordance_v1_internal,147,194,renumbered,concordance_v1.csv + india_code,VERIFIED,template_expansion_from_concordance_row
P7_0341,concordance_v1_internal,147,194,renumbered,concordance_v1.csv + india_code,VERIFIED,template_expansion_from_concordance_row
P7_0342,concordance_v1_internal,147,194,renumbered,concordance_v1.csv + india_code,VERIFIED,template_expansion_from_concordance_row
P7_0343,concordance_v1_internal,147,194,renumbered,concordance_v1.csv + india_code,VERIFIED,template_expansion_current_law
P7_0344,concordance_v1_internal,147,194,renumbered,concordance_v1.csv + india_code,VERIFIED,template_expansion_current_law
P7_0345,concordance_v1_internal,147,194,renumbered,concordance_v1.csv + india_code,VERIFIED,template_expansion_reverse_lookup
P7_0346,concordance_v1_internal,147,194,renumbered,concordance_v1.csv + india_code,VERIFIED,template_expansion_reverse_lookup
P7_0347,concordance_v1_internal,148,195,renumbered,concordance_v1.csv + india_code,VERIFIED,template_expansion_from_concordance_row
P7_0348,concordance_v1_internal,148,195,renumbered,concordance_v1.csv + india_code,VERIFIED,template_expansion_from_concordance_row
P7_0349,concordance_v1_internal,148,195,renumbered,concordance_v1.csv + india_code,VERIFIED,template_expansion_from_concordance_row
P7_0350,concordance_v1_internal,148,195,renumbered,concordance_v1.csv + india_code,VERIFIED,template_expansion_current_law
P7_0351,concordance_v1_internal,148,195,renumbered,concordance_v1.csv + india_code,VERIFIED,template_expansion_current_law
P7_0352,concordance_v1_internal,148,195,renumbered,concordance_v1.csv + india_code,VERIFIED,template_expansion_reverse_lookup
P7_0353,concordance_v1_internal,148,195,renumbered,concordance_v1.csv + india_code,VERIFIED,template_expansion_reverse_lookup
P7_0354,concordance_v1_internal,153A,196,modified,concordance_v1.csv + india_code,VERIFIED,template_expansion_from_concordance_row
P7_0355,concordance_v1_internal,153A,196,modified,concordance_v1.csv + india_code,VERIFIED,template_expansion_from_concordance_row
P7_0356,concordance_v1_internal,153A,196,modified,concordance_v1.csv + india_code,VERIFIED,template_expansion_from_concordance_row
P7_0357,concordance_v1_internal,153A,196,modified,concordance_v1.csv + india_code,VERIFIED,template_expansion_current_law
P7_0358,concordance_v1_internal,153A,196,modified,concordance_v1.csv + india_code,VERIFIED,template_expansion_current_law
P7_0359,concordance_v1_internal,153A,196,modified,concordance_v1.csv + india_code,VERIFIED,template_expansion_reverse_lookup
P7_0360,concordance_v1_internal,153A,196,modified,concordance_v1.csv + india_code,VERIFIED,template_expansion_reverse_lookup
P7_0361,concordance_v1_internal,171B,170,renumbered,concordance_v1.csv + india_code,VERIFIED,template_expansion_from_concordance_row
P7_0362,concordance_v1_internal,171B,170,renumbered,concordance_v1.csv + india_code,VERIFIED,template_expansion_from_concordance_row
P7_0363,concordance_v1_internal,171B,170,renumbered,concordance_v1.csv + india_code,VERIFIED,template_expansion_from_concordance_row
P7_0364,concordance_v1_internal,171B,170,renumbered,concordance_v1.csv + india_code,VERIFIED,template_expansion_current_law
P7_0365,concordance_v1_internal,171B,170,renumbered,concordance_v1.csv + india_code,VERIFIED,template_expansion_current_law
P7_0366,concordance_v1_internal,171B,170,renumbered,concordance_v1.csv + india_code,VERIFIED,template_expansion_reverse_lookup
P7_0367,concordance_v1_internal,171B,170,renumbered,concordance_v1.csv + india_code,VERIFIED,template_expansion_reverse_lookup
P7_0368,concordance_v1_internal,186,220,renumbered,concordance_v1.csv + india_code,VERIFIED,template_expansion_from_concordance_row
P7_0369,concordance_v1_internal,186,220,renumbered,concordance_v1.csv + india_code,VERIFIED,template_expansion_from_concordance_row
P7_0370,concordance_v1_internal,186,220,renumbered,concordance_v1.csv + india_code,VERIFIED,template_expansion_from_concordance_row
P7_0371,concordance_v1_internal,186,220,renumbered,concordance_v1.csv + india_code,VERIFIED,template_expansion_current_law
P7_0372,concordance_v1_internal,186,220,renumbered,concordance_v1.csv + india_code,VERIFIED,template_expansion_current_law
P7_0373,concordance_v1_internal,186,220,renumbered,concordance_v1.csv + india_code,VERIFIED,template_expansion_reverse_lookup
P7_0374,concordance_v1_internal,186,220,renumbered,concordance_v1.csv + india_code,VERIFIED,template_expansion_reverse_lookup
P7_0375,concordance_v1_internal,191,229,renumbered,concordance_v1.csv + india_code,VERIFIED,template_expansion_from_concordance_row
P7_0376,concordance_v1_internal,191,229,renumbered,concordance_v1.csv + india_code,VERIFIED,template_expansion_from_concordance_row
P7_0377,concordance_v1_internal,191,229,renumbered,concordance_v1.csv + india_code,VERIFIED,template_expansion_from_concordance_row
P7_0378,concordance_v1_internal,191,229,renumbered,concordance_v1.csv + india_code,VERIFIED,template_expansion_current_law
P7_0379,concordance_v1_internal,191,229,renumbered,concordance_v1.csv + india_code,VERIFIED,template_expansion_current_law
P7_0380,concordance_v1_internal,191,229,renumbered,concordance_v1.csv + india_code,VERIFIED,template_expansion_reverse_lookup
P7_0381,concordance_v1_internal,191,229,renumbered,concordance_v1.csv + india_code,VERIFIED,template_expansion_reverse_lookup
P7_0382,concordance_v1_internal,193,230,renumbered,concordance_v1.csv + india_code,VERIFIED,template_expansion_from_concordance_row
P7_0383,concordance_v1_internal,193,230,renumbered,concordance_v1.csv + india_code,VERIFIED,template_expansion_from_concordance_row
P7_0384,concordance_v1_internal,193,230,renumbered,concordance_v1.csv + india_code,VERIFIED,template_expansion_from_concordance_row
P7_0385,concordance_v1_internal,193,230,renumbered,concordance_v1.csv + india_code,VERIFIED,template_expansion_current_law
P7_0386,concordance_v1_internal,193,230,renumbered,concordance_v1.csv + india_code,VERIFIED,template_expansion_current_law
P7_0387,concordance_v1_internal,193,230,renumbered,concordance_v1.csv + india_code,VERIFIED,template_expansion_reverse_lookup
P7_0388,concordance_v1_internal,193,230,renumbered,concordance_v1.csv + india_code,VERIFIED,template_expansion_reverse_lookup
P7_0389,concordance_v1_internal,195,232,renumbered,concordance_v1.csv + india_code,VERIFIED,template_expansion_from_concordance_row
P7_0390,concordance_v1_internal,195,232,renumbered,concordance_v1.csv + india_code,VERIFIED,template_expansion_from_concordance_row
P7_0391,concordance_v1_internal,195,232,renumbered,concordance_v1.csv + india_code,VERIFIED,template_expansion_from_concordance_row
P7_0392,concordance_v1_internal,195,232,renumbered,concordance_v1.csv + india_code,VERIFIED,template_expansion_current_law
P7_0393,concordance_v1_internal,195,232,renumbered,concordance_v1.csv + india_code,VERIFIED,template_expansion_current_law
P7_0394,concordance_v1_internal,195,232,renumbered,concordance_v1.csv + india_code,VERIFIED,template_expansion_reverse_lookup
P7_0395,concordance_v1_internal,195,232,renumbered,concordance_v1.csv + india_code,VERIFIED,template_expansion_reverse_lookup
P7_0396,concordance_v1_internal,211,248,renumbered,concordance_v1.csv + india_code,VERIFIED,template_expansion_from_concordance_row
P7_0397,concordance_v1_internal,211,248,renumbered,concordance_v1.csv + india_code,VERIFIED,template_expansion_from_concordance_row
P7_0398,concordance_v1_internal,211,248,renumbered,concordance_v1.csv + india_code,VERIFIED,template_expansion_from_concordance_row
P7_0399,concordance_v1_internal,211,248,renumbered,concordance_v1.csv + india_code,VERIFIED,template_expansion_current_law
P7_0400,concordance_v1_internal,211,248,renumbered,concordance_v1.csv + india_code,VERIFIED,template_expansion_current_law
P7_0401,concordance_v1_internal,211,248,renumbered,concordance_v1.csv + india_code,VERIFIED,template_expansion_reverse_lookup
P7_0402,concordance_v1_internal,211,248,renumbered,concordance_v1.csv + india_code,VERIFIED,template_expansion_reverse_lookup
P7_0403,concordance_v1_internal,224,260,renumbered,concordance_v1.csv + india_code,VERIFIED,template_expansion_from_concordance_row
P7_0404,concordance_v1_internal,224,260,renumbered,concordance_v1.csv + india_code,VERIFIED,template_expansion_from_concordance_row
P7_0405,concordance_v1_internal,224,260,renumbered,concordance_v1.csv + india_code,VERIFIED,template_expansion_from_concordance_row
P7_0406,concordance_v1_internal,224,260,renumbered,concordance_v1.csv + india_code,VERIFIED,template_expansion_current_law
P7_0407,concordance_v1_internal,224,260,renumbered,concordance_v1.csv + india_code,VERIFIED,template_expansion_current_law
P7_0408,concordance_v1_internal,224,260,renumbered,concordance_v1.csv + india_code,VERIFIED,template_expansion_reverse_lookup
P7_0409,concordance_v1_internal,224,260,renumbered,concordance_v1.csv + india_code,VERIFIED,template_expansion_reverse_lookup
P7_0410,concordance_v1_internal,228,264,renumbered,concordance_v1.csv + india_code,VERIFIED,template_expansion_from_concordance_row
P7_0411,concordance_v1_internal,228,264,renumbered,concordance_v1.csv + india_code,VERIFIED,template_expansion_from_concordance_row
P7_0412,concordance_v1_internal,228,264,renumbered,concordance_v1.csv + india_code,VERIFIED,template_expansion_from_concordance_row
P7_0413,concordance_v1_internal,228,264,renumbered,concordance_v1.csv + india_code,VERIFIED,template_expansion_current_law
P7_0414,concordance_v1_internal,228,264,renumbered,concordance_v1.csv + india_code,VERIFIED,template_expansion_current_law
P7_0415,concordance_v1_internal,228,264,renumbered,concordance_v1.csv + india_code,VERIFIED,template_expansion_reverse_lookup
P7_0416,concordance_v1_internal,228,264,renumbered,concordance_v1.csv + india_code,VERIFIED,template_expansion_reverse_lookup
P7_0417,concordance_v1_internal,268,271,renumbered,concordance_v1.csv + india_code,VERIFIED,template_expansion_from_concordance_row
P7_0418,concordance_v1_internal,268,271,renumbered,concordance_v1.csv + india_code,VERIFIED,template_expansion_from_concordance_row
P7_0419,concordance_v1_internal,268,271,renumbered,concordance_v1.csv + india_code,VERIFIED,template_expansion_from_concordance_row
P7_0420,concordance_v1_internal,268,271,renumbered,concordance_v1.csv + india_code,VERIFIED,template_expansion_current_law
P7_0421,concordance_v1_internal,268,271,renumbered,concordance_v1.csv + india_code,VERIFIED,template_expansion_current_law
P7_0422,concordance_v1_internal,268,271,renumbered,concordance_v1.csv + india_code,VERIFIED,template_expansion_reverse_lookup
P7_0423,concordance_v1_internal,268,271,renumbered,concordance_v1.csv + india_code,VERIFIED,template_expansion_reverse_lookup
P7_0424,concordance_v1_internal,269,272,renumbered,concordance_v1.csv + india_code,VERIFIED,template_expansion_from_concordance_row
P7_0425,concordance_v1_internal,269,272,renumbered,concordance_v1.csv + india_code,VERIFIED,template_expansion_from_concordance_row
P7_0426,concordance_v1_internal,269,272,renumbered,concordance_v1.csv + india_code,VERIFIED,template_expansion_from_concordance_row
P7_0427,concordance_v1_internal,269,272,renumbered,concordance_v1.csv + india_code,VERIFIED,template_expansion_current_law
P7_0428,concordance_v1_internal,269,272,renumbered,concordance_v1.csv + india_code,VERIFIED,template_expansion_current_law
P7_0429,concordance_v1_internal,269,272,renumbered,concordance_v1.csv + india_code,VERIFIED,template_expansion_reverse_lookup
P7_0430,concordance_v1_internal,269,272,renumbered,concordance_v1.csv + india_code,VERIFIED,template_expansion_reverse_lookup
P7_0431,concordance_v1_internal,270,273,renumbered,concordance_v1.csv + india_code,VERIFIED,template_expansion_from_concordance_row
P7_0432,concordance_v1_internal,270,273,renumbered,concordance_v1.csv + india_code,VERIFIED,template_expansion_from_concordance_row
P7_0433,concordance_v1_internal,270,273,renumbered,concordance_v1.csv + india_code,VERIFIED,template_expansion_from_concordance_row
P7_0434,concordance_v1_internal,270,273,renumbered,concordance_v1.csv + india_code,VERIFIED,template_expansion_current_law
P7_0435,concordance_v1_internal,270,273,renumbered,concordance_v1.csv + india_code,VERIFIED,template_expansion_current_law
P7_0436,concordance_v1_internal,270,273,renumbered,concordance_v1.csv + india_code,VERIFIED,template_expansion_reverse_lookup
P7_0437,concordance_v1_internal,270,273,renumbered,concordance_v1.csv + india_code,VERIFIED,template_expansion_reverse_lookup
P7_0438,concordance_v1_internal,279,281,renumbered,concordance_v1.csv + india_code,VERIFIED,template_expansion_from_concordance_row
P7_0439,concordance_v1_internal,279,281,renumbered,concordance_v1.csv + india_code,VERIFIED,template_expansion_from_concordance_row
P7_0440,concordance_v1_internal,279,281,renumbered,concordance_v1.csv + india_code,VERIFIED,template_expansion_from_concordance_row
P7_0441,concordance_v1_internal,279,281,renumbered,concordance_v1.csv + india_code,VERIFIED,template_expansion_current_law
P7_0442,concordance_v1_internal,279,281,renumbered,concordance_v1.csv + india_code,VERIFIED,template_expansion_current_law
P7_0443,concordance_v1_internal,279,281,renumbered,concordance_v1.csv + india_code,VERIFIED,template_expansion_reverse_lookup
P7_0444,concordance_v1_internal,279,281,renumbered,concordance_v1.csv + india_code,VERIFIED,template_expansion_reverse_lookup
P7_0445,concordance_v1_internal,292,294,modified,concordance_v1.csv + india_code,VERIFIED,template_expansion_from_concordance_row
P7_0446,concordance_v1_internal,292,294,modified,concordance_v1.csv + india_code,VERIFIED,template_expansion_from_concordance_row
P7_0447,concordance_v1_internal,292,294,modified,concordance_v1.csv + india_code,VERIFIED,template_expansion_from_concordance_row
P7_0448,concordance_v1_internal,292,294,modified,concordance_v1.csv + india_code,VERIFIED,template_expansion_current_law
P7_0449,concordance_v1_internal,292,294,modified,concordance_v1.csv + india_code,VERIFIED,template_expansion_current_law
P7_0450,concordance_v1_internal,292,294,modified,concordance_v1.csv + india_code,VERIFIED,template_expansion_reverse_lookup
P7_0451,concordance_v1_internal,292,294,modified,concordance_v1.csv + india_code,VERIFIED,template_expansion_reverse_lookup
P7_0452,concordance_v1_internal,295A,299,renumbered,concordance_v1.csv + india_code,VERIFIED,template_expansion_from_concordance_row
P7_0453,concordance_v1_internal,295A,299,renumbered,concordance_v1.csv + india_code,VERIFIED,template_expansion_from_concordance_row
P7_0454,concordance_v1_internal,295A,299,renumbered,concordance_v1.csv + india_code,VERIFIED,template_expansion_from_concordance_row
P7_0455,concordance_v1_internal,295A,299,renumbered,concordance_v1.csv + india_code,VERIFIED,template_expansion_current_law
P7_0456,concordance_v1_internal,295A,299,renumbered,concordance_v1.csv + india_code,VERIFIED,template_expansion_current_law
P7_0457,concordance_v1_internal,295A,299,renumbered,concordance_v1.csv + india_code,VERIFIED,template_expansion_reverse_lookup
P7_0458,concordance_v1_internal,295A,299,renumbered,concordance_v1.csv + india_code,VERIFIED,template_expansion_reverse_lookup
P7_0459,concordance_v1_internal,299,100,renumbered,concordance_v1.csv + india_code,VERIFIED,template_expansion_from_concordance_row
P7_0460,concordance_v1_internal,299,100,renumbered,concordance_v1.csv + india_code,VERIFIED,template_expansion_from_concordance_row
P7_0461,concordance_v1_internal,299,100,renumbered,concordance_v1.csv + india_code,VERIFIED,template_expansion_from_concordance_row
P7_0462,concordance_v1_internal,299,100,renumbered,concordance_v1.csv + india_code,VERIFIED,template_expansion_current_law
P7_0463,concordance_v1_internal,299,100,renumbered,concordance_v1.csv + india_code,VERIFIED,template_expansion_current_law
P7_0464,concordance_v1_internal,299,100,renumbered,concordance_v1.csv + india_code,VERIFIED,template_expansion_reverse_lookup
P7_0465,concordance_v1_internal,299,100,renumbered,concordance_v1.csv + india_code,VERIFIED,template_expansion_reverse_lookup
P7_0466,concordance_v1_internal,300,101,renumbered,concordance_v1.csv + india_code,VERIFIED,template_expansion_from_concordance_row
P7_0467,concordance_v1_internal,300,101,renumbered,concordance_v1.csv + india_code,VERIFIED,template_expansion_from_concordance_row
P7_0468,concordance_v1_internal,300,101,renumbered,concordance_v1.csv + india_code,VERIFIED,template_expansion_from_concordance_row
P7_0469,concordance_v1_internal,300,101,renumbered,concordance_v1.csv + india_code,VERIFIED,template_expansion_current_law
P7_0470,concordance_v1_internal,300,101,renumbered,concordance_v1.csv + india_code,VERIFIED,template_expansion_current_law
P7_0471,concordance_v1_internal,300,101,renumbered,concordance_v1.csv + india_code,VERIFIED,template_expansion_reverse_lookup
P7_0472,concordance_v1_internal,300,101,renumbered,concordance_v1.csv + india_code,VERIFIED,template_expansion_reverse_lookup
P7_0473,concordance_v1_internal,301,102,renumbered,concordance_v1.csv + india_code,VERIFIED,template_expansion_from_concordance_row
P7_0474,concordance_v1_internal,301,102,renumbered,concordance_v1.csv + india_code,VERIFIED,template_expansion_from_concordance_row
P7_0475,concordance_v1_internal,301,102,renumbered,concordance_v1.csv + india_code,VERIFIED,template_expansion_from_concordance_row
P7_0476,concordance_v1_internal,301,102,renumbered,concordance_v1.csv + india_code,VERIFIED,template_expansion_current_law
P7_0477,concordance_v1_internal,301,102,renumbered,concordance_v1.csv + india_code,VERIFIED,template_expansion_current_law
P7_0478,concordance_v1_internal,301,102,renumbered,concordance_v1.csv + india_code,VERIFIED,template_expansion_reverse_lookup
P7_0479,concordance_v1_internal,301,102,renumbered,concordance_v1.csv + india_code,VERIFIED,template_expansion_reverse_lookup
P7_0480,concordance_v1_internal,302,103,renumbered,concordance_v1.csv + india_code,VERIFIED,template_expansion_from_concordance_row
P7_0481,concordance_v1_internal,302,103,renumbered,concordance_v1.csv + india_code,VERIFIED,template_expansion_from_concordance_row
P7_0482,concordance_v1_internal,302,103,renumbered,concordance_v1.csv + india_code,VERIFIED,template_expansion_from_concordance_row
P7_0483,concordance_v1_internal,302,103,renumbered,concordance_v1.csv + india_code,VERIFIED,template_expansion_current_law
P7_0484,concordance_v1_internal,302,103,renumbered,concordance_v1.csv + india_code,VERIFIED,template_expansion_current_law
P7_0485,concordance_v1_internal,302,103,renumbered,concordance_v1.csv + india_code,VERIFIED,template_expansion_reverse_lookup
P7_0486,concordance_v1_internal,302,103,renumbered,concordance_v1.csv + india_code,VERIFIED,template_expansion_reverse_lookup
P7_0487,concordance_v1_internal,304,105,renumbered,concordance_v1.csv + india_code,VERIFIED,template_expansion_from_concordance_row
P7_0488,concordance_v1_internal,304,105,renumbered,concordance_v1.csv + india_code,VERIFIED,template_expansion_from_concordance_row
P7_0489,concordance_v1_internal,304,105,renumbered,concordance_v1.csv + india_code,VERIFIED,template_expansion_from_concordance_row
P7_0490,concordance_v1_internal,304,105,renumbered,concordance_v1.csv + india_code,VERIFIED,template_expansion_current_law
P7_0491,concordance_v1_internal,304,105,renumbered,concordance_v1.csv + india_code,VERIFIED,template_expansion_current_law
P7_0492,concordance_v1_internal,304,105,renumbered,concordance_v1.csv + india_code,VERIFIED,template_expansion_reverse_lookup
P7_0493,concordance_v1_internal,304,105,renumbered,concordance_v1.csv + india_code,VERIFIED,template_expansion_reverse_lookup
P7_0494,concordance_v1_internal,304A,106,modified,concordance_v1.csv + india_code,VERIFIED,template_expansion_from_concordance_row
P7_0495,concordance_v1_internal,304A,106,modified,concordance_v1.csv + india_code,VERIFIED,template_expansion_from_concordance_row
P7_0496,concordance_v1_internal,304A,106,modified,concordance_v1.csv + india_code,VERIFIED,template_expansion_from_concordance_row
P7_0497,concordance_v1_internal,304A,106,modified,concordance_v1.csv + india_code,VERIFIED,template_expansion_current_law
P7_0498,concordance_v1_internal,304A,106,modified,concordance_v1.csv + india_code,VERIFIED,template_expansion_current_law
P7_0499,concordance_v1_internal,304A,106,modified,concordance_v1.csv + india_code,VERIFIED,template_expansion_reverse_lookup
P7_0500,concordance_v1_internal,304A,106,modified,concordance_v1.csv + india_code,VERIFIED,template_expansion_reverse_lookup
P7_0501,concordance_v1_internal,304B,80,renumbered,concordance_v1.csv + india_code,VERIFIED,template_expansion_from_concordance_row
P7_0502,concordance_v1_internal,304B,80,renumbered,concordance_v1.csv + india_code,VERIFIED,template_expansion_from_concordance_row
P7_0503,concordance_v1_internal,304B,80,renumbered,concordance_v1.csv + india_code,VERIFIED,template_expansion_from_concordance_row
P7_0504,concordance_v1_internal,304B,80,renumbered,concordance_v1.csv + india_code,VERIFIED,template_expansion_current_law
P7_0505,concordance_v1_internal,304B,80,renumbered,concordance_v1.csv + india_code,VERIFIED,template_expansion_current_law
P7_0506,concordance_v1_internal,304B,80,renumbered,concordance_v1.csv + india_code,VERIFIED,template_expansion_reverse_lookup
P7_0507,concordance_v1_internal,304B,80,renumbered,concordance_v1.csv + india_code,VERIFIED,template_expansion_reverse_lookup
P7_0508,concordance_v1_internal,306,108,renumbered,concordance_v1.csv + india_code,VERIFIED,template_expansion_from_concordance_row
P7_0509,concordance_v1_internal,306,108,renumbered,concordance_v1.csv + india_code,VERIFIED,template_expansion_from_concordance_row
P7_0510,concordance_v1_internal,306,108,renumbered,concordance_v1.csv + india_code,VERIFIED,template_expansion_from_concordance_row
P7_0511,concordance_v1_internal,306,108,renumbered,concordance_v1.csv + india_code,VERIFIED,template_expansion_current_law
P7_0512,concordance_v1_internal,306,108,renumbered,concordance_v1.csv + india_code,VERIFIED,template_expansion_current_law
P7_0513,concordance_v1_internal,306,108,renumbered,concordance_v1.csv + india_code,VERIFIED,template_expansion_reverse_lookup
P7_0514,concordance_v1_internal,306,108,renumbered,concordance_v1.csv + india_code,VERIFIED,template_expansion_reverse_lookup
P7_0515,concordance_v1_internal,307,109,renumbered,concordance_v1.csv + india_code,VERIFIED,template_expansion_from_concordance_row
P7_0516,concordance_v1_internal,307,109,renumbered,concordance_v1.csv + india_code,VERIFIED,template_expansion_from_concordance_row
P7_0517,concordance_v1_internal,307,109,renumbered,concordance_v1.csv + india_code,VERIFIED,template_expansion_from_concordance_row
P7_0518,concordance_v1_internal,307,109,renumbered,concordance_v1.csv + india_code,VERIFIED,template_expansion_current_law
P7_0519,concordance_v1_internal,307,109,renumbered,concordance_v1.csv + india_code,VERIFIED,template_expansion_current_law
P7_0520,concordance_v1_internal,307,109,renumbered,concordance_v1.csv + india_code,VERIFIED,template_expansion_reverse_lookup
P7_0521,concordance_v1_internal,307,109,renumbered,concordance_v1.csv + india_code,VERIFIED,template_expansion_reverse_lookup
P7_0522,concordance_v1_internal,308,110,renumbered,concordance_v1.csv + india_code,VERIFIED,template_expansion_from_concordance_row
P7_0523,concordance_v1_internal,308,110,renumbered,concordance_v1.csv + india_code,VERIFIED,template_expansion_from_concordance_row
P7_0524,concordance_v1_internal,308,110,renumbered,concordance_v1.csv + india_code,VERIFIED,template_expansion_from_concordance_row
P7_0525,concordance_v1_internal,308,110,renumbered,concordance_v1.csv + india_code,VERIFIED,template_expansion_current_law
P7_0526,concordance_v1_internal,308,110,renumbered,concordance_v1.csv + india_code,VERIFIED,template_expansion_current_law
P7_0527,concordance_v1_internal,308,110,renumbered,concordance_v1.csv + india_code,VERIFIED,template_expansion_reverse_lookup
P7_0528,concordance_v1_internal,308,110,renumbered,concordance_v1.csv + india_code,VERIFIED,template_expansion_reverse_lookup
P7_0529,concordance_v1_internal,312,88,renumbered,concordance_v1.csv + india_code,VERIFIED,template_expansion_from_concordance_row
P7_0530,concordance_v1_internal,312,88,renumbered,concordance_v1.csv + india_code,VERIFIED,template_expansion_from_concordance_row
P7_0531,concordance_v1_internal,312,88,renumbered,concordance_v1.csv + india_code,VERIFIED,template_expansion_from_concordance_row
P7_0532,concordance_v1_internal,312,88,renumbered,concordance_v1.csv + india_code,VERIFIED,template_expansion_current_law
P7_0533,concordance_v1_internal,312,88,renumbered,concordance_v1.csv + india_code,VERIFIED,template_expansion_current_law
P7_0534,concordance_v1_internal,312,88,renumbered,concordance_v1.csv + india_code,VERIFIED,template_expansion_reverse_lookup
P7_0535,concordance_v1_internal,312,88,renumbered,concordance_v1.csv + india_code,VERIFIED,template_expansion_reverse_lookup
P7_0536,concordance_v1_internal,319,114,renumbered,concordance_v1.csv + india_code,VERIFIED,template_expansion_from_concordance_row
P7_0537,concordance_v1_internal,319,114,renumbered,concordance_v1.csv + india_code,VERIFIED,template_expansion_from_concordance_row
P7_0538,concordance_v1_internal,319,114,renumbered,concordance_v1.csv + india_code,VERIFIED,template_expansion_from_concordance_row
P7_0539,concordance_v1_internal,319,114,renumbered,concordance_v1.csv + india_code,VERIFIED,template_expansion_current_law
P7_0540,concordance_v1_internal,319,114,renumbered,concordance_v1.csv + india_code,VERIFIED,template_expansion_current_law
P7_0541,concordance_v1_internal,319,114,renumbered,concordance_v1.csv + india_code,VERIFIED,template_expansion_reverse_lookup
P7_0542,concordance_v1_internal,319,114,renumbered,concordance_v1.csv + india_code,VERIFIED,template_expansion_reverse_lookup
P7_0543,concordance_v1_internal,320,115,renumbered,concordance_v1.csv + india_code,VERIFIED,template_expansion_from_concordance_row
P7_0544,concordance_v1_internal,320,115,renumbered,concordance_v1.csv + india_code,VERIFIED,template_expansion_from_concordance_row
P7_0545,concordance_v1_internal,320,115,renumbered,concordance_v1.csv + india_code,VERIFIED,template_expansion_from_concordance_row
P7_0546,concordance_v1_internal,320,115,renumbered,concordance_v1.csv + india_code,VERIFIED,template_expansion_current_law
P7_0547,concordance_v1_internal,320,115,renumbered,concordance_v1.csv + india_code,VERIFIED,template_expansion_current_law
P7_0548,concordance_v1_internal,320,115,renumbered,concordance_v1.csv + india_code,VERIFIED,template_expansion_reverse_lookup
P7_0549,concordance_v1_internal,320,115,renumbered,concordance_v1.csv + india_code,VERIFIED,template_expansion_reverse_lookup
P7_0550,concordance_v1_internal,321,115,renumbered,concordance_v1.csv + india_code,VERIFIED,template_expansion_from_concordance_row
P7_0551,concordance_v1_internal,321,115,renumbered,concordance_v1.csv + india_code,VERIFIED,template_expansion_from_concordance_row
P7_0552,concordance_v1_internal,321,115,renumbered,concordance_v1.csv + india_code,VERIFIED,template_expansion_from_concordance_row
P7_0553,concordance_v1_internal,321,115,renumbered,concordance_v1.csv + india_code,VERIFIED,template_expansion_current_law
P7_0554,concordance_v1_internal,321,115,renumbered,concordance_v1.csv + india_code,VERIFIED,template_expansion_current_law
P7_0555,concordance_v1_internal,322,117,renumbered,concordance_v1.csv + india_code,VERIFIED,template_expansion_from_concordance_row
P7_0556,concordance_v1_internal,322,117,renumbered,concordance_v1.csv + india_code,VERIFIED,template_expansion_from_concordance_row
P7_0557,concordance_v1_internal,322,117,renumbered,concordance_v1.csv + india_code,VERIFIED,template_expansion_from_concordance_row
P7_0558,concordance_v1_internal,322,117,renumbered,concordance_v1.csv + india_code,VERIFIED,template_expansion_current_law
P7_0559,concordance_v1_internal,322,117,renumbered,concordance_v1.csv + india_code,VERIFIED,template_expansion_current_law
P7_0560,concordance_v1_internal,322,117,renumbered,concordance_v1.csv + india_code,VERIFIED,template_expansion_reverse_lookup
P7_0561,concordance_v1_internal,322,117,renumbered,concordance_v1.csv + india_code,VERIFIED,template_expansion_reverse_lookup
P7_0562,concordance_v1_internal,323,115,renumbered,concordance_v1.csv + india_code,VERIFIED,template_expansion_from_concordance_row
P7_0563,concordance_v1_internal,323,115,renumbered,concordance_v1.csv + india_code,VERIFIED,template_expansion_from_concordance_row
P7_0564,concordance_v1_internal,323,115,renumbered,concordance_v1.csv + india_code,VERIFIED,template_expansion_from_concordance_row
P7_0565,concordance_v1_internal,323,115,renumbered,concordance_v1.csv + india_code,VERIFIED,template_expansion_current_law
P7_0566,concordance_v1_internal,323,115,renumbered,concordance_v1.csv + india_code,VERIFIED,template_expansion_current_law
P7_0567,concordance_v1_internal,324,118,renumbered,concordance_v1.csv + india_code,VERIFIED,template_expansion_from_concordance_row
P7_0568,concordance_v1_internal,324,118,renumbered,concordance_v1.csv + india_code,VERIFIED,template_expansion_from_concordance_row
P7_0569,concordance_v1_internal,324,118,renumbered,concordance_v1.csv + india_code,VERIFIED,template_expansion_from_concordance_row
P7_0570,concordance_v1_internal,324,118,renumbered,concordance_v1.csv + india_code,VERIFIED,template_expansion_current_law
P7_0571,concordance_v1_internal,324,118,renumbered,concordance_v1.csv + india_code,VERIFIED,template_expansion_current_law
P7_0572,concordance_v1_internal,324,118,renumbered,concordance_v1.csv + india_code,VERIFIED,template_expansion_reverse_lookup
P7_0573,concordance_v1_internal,324,118,renumbered,concordance_v1.csv + india_code,VERIFIED,template_expansion_reverse_lookup
P7_0574,concordance_v1_internal,326,118,renumbered,concordance_v1.csv + india_code,VERIFIED,template_expansion_from_concordance_row
P7_0575,concordance_v1_internal,326,118,renumbered,concordance_v1.csv + india_code,VERIFIED,template_expansion_from_concordance_row
P7_0576,concordance_v1_internal,326,118,renumbered,concordance_v1.csv + india_code,VERIFIED,template_expansion_from_concordance_row
P7_0577,concordance_v1_internal,326,118,renumbered,concordance_v1.csv + india_code,VERIFIED,template_expansion_current_law
P7_0578,concordance_v1_internal,326,118,renumbered,concordance_v1.csv + india_code,VERIFIED,template_expansion_current_law
P7_0579,concordance_v1_internal,354,74,renumbered,concordance_v1.csv + india_code,VERIFIED,template_expansion_from_concordance_row
P7_0580,concordance_v1_internal,354,74,renumbered,concordance_v1.csv + india_code,VERIFIED,template_expansion_from_concordance_row
P7_0581,concordance_v1_internal,354,74,renumbered,concordance_v1.csv + india_code,VERIFIED,template_expansion_from_concordance_row
P7_0582,concordance_v1_internal,354,74,renumbered,concordance_v1.csv + india_code,VERIFIED,template_expansion_current_law
P7_0583,concordance_v1_internal,354,74,renumbered,concordance_v1.csv + india_code,VERIFIED,template_expansion_current_law
P7_0584,concordance_v1_internal,354,74,renumbered,concordance_v1.csv + india_code,VERIFIED,template_expansion_reverse_lookup
P7_0585,concordance_v1_internal,354,74,renumbered,concordance_v1.csv + india_code,VERIFIED,template_expansion_reverse_lookup
P7_0586,concordance_v1_internal,354A,75,renumbered,concordance_v1.csv + india_code,VERIFIED,template_expansion_from_concordance_row
P7_0587,concordance_v1_internal,354A,75,renumbered,concordance_v1.csv + india_code,VERIFIED,template_expansion_from_concordance_row
P7_0588,concordance_v1_internal,354A,75,renumbered,concordance_v1.csv + india_code,VERIFIED,template_expansion_from_concordance_row
P7_0589,concordance_v1_internal,354A,75,renumbered,concordance_v1.csv + india_code,VERIFIED,template_expansion_current_law
P7_0590,concordance_v1_internal,354A,75,renumbered,concordance_v1.csv + india_code,VERIFIED,template_expansion_current_law
P7_0591,concordance_v1_internal,354A,75,renumbered,concordance_v1.csv + india_code,VERIFIED,template_expansion_reverse_lookup
P7_0592,concordance_v1_internal,354A,75,renumbered,concordance_v1.csv + india_code,VERIFIED,template_expansion_reverse_lookup
P7_0593,concordance_v1_internal,354B,76,renumbered,concordance_v1.csv + india_code,VERIFIED,template_expansion_from_concordance_row
P7_0594,concordance_v1_internal,354B,76,renumbered,concordance_v1.csv + india_code,VERIFIED,template_expansion_from_concordance_row
P7_0595,concordance_v1_internal,354B,76,renumbered,concordance_v1.csv + india_code,VERIFIED,template_expansion_from_concordance_row
P7_0596,concordance_v1_internal,354B,76,renumbered,concordance_v1.csv + india_code,VERIFIED,template_expansion_current_law
P7_0597,concordance_v1_internal,354B,76,renumbered,concordance_v1.csv + india_code,VERIFIED,template_expansion_current_law
P7_0598,concordance_v1_internal,354B,76,renumbered,concordance_v1.csv + india_code,VERIFIED,template_expansion_reverse_lookup
P7_0599,concordance_v1_internal,354B,76,renumbered,concordance_v1.csv + india_code,VERIFIED,template_expansion_reverse_lookup
P7_0600,concordance_v1_internal,354C,77,renumbered,concordance_v1.csv + india_code,VERIFIED,template_expansion_from_concordance_row
P7_0601,concordance_v1_internal,354C,77,renumbered,concordance_v1.csv + india_code,VERIFIED,template_expansion_from_concordance_row
P7_0602,concordance_v1_internal,354C,77,renumbered,concordance_v1.csv + india_code,VERIFIED,template_expansion_from_concordance_row
P7_0603,concordance_v1_internal,354C,77,renumbered,concordance_v1.csv + india_code,VERIFIED,template_expansion_current_law
P7_0604,concordance_v1_internal,354C,77,renumbered,concordance_v1.csv + india_code,VERIFIED,template_expansion_current_law
P7_0605,concordance_v1_internal,354C,77,renumbered,concordance_v1.csv + india_code,VERIFIED,template_expansion_reverse_lookup
P7_0606,concordance_v1_internal,354C,77,renumbered,concordance_v1.csv + india_code,VERIFIED,template_expansion_reverse_lookup
P7_0607,concordance_v1_internal,354D,78,renumbered,concordance_v1.csv + india_code,VERIFIED,template_expansion_from_concordance_row
P7_0608,concordance_v1_internal,354D,78,renumbered,concordance_v1.csv + india_code,VERIFIED,template_expansion_from_concordance_row
P7_0609,concordance_v1_internal,354D,78,renumbered,concordance_v1.csv + india_code,VERIFIED,template_expansion_from_concordance_row
P7_0610,concordance_v1_internal,354D,78,renumbered,concordance_v1.csv + india_code,VERIFIED,template_expansion_current_law
P7_0611,concordance_v1_internal,354D,78,renumbered,concordance_v1.csv + india_code,VERIFIED,template_expansion_current_law
P7_0612,concordance_v1_internal,354D,78,renumbered,concordance_v1.csv + india_code,VERIFIED,template_expansion_reverse_lookup
P7_0613,concordance_v1_internal,354D,78,renumbered,concordance_v1.csv + india_code,VERIFIED,template_expansion_reverse_lookup
P7_0614,concordance_v1_internal,359,137,renumbered,concordance_v1.csv + india_code,VERIFIED,template_expansion_from_concordance_row
P7_0615,concordance_v1_internal,359,137,renumbered,concordance_v1.csv + india_code,VERIFIED,template_expansion_from_concordance_row
P7_0616,concordance_v1_internal,359,137,renumbered,concordance_v1.csv + india_code,VERIFIED,template_expansion_from_concordance_row
P7_0617,concordance_v1_internal,359,137,renumbered,concordance_v1.csv + india_code,VERIFIED,template_expansion_current_law
P7_0618,concordance_v1_internal,359,137,renumbered,concordance_v1.csv + india_code,VERIFIED,template_expansion_current_law
P7_0619,concordance_v1_internal,359,137,renumbered,concordance_v1.csv + india_code,VERIFIED,template_expansion_reverse_lookup
P7_0620,concordance_v1_internal,359,137,renumbered,concordance_v1.csv + india_code,VERIFIED,template_expansion_reverse_lookup
P7_0621,concordance_v1_internal,362,138,renumbered,concordance_v1.csv + india_code,VERIFIED,template_expansion_from_concordance_row
P7_0622,concordance_v1_internal,362,138,renumbered,concordance_v1.csv + india_code,VERIFIED,template_expansion_from_concordance_row
P7_0623,concordance_v1_internal,362,138,renumbered,concordance_v1.csv + india_code,VERIFIED,template_expansion_from_concordance_row
P7_0624,concordance_v1_internal,362,138,renumbered,concordance_v1.csv + india_code,VERIFIED,template_expansion_current_law
P7_0625,concordance_v1_internal,362,138,renumbered,concordance_v1.csv + india_code,VERIFIED,template_expansion_current_law
P7_0626,concordance_v1_internal,362,138,renumbered,concordance_v1.csv + india_code,VERIFIED,template_expansion_reverse_lookup
P7_0627,concordance_v1_internal,362,138,renumbered,concordance_v1.csv + india_code,VERIFIED,template_expansion_reverse_lookup
P7_0628,concordance_v1_internal,363,139,renumbered,concordance_v1.csv + india_code,VERIFIED,template_expansion_from_concordance_row
P7_0629,concordance_v1_internal,363,139,renumbered,concordance_v1.csv + india_code,VERIFIED,template_expansion_from_concordance_row
P7_0630,concordance_v1_internal,363,139,renumbered,concordance_v1.csv + india_code,VERIFIED,template_expansion_from_concordance_row
P7_0631,concordance_v1_internal,363,139,renumbered,concordance_v1.csv + india_code,VERIFIED,template_expansion_current_law
P7_0632,concordance_v1_internal,363,139,renumbered,concordance_v1.csv + india_code,VERIFIED,template_expansion_current_law
P7_0633,concordance_v1_internal,363,139,renumbered,concordance_v1.csv + india_code,VERIFIED,template_expansion_reverse_lookup
P7_0634,concordance_v1_internal,363,139,renumbered,concordance_v1.csv + india_code,VERIFIED,template_expansion_reverse_lookup
P7_0635,concordance_v1_internal,363A,140,renumbered,concordance_v1.csv + india_code,VERIFIED,template_expansion_from_concordance_row
P7_0636,concordance_v1_internal,363A,140,renumbered,concordance_v1.csv + india_code,VERIFIED,template_expansion_from_concordance_row
P7_0637,concordance_v1_internal,363A,140,renumbered,concordance_v1.csv + india_code,VERIFIED,template_expansion_from_concordance_row
P7_0638,concordance_v1_internal,363A,140,renumbered,concordance_v1.csv + india_code,VERIFIED,template_expansion_current_law
P7_0639,concordance_v1_internal,363A,140,renumbered,concordance_v1.csv + india_code,VERIFIED,template_expansion_current_law
P7_0640,concordance_v1_internal,363A,140,renumbered,concordance_v1.csv + india_code,VERIFIED,template_expansion_reverse_lookup
P7_0641,concordance_v1_internal,363A,140,renumbered,concordance_v1.csv + india_code,VERIFIED,template_expansion_reverse_lookup
P7_0642,concordance_v1_internal,364A,140,modified,concordance_v1.csv + india_code,VERIFIED,template_expansion_from_concordance_row
P7_0643,concordance_v1_internal,364A,140,modified,concordance_v1.csv + india_code,VERIFIED,template_expansion_from_concordance_row
P7_0644,concordance_v1_internal,364A,140,modified,concordance_v1.csv + india_code,VERIFIED,template_expansion_from_concordance_row
P7_0645,concordance_v1_internal,364A,140,modified,concordance_v1.csv + india_code,VERIFIED,template_expansion_current_law
P7_0646,concordance_v1_internal,364A,140,modified,concordance_v1.csv + india_code,VERIFIED,template_expansion_current_law
P7_0647,concordance_v1_internal,370,143,modified,concordance_v1.csv + india_code,VERIFIED,template_expansion_from_concordance_row
P7_0648,concordance_v1_internal,370,143,modified,concordance_v1.csv + india_code,VERIFIED,template_expansion_from_concordance_row
P7_0649,concordance_v1_internal,370,143,modified,concordance_v1.csv + india_code,VERIFIED,template_expansion_from_concordance_row
P7_0650,concordance_v1_internal,370,143,modified,concordance_v1.csv + india_code,VERIFIED,template_expansion_current_law
P7_0651,concordance_v1_internal,370,143,modified,concordance_v1.csv + india_code,VERIFIED,template_expansion_current_law
P7_0652,concordance_v1_internal,370,143,modified,concordance_v1.csv + india_code,VERIFIED,template_expansion_reverse_lookup
P7_0653,concordance_v1_internal,370,143,modified,concordance_v1.csv + india_code,VERIFIED,template_expansion_reverse_lookup
P7_0654,concordance_v1_internal,375,63,renumbered,concordance_v1.csv + india_code,VERIFIED,template_expansion_from_concordance_row
P7_0655,concordance_v1_internal,375,63,renumbered,concordance_v1.csv + india_code,VERIFIED,template_expansion_from_concordance_row
P7_0656,concordance_v1_internal,375,63,renumbered,concordance_v1.csv + india_code,VERIFIED,template_expansion_from_concordance_row
P7_0657,concordance_v1_internal,375,63,renumbered,concordance_v1.csv + india_code,VERIFIED,template_expansion_current_law
P7_0658,concordance_v1_internal,375,63,renumbered,concordance_v1.csv + india_code,VERIFIED,template_expansion_current_law
P7_0659,concordance_v1_internal,375,63,renumbered,concordance_v1.csv + india_code,VERIFIED,template_expansion_reverse_lookup
P7_0660,concordance_v1_internal,375,63,renumbered,concordance_v1.csv + india_code,VERIFIED,template_expansion_reverse_lookup
P7_0661,concordance_v1_internal,376,64,modified,concordance_v1.csv + india_code,VERIFIED,template_expansion_from_concordance_row
P7_0662,concordance_v1_internal,376,64,modified,concordance_v1.csv + india_code,VERIFIED,template_expansion_from_concordance_row
P7_0663,concordance_v1_internal,376,64,modified,concordance_v1.csv + india_code,VERIFIED,template_expansion_from_concordance_row
P7_0664,concordance_v1_internal,376,64,modified,concordance_v1.csv + india_code,VERIFIED,template_expansion_current_law
P7_0665,concordance_v1_internal,376,64,modified,concordance_v1.csv + india_code,VERIFIED,template_expansion_current_law
P7_0666,concordance_v1_internal,376,64,modified,concordance_v1.csv + india_code,VERIFIED,template_expansion_reverse_lookup
P7_0667,concordance_v1_internal,376,64,modified,concordance_v1.csv + india_code,VERIFIED,template_expansion_reverse_lookup
P7_0668,concordance_v1_internal,376A,66,renumbered,concordance_v1.csv + india_code,VERIFIED,template_expansion_from_concordance_row
P7_0669,concordance_v1_internal,376A,66,renumbered,concordance_v1.csv + india_code,VERIFIED,template_expansion_from_concordance_row
P7_0670,concordance_v1_internal,376A,66,renumbered,concordance_v1.csv + india_code,VERIFIED,template_expansion_from_concordance_row
P7_0671,concordance_v1_internal,376A,66,renumbered,concordance_v1.csv + india_code,VERIFIED,template_expansion_current_law
P7_0672,concordance_v1_internal,376A,66,renumbered,concordance_v1.csv + india_code,VERIFIED,template_expansion_current_law
P7_0673,concordance_v1_internal,376A,66,renumbered,concordance_v1.csv + india_code,VERIFIED,template_expansion_reverse_lookup
P7_0674,concordance_v1_internal,376A,66,renumbered,concordance_v1.csv + india_code,VERIFIED,template_expansion_reverse_lookup
P7_0675,concordance_v1_internal,376AB,65,modified,concordance_v1.csv + india_code,VERIFIED,template_expansion_from_concordance_row
P7_0676,concordance_v1_internal,376AB,65,modified,concordance_v1.csv + india_code,VERIFIED,template_expansion_from_concordance_row
P7_0677,concordance_v1_internal,376AB,65,modified,concordance_v1.csv + india_code,VERIFIED,template_expansion_from_concordance_row
P7_0678,concordance_v1_internal,376AB,65,modified,concordance_v1.csv + india_code,VERIFIED,template_expansion_current_law
P7_0679,concordance_v1_internal,376AB,65,modified,concordance_v1.csv + india_code,VERIFIED,template_expansion_current_law
P7_0680,concordance_v1_internal,376AB,65,modified,concordance_v1.csv + india_code,VERIFIED,template_expansion_reverse_lookup
P7_0681,concordance_v1_internal,376AB,65,modified,concordance_v1.csv + india_code,VERIFIED,template_expansion_reverse_lookup
P7_0682,concordance_v1_internal,376B,67,modified,concordance_v1.csv + india_code,VERIFIED,template_expansion_from_concordance_row
P7_0683,concordance_v1_internal,376B,67,modified,concordance_v1.csv + india_code,VERIFIED,template_expansion_from_concordance_row
P7_0684,concordance_v1_internal,376B,67,modified,concordance_v1.csv + india_code,VERIFIED,template_expansion_from_concordance_row
P7_0685,concordance_v1_internal,376B,67,modified,concordance_v1.csv + india_code,VERIFIED,template_expansion_current_law
P7_0686,concordance_v1_internal,376B,67,modified,concordance_v1.csv + india_code,VERIFIED,template_expansion_current_law
P7_0687,concordance_v1_internal,376B,67,modified,concordance_v1.csv + india_code,VERIFIED,template_expansion_reverse_lookup
P7_0688,concordance_v1_internal,376B,67,modified,concordance_v1.csv + india_code,VERIFIED,template_expansion_reverse_lookup
P7_0689,concordance_v1_internal,376C,68,renumbered,concordance_v1.csv + india_code,VERIFIED,template_expansion_from_concordance_row
P7_0690,concordance_v1_internal,376C,68,renumbered,concordance_v1.csv + india_code,VERIFIED,template_expansion_from_concordance_row
P7_0691,concordance_v1_internal,376C,68,renumbered,concordance_v1.csv + india_code,VERIFIED,template_expansion_from_concordance_row
P7_0692,concordance_v1_internal,376C,68,renumbered,concordance_v1.csv + india_code,VERIFIED,template_expansion_current_law
P7_0693,concordance_v1_internal,376C,68,renumbered,concordance_v1.csv + india_code,VERIFIED,template_expansion_current_law
P7_0694,concordance_v1_internal,376C,68,renumbered,concordance_v1.csv + india_code,VERIFIED,template_expansion_reverse_lookup
P7_0695,concordance_v1_internal,376C,68,renumbered,concordance_v1.csv + india_code,VERIFIED,template_expansion_reverse_lookup
P7_0696,concordance_v1_internal,376D,70,renumbered,concordance_v1.csv + india_code,VERIFIED,template_expansion_from_concordance_row
P7_0697,concordance_v1_internal,376D,70,renumbered,concordance_v1.csv + india_code,VERIFIED,template_expansion_from_concordance_row
P7_0698,concordance_v1_internal,376D,70,renumbered,concordance_v1.csv + india_code,VERIFIED,template_expansion_from_concordance_row
P7_0699,concordance_v1_internal,376D,70,renumbered,concordance_v1.csv + india_code,VERIFIED,template_expansion_current_law
P7_0700,concordance_v1_internal,376D,70,renumbered,concordance_v1.csv + india_code,VERIFIED,template_expansion_current_law
P7_0701,concordance_v1_internal,376D,70,renumbered,concordance_v1.csv + india_code,VERIFIED,template_expansion_reverse_lookup
P7_0702,concordance_v1_internal,376D,70,renumbered,concordance_v1.csv + india_code,VERIFIED,template_expansion_reverse_lookup
P7_0703,concordance_v1_internal,376DA,70,merged,concordance_v1.csv + india_code,VERIFIED,template_expansion_from_concordance_row
P7_0704,concordance_v1_internal,376DA,70,merged,concordance_v1.csv + india_code,VERIFIED,template_expansion_from_concordance_row
P7_0705,concordance_v1_internal,376DA,70,merged,concordance_v1.csv + india_code,VERIFIED,template_expansion_from_concordance_row
P7_0706,concordance_v1_internal,376DA,70,merged,concordance_v1.csv + india_code,VERIFIED,template_expansion_current_law
P7_0707,concordance_v1_internal,376DA,70,merged,concordance_v1.csv + india_code,VERIFIED,template_expansion_current_law
P7_0708,concordance_v1_internal,376DB,70,merged,concordance_v1.csv + india_code,VERIFIED,template_expansion_from_concordance_row
P7_0709,concordance_v1_internal,376DB,70,merged,concordance_v1.csv + india_code,VERIFIED,template_expansion_from_concordance_row
P7_0710,concordance_v1_internal,376DB,70,merged,concordance_v1.csv + india_code,VERIFIED,template_expansion_from_concordance_row
P7_0711,concordance_v1_internal,376DB,70,merged,concordance_v1.csv + india_code,VERIFIED,template_expansion_current_law
P7_0712,concordance_v1_internal,376DB,70,merged,concordance_v1.csv + india_code,VERIFIED,template_expansion_current_law
P7_0713,concordance_v1_internal,378,303,renumbered,concordance_v1.csv + india_code,VERIFIED,template_expansion_from_concordance_row
P7_0714,concordance_v1_internal,378,303,renumbered,concordance_v1.csv + india_code,VERIFIED,template_expansion_from_concordance_row
P7_0715,concordance_v1_internal,378,303,renumbered,concordance_v1.csv + india_code,VERIFIED,template_expansion_from_concordance_row
P7_0716,concordance_v1_internal,378,303,renumbered,concordance_v1.csv + india_code,VERIFIED,template_expansion_current_law
P7_0717,concordance_v1_internal,378,303,renumbered,concordance_v1.csv + india_code,VERIFIED,template_expansion_current_law
P7_0718,concordance_v1_internal,378,303,renumbered,concordance_v1.csv + india_code,VERIFIED,template_expansion_reverse_lookup
P7_0719,concordance_v1_internal,378,303,renumbered,concordance_v1.csv + india_code,VERIFIED,template_expansion_reverse_lookup
P7_0720,concordance_v1_internal,379,303,renumbered,concordance_v1.csv + india_code,VERIFIED,template_expansion_from_concordance_row
P7_0721,concordance_v1_internal,379,303,renumbered,concordance_v1.csv + india_code,VERIFIED,template_expansion_from_concordance_row
P7_0722,concordance_v1_internal,379,303,renumbered,concordance_v1.csv + india_code,VERIFIED,template_expansion_from_concordance_row
P7_0723,concordance_v1_internal,379,303,renumbered,concordance_v1.csv + india_code,VERIFIED,template_expansion_current_law
P7_0724,concordance_v1_internal,379,303,renumbered,concordance_v1.csv + india_code,VERIFIED,template_expansion_current_law
P7_0725,concordance_v1_internal,380,305,renumbered,concordance_v1.csv + india_code,VERIFIED,template_expansion_from_concordance_row
P7_0726,concordance_v1_internal,380,305,renumbered,concordance_v1.csv + india_code,VERIFIED,template_expansion_from_concordance_row
P7_0727,concordance_v1_internal,380,305,renumbered,concordance_v1.csv + india_code,VERIFIED,template_expansion_from_concordance_row
P7_0728,concordance_v1_internal,380,305,renumbered,concordance_v1.csv + india_code,VERIFIED,template_expansion_current_law
P7_0729,concordance_v1_internal,380,305,renumbered,concordance_v1.csv + india_code,VERIFIED,template_expansion_current_law
P7_0730,concordance_v1_internal,380,305,renumbered,concordance_v1.csv + india_code,VERIFIED,template_expansion_reverse_lookup
P7_0731,concordance_v1_internal,380,305,renumbered,concordance_v1.csv + india_code,VERIFIED,template_expansion_reverse_lookup
P7_0732,concordance_v1_internal,383,308,renumbered,concordance_v1.csv + india_code,VERIFIED,template_expansion_from_concordance_row
P7_0733,concordance_v1_internal,383,308,renumbered,concordance_v1.csv + india_code,VERIFIED,template_expansion_from_concordance_row
P7_0734,concordance_v1_internal,383,308,renumbered,concordance_v1.csv + india_code,VERIFIED,template_expansion_from_concordance_row
P7_0735,concordance_v1_internal,383,308,renumbered,concordance_v1.csv + india_code,VERIFIED,template_expansion_current_law
P7_0736,concordance_v1_internal,383,308,renumbered,concordance_v1.csv + india_code,VERIFIED,template_expansion_current_law
P7_0737,concordance_v1_internal,383,308,renumbered,concordance_v1.csv + india_code,VERIFIED,template_expansion_reverse_lookup
P7_0738,concordance_v1_internal,383,308,renumbered,concordance_v1.csv + india_code,VERIFIED,template_expansion_reverse_lookup
P7_0739,concordance_v1_internal,384,308,renumbered,concordance_v1.csv + india_code,VERIFIED,template_expansion_from_concordance_row
P7_0740,concordance_v1_internal,384,308,renumbered,concordance_v1.csv + india_code,VERIFIED,template_expansion_from_concordance_row
P7_0741,concordance_v1_internal,384,308,renumbered,concordance_v1.csv + india_code,VERIFIED,template_expansion_from_concordance_row
P7_0742,concordance_v1_internal,384,308,renumbered,concordance_v1.csv + india_code,VERIFIED,template_expansion_current_law
P7_0743,concordance_v1_internal,384,308,renumbered,concordance_v1.csv + india_code,VERIFIED,template_expansion_current_law
P7_0744,concordance_v1_internal,390,309,renumbered,concordance_v1.csv + india_code,VERIFIED,template_expansion_from_concordance_row
P7_0745,concordance_v1_internal,390,309,renumbered,concordance_v1.csv + india_code,VERIFIED,template_expansion_from_concordance_row
P7_0746,concordance_v1_internal,390,309,renumbered,concordance_v1.csv + india_code,VERIFIED,template_expansion_from_concordance_row
P7_0747,concordance_v1_internal,390,309,renumbered,concordance_v1.csv + india_code,VERIFIED,template_expansion_current_law
P7_0748,concordance_v1_internal,390,309,renumbered,concordance_v1.csv + india_code,VERIFIED,template_expansion_current_law
P7_0749,concordance_v1_internal,390,309,renumbered,concordance_v1.csv + india_code,VERIFIED,template_expansion_reverse_lookup
P7_0750,concordance_v1_internal,390,309,renumbered,concordance_v1.csv + india_code,VERIFIED,template_expansion_reverse_lookup
P7_0751,concordance_v1_internal,391,310,renumbered,concordance_v1.csv + india_code,VERIFIED,template_expansion_from_concordance_row
P7_0752,concordance_v1_internal,391,310,renumbered,concordance_v1.csv + india_code,VERIFIED,template_expansion_from_concordance_row
P7_0753,concordance_v1_internal,391,310,renumbered,concordance_v1.csv + india_code,VERIFIED,template_expansion_from_concordance_row
P7_0754,concordance_v1_internal,391,310,renumbered,concordance_v1.csv + india_code,VERIFIED,template_expansion_current_law
P7_0755,concordance_v1_internal,391,310,renumbered,concordance_v1.csv + india_code,VERIFIED,template_expansion_current_law
P7_0756,concordance_v1_internal,391,310,renumbered,concordance_v1.csv + india_code,VERIFIED,template_expansion_reverse_lookup
P7_0757,concordance_v1_internal,391,310,renumbered,concordance_v1.csv + india_code,VERIFIED,template_expansion_reverse_lookup
P7_0758,concordance_v1_internal,392,309,renumbered,concordance_v1.csv + india_code,VERIFIED,template_expansion_from_concordance_row
P7_0759,concordance_v1_internal,392,309,renumbered,concordance_v1.csv + india_code,VERIFIED,template_expansion_from_concordance_row
P7_0760,concordance_v1_internal,392,309,renumbered,concordance_v1.csv + india_code,VERIFIED,template_expansion_from_concordance_row
P7_0761,concordance_v1_internal,392,309,renumbered,concordance_v1.csv + india_code,VERIFIED,template_expansion_current_law
P7_0762,concordance_v1_internal,392,309,renumbered,concordance_v1.csv + india_code,VERIFIED,template_expansion_current_law
P7_0763,concordance_v1_internal,395,310,renumbered,concordance_v1.csv + india_code,VERIFIED,template_expansion_from_concordance_row
P7_0764,concordance_v1_internal,395,310,renumbered,concordance_v1.csv + india_code,VERIFIED,template_expansion_from_concordance_row
P7_0765,concordance_v1_internal,395,310,renumbered,concordance_v1.csv + india_code,VERIFIED,template_expansion_from_concordance_row
P7_0766,concordance_v1_internal,395,310,renumbered,concordance_v1.csv + india_code,VERIFIED,template_expansion_current_law
P7_0767,concordance_v1_internal,395,310,renumbered,concordance_v1.csv + india_code,VERIFIED,template_expansion_current_law
P7_0768,concordance_v1_internal,397,311,renumbered,concordance_v1.csv + india_code,VERIFIED,template_expansion_from_concordance_row
P7_0769,concordance_v1_internal,397,311,renumbered,concordance_v1.csv + india_code,VERIFIED,template_expansion_from_concordance_row
P7_0770,concordance_v1_internal,397,311,renumbered,concordance_v1.csv + india_code,VERIFIED,template_expansion_from_concordance_row
P7_0771,concordance_v1_internal,397,311,renumbered,concordance_v1.csv + india_code,VERIFIED,template_expansion_current_law
P7_0772,concordance_v1_internal,397,311,renumbered,concordance_v1.csv + india_code,VERIFIED,template_expansion_current_law
P7_0773,concordance_v1_internal,397,311,renumbered,concordance_v1.csv + india_code,VERIFIED,template_expansion_reverse_lookup
P7_0774,concordance_v1_internal,397,311,renumbered,concordance_v1.csv + india_code,VERIFIED,template_expansion_reverse_lookup
P7_0775,concordance_v1_internal,399,312,renumbered,concordance_v1.csv + india_code,VERIFIED,template_expansion_from_concordance_row
P7_0776,concordance_v1_internal,399,312,renumbered,concordance_v1.csv + india_code,VERIFIED,template_expansion_from_concordance_row
P7_0777,concordance_v1_internal,399,312,renumbered,concordance_v1.csv + india_code,VERIFIED,template_expansion_from_concordance_row
P7_0778,concordance_v1_internal,399,312,renumbered,concordance_v1.csv + india_code,VERIFIED,template_expansion_current_law
P7_0779,concordance_v1_internal,399,312,renumbered,concordance_v1.csv + india_code,VERIFIED,template_expansion_current_law
P7_0780,concordance_v1_internal,399,312,renumbered,concordance_v1.csv + india_code,VERIFIED,template_expansion_reverse_lookup
P7_0781,concordance_v1_internal,399,312,renumbered,concordance_v1.csv + india_code,VERIFIED,template_expansion_reverse_lookup
P7_0782,concordance_v1_internal,405,316,renumbered,concordance_v1.csv + india_code,VERIFIED,template_expansion_from_concordance_row
P7_0783,concordance_v1_internal,405,316,renumbered,concordance_v1.csv + india_code,VERIFIED,template_expansion_from_concordance_row
P7_0784,concordance_v1_internal,405,316,renumbered,concordance_v1.csv + india_code,VERIFIED,template_expansion_from_concordance_row
P7_0785,concordance_v1_internal,405,316,renumbered,concordance_v1.csv + india_code,VERIFIED,template_expansion_current_law
P7_0786,concordance_v1_internal,405,316,renumbered,concordance_v1.csv + india_code,VERIFIED,template_expansion_current_law
P7_0787,concordance_v1_internal,405,316,renumbered,concordance_v1.csv + india_code,VERIFIED,template_expansion_reverse_lookup
P7_0788,concordance_v1_internal,405,316,renumbered,concordance_v1.csv + india_code,VERIFIED,template_expansion_reverse_lookup
P7_0789,concordance_v1_internal,406,316,renumbered,concordance_v1.csv + india_code,VERIFIED,template_expansion_from_concordance_row
P7_0790,concordance_v1_internal,406,316,renumbered,concordance_v1.csv + india_code,VERIFIED,template_expansion_from_concordance_row
P7_0791,concordance_v1_internal,406,316,renumbered,concordance_v1.csv + india_code,VERIFIED,template_expansion_from_concordance_row
P7_0792,concordance_v1_internal,406,316,renumbered,concordance_v1.csv + india_code,VERIFIED,template_expansion_current_law
P7_0793,concordance_v1_internal,406,316,renumbered,concordance_v1.csv + india_code,VERIFIED,template_expansion_current_law
P7_0794,concordance_v1_internal,409,316,renumbered,concordance_v1.csv + india_code,VERIFIED,template_expansion_from_concordance_row
P7_0795,concordance_v1_internal,409,316,renumbered,concordance_v1.csv + india_code,VERIFIED,template_expansion_from_concordance_row
P7_0796,concordance_v1_internal,409,316,renumbered,concordance_v1.csv + india_code,VERIFIED,template_expansion_from_concordance_row
P7_0797,concordance_v1_internal,409,316,renumbered,concordance_v1.csv + india_code,VERIFIED,template_expansion_current_law
P7_0798,concordance_v1_internal,409,316,renumbered,concordance_v1.csv + india_code,VERIFIED,template_expansion_current_law
P7_0799,concordance_v1_internal,415,318,renumbered,concordance_v1.csv + india_code,VERIFIED,template_expansion_from_concordance_row
P7_0800,concordance_v1_internal,415,318,renumbered,concordance_v1.csv + india_code,VERIFIED,template_expansion_from_concordance_row
P7_0801,concordance_v1_internal,415,318,renumbered,concordance_v1.csv + india_code,VERIFIED,template_expansion_from_concordance_row
P7_0802,concordance_v1_internal,415,318,renumbered,concordance_v1.csv + india_code,VERIFIED,template_expansion_current_law
P7_0803,concordance_v1_internal,415,318,renumbered,concordance_v1.csv + india_code,VERIFIED,template_expansion_current_law
P7_0804,concordance_v1_internal,415,318,renumbered,concordance_v1.csv + india_code,VERIFIED,template_expansion_reverse_lookup
P7_0805,concordance_v1_internal,415,318,renumbered,concordance_v1.csv + india_code,VERIFIED,template_expansion_reverse_lookup
P7_0806,concordance_v1_internal,417,318,renumbered,concordance_v1.csv + india_code,VERIFIED,template_expansion_from_concordance_row
P7_0807,concordance_v1_internal,417,318,renumbered,concordance_v1.csv + india_code,VERIFIED,template_expansion_from_concordance_row
P7_0808,concordance_v1_internal,417,318,renumbered,concordance_v1.csv + india_code,VERIFIED,template_expansion_from_concordance_row
P7_0809,concordance_v1_internal,417,318,renumbered,concordance_v1.csv + india_code,VERIFIED,template_expansion_current_law
P7_0810,concordance_v1_internal,417,318,renumbered,concordance_v1.csv + india_code,VERIFIED,template_expansion_current_law
P7_0811,concordance_v1_internal,420,318,renumbered,concordance_v1.csv + india_code,VERIFIED,template_expansion_from_concordance_row
P7_0812,concordance_v1_internal,420,318,renumbered,concordance_v1.csv + india_code,VERIFIED,template_expansion_from_concordance_row
P7_0813,concordance_v1_internal,420,318,renumbered,concordance_v1.csv + india_code,VERIFIED,template_expansion_from_concordance_row
P7_0814,concordance_v1_internal,420,318,renumbered,concordance_v1.csv + india_code,VERIFIED,template_expansion_current_law
P7_0815,concordance_v1_internal,420,318,renumbered,concordance_v1.csv + india_code,VERIFIED,template_expansion_current_law
P7_0816,concordance_v1_internal,425,324,renumbered,concordance_v1.csv + india_code,VERIFIED,template_expansion_from_concordance_row
P7_0817,concordance_v1_internal,425,324,renumbered,concordance_v1.csv + india_code,VERIFIED,template_expansion_from_concordance_row
P7_0818,concordance_v1_internal,425,324,renumbered,concordance_v1.csv + india_code,VERIFIED,template_expansion_from_concordance_row
P7_0819,concordance_v1_internal,425,324,renumbered,concordance_v1.csv + india_code,VERIFIED,template_expansion_current_law
P7_0820,concordance_v1_internal,425,324,renumbered,concordance_v1.csv + india_code,VERIFIED,template_expansion_current_law
P7_0821,concordance_v1_internal,425,324,renumbered,concordance_v1.csv + india_code,VERIFIED,template_expansion_reverse_lookup
P7_0822,concordance_v1_internal,425,324,renumbered,concordance_v1.csv + india_code,VERIFIED,template_expansion_reverse_lookup
P7_0823,concordance_v1_internal,426,324,renumbered,concordance_v1.csv + india_code,VERIFIED,template_expansion_from_concordance_row
P7_0824,concordance_v1_internal,426,324,renumbered,concordance_v1.csv + india_code,VERIFIED,template_expansion_from_concordance_row
P7_0825,concordance_v1_internal,426,324,renumbered,concordance_v1.csv + india_code,VERIFIED,template_expansion_from_concordance_row
P7_0826,concordance_v1_internal,426,324,renumbered,concordance_v1.csv + india_code,VERIFIED,template_expansion_current_law
P7_0827,concordance_v1_internal,426,324,renumbered,concordance_v1.csv + india_code,VERIFIED,template_expansion_current_law
P7_0828,concordance_v1_internal,441,329,renumbered,concordance_v1.csv + india_code,VERIFIED,template_expansion_from_concordance_row
P7_0829,concordance_v1_internal,441,329,renumbered,concordance_v1.csv + india_code,VERIFIED,template_expansion_from_concordance_row
P7_0830,concordance_v1_internal,441,329,renumbered,concordance_v1.csv + india_code,VERIFIED,template_expansion_from_concordance_row
P7_0831,concordance_v1_internal,441,329,renumbered,concordance_v1.csv + india_code,VERIFIED,template_expansion_current_law
P7_0832,concordance_v1_internal,441,329,renumbered,concordance_v1.csv + india_code,VERIFIED,template_expansion_current_law
P7_0833,concordance_v1_internal,441,329,renumbered,concordance_v1.csv + india_code,VERIFIED,template_expansion_reverse_lookup
P7_0834,concordance_v1_internal,441,329,renumbered,concordance_v1.csv + india_code,VERIFIED,template_expansion_reverse_lookup
P7_0835,concordance_v1_internal,442,329,renumbered,concordance_v1.csv + india_code,VERIFIED,template_expansion_from_concordance_row
P7_0836,concordance_v1_internal,442,329,renumbered,concordance_v1.csv + india_code,VERIFIED,template_expansion_from_concordance_row
P7_0837,concordance_v1_internal,442,329,renumbered,concordance_v1.csv + india_code,VERIFIED,template_expansion_from_concordance_row
P7_0838,concordance_v1_internal,442,329,renumbered,concordance_v1.csv + india_code,VERIFIED,template_expansion_current_law
P7_0839,concordance_v1_internal,442,329,renumbered,concordance_v1.csv + india_code,VERIFIED,template_expansion_current_law
P7_0840,concordance_v1_internal,447,329,renumbered,concordance_v1.csv + india_code,VERIFIED,template_expansion_from_concordance_row
P7_0841,concordance_v1_internal,447,329,renumbered,concordance_v1.csv + india_code,VERIFIED,template_expansion_from_concordance_row
P7_0842,concordance_v1_internal,447,329,renumbered,concordance_v1.csv + india_code,VERIFIED,template_expansion_from_concordance_row
P7_0843,concordance_v1_internal,447,329,renumbered,concordance_v1.csv + india_code,VERIFIED,template_expansion_current_law
P7_0844,concordance_v1_internal,447,329,renumbered,concordance_v1.csv + india_code,VERIFIED,template_expansion_current_law
P7_0845,concordance_v1_internal,448,330,renumbered,concordance_v1.csv + india_code,VERIFIED,template_expansion_from_concordance_row
P7_0846,concordance_v1_internal,448,330,renumbered,concordance_v1.csv + india_code,VERIFIED,template_expansion_from_concordance_row
P7_0847,concordance_v1_internal,448,330,renumbered,concordance_v1.csv + india_code,VERIFIED,template_expansion_from_concordance_row
P7_0848,concordance_v1_internal,448,330,renumbered,concordance_v1.csv + india_code,VERIFIED,template_expansion_current_law
P7_0849,concordance_v1_internal,448,330,renumbered,concordance_v1.csv + india_code,VERIFIED,template_expansion_current_law
P7_0850,concordance_v1_internal,448,330,renumbered,concordance_v1.csv + india_code,VERIFIED,template_expansion_reverse_lookup
P7_0851,concordance_v1_internal,448,330,renumbered,concordance_v1.csv + india_code,VERIFIED,template_expansion_reverse_lookup
P7_0852,concordance_v1_internal,463,335,renumbered,concordance_v1.csv + india_code,VERIFIED,template_expansion_from_concordance_row
P7_0853,concordance_v1_internal,463,335,renumbered,concordance_v1.csv + india_code,VERIFIED,template_expansion_from_concordance_row
P7_0854,concordance_v1_internal,463,335,renumbered,concordance_v1.csv + india_code,VERIFIED,template_expansion_from_concordance_row
P7_0855,concordance_v1_internal,463,335,renumbered,concordance_v1.csv + india_code,VERIFIED,template_expansion_current_law
P7_0856,concordance_v1_internal,463,335,renumbered,concordance_v1.csv + india_code,VERIFIED,template_expansion_current_law
P7_0857,concordance_v1_internal,463,335,renumbered,concordance_v1.csv + india_code,VERIFIED,template_expansion_reverse_lookup
P7_0858,concordance_v1_internal,463,335,renumbered,concordance_v1.csv + india_code,VERIFIED,template_expansion_reverse_lookup
P7_0859,concordance_v1_internal,465,336,renumbered,concordance_v1.csv + india_code,VERIFIED,template_expansion_from_concordance_row
P7_0860,concordance_v1_internal,465,336,renumbered,concordance_v1.csv + india_code,VERIFIED,template_expansion_from_concordance_row
P7_0861,concordance_v1_internal,465,336,renumbered,concordance_v1.csv + india_code,VERIFIED,template_expansion_from_concordance_row
P7_0862,concordance_v1_internal,465,336,renumbered,concordance_v1.csv + india_code,VERIFIED,template_expansion_current_law
P7_0863,concordance_v1_internal,465,336,renumbered,concordance_v1.csv + india_code,VERIFIED,template_expansion_current_law
P7_0864,concordance_v1_internal,465,336,renumbered,concordance_v1.csv + india_code,VERIFIED,template_expansion_reverse_lookup
P7_0865,concordance_v1_internal,465,336,renumbered,concordance_v1.csv + india_code,VERIFIED,template_expansion_reverse_lookup
P7_0866,concordance_v1_internal,468,338,renumbered,concordance_v1.csv + india_code,VERIFIED,template_expansion_from_concordance_row
P7_0867,concordance_v1_internal,468,338,renumbered,concordance_v1.csv + india_code,VERIFIED,template_expansion_from_concordance_row
P7_0868,concordance_v1_internal,468,338,renumbered,concordance_v1.csv + india_code,VERIFIED,template_expansion_from_concordance_row
P7_0869,concordance_v1_internal,468,338,renumbered,concordance_v1.csv + india_code,VERIFIED,template_expansion_current_law
P7_0870,concordance_v1_internal,468,338,renumbered,concordance_v1.csv + india_code,VERIFIED,template_expansion_current_law
P7_0871,concordance_v1_internal,468,338,renumbered,concordance_v1.csv + india_code,VERIFIED,template_expansion_reverse_lookup
P7_0872,concordance_v1_internal,468,338,renumbered,concordance_v1.csv + india_code,VERIFIED,template_expansion_reverse_lookup
P7_0873,concordance_v1_internal,471,340,renumbered,concordance_v1.csv + india_code,VERIFIED,template_expansion_from_concordance_row
P7_0874,concordance_v1_internal,471,340,renumbered,concordance_v1.csv + india_code,VERIFIED,template_expansion_from_concordance_row
P7_0875,concordance_v1_internal,471,340,renumbered,concordance_v1.csv + india_code,VERIFIED,template_expansion_from_concordance_row
P7_0876,concordance_v1_internal,471,340,renumbered,concordance_v1.csv + india_code,VERIFIED,template_expansion_current_law
P7_0877,concordance_v1_internal,471,340,renumbered,concordance_v1.csv + india_code,VERIFIED,template_expansion_current_law
P7_0878,concordance_v1_internal,471,340,renumbered,concordance_v1.csv + india_code,VERIFIED,template_expansion_reverse_lookup
P7_0879,concordance_v1_internal,471,340,renumbered,concordance_v1.csv + india_code,VERIFIED,template_expansion_reverse_lookup
P7_0880,concordance_v1_internal,489A,178,renumbered,concordance_v1.csv + india_code,VERIFIED,template_expansion_from_concordance_row
P7_0881,concordance_v1_internal,489A,178,renumbered,concordance_v1.csv + india_code,VERIFIED,template_expansion_from_concordance_row
P7_0882,concordance_v1_internal,489A,178,renumbered,concordance_v1.csv + india_code,VERIFIED,template_expansion_from_concordance_row
P7_0883,concordance_v1_internal,489A,178,renumbered,concordance_v1.csv + india_code,VERIFIED,template_expansion_current_law
P7_0884,concordance_v1_internal,489A,178,renumbered,concordance_v1.csv + india_code,VERIFIED,template_expansion_current_law
P7_0885,concordance_v1_internal,489A,178,renumbered,concordance_v1.csv + india_code,VERIFIED,template_expansion_reverse_lookup
P7_0886,concordance_v1_internal,489A,178,renumbered,concordance_v1.csv + india_code,VERIFIED,template_expansion_reverse_lookup
P7_0887,concordance_v1_internal,489B,179,renumbered,concordance_v1.csv + india_code,VERIFIED,template_expansion_from_concordance_row
P7_0888,concordance_v1_internal,489B,179,renumbered,concordance_v1.csv + india_code,VERIFIED,template_expansion_from_concordance_row
P7_0889,concordance_v1_internal,489B,179,renumbered,concordance_v1.csv + india_code,VERIFIED,template_expansion_from_concordance_row
P7_0890,concordance_v1_internal,489B,179,renumbered,concordance_v1.csv + india_code,VERIFIED,template_expansion_current_law
P7_0891,concordance_v1_internal,489B,179,renumbered,concordance_v1.csv + india_code,VERIFIED,template_expansion_current_law
P7_0892,concordance_v1_internal,489B,179,renumbered,concordance_v1.csv + india_code,VERIFIED,template_expansion_reverse_lookup
P7_0893,concordance_v1_internal,489B,179,renumbered,concordance_v1.csv + india_code,VERIFIED,template_expansion_reverse_lookup
P7_0894,concordance_v1_internal,494,82,renumbered,concordance_v1.csv + india_code,VERIFIED,template_expansion_from_concordance_row
P7_0895,concordance_v1_internal,494,82,renumbered,concordance_v1.csv + india_code,VERIFIED,template_expansion_from_concordance_row
P7_0896,concordance_v1_internal,494,82,renumbered,concordance_v1.csv + india_code,VERIFIED,template_expansion_from_concordance_row
P7_0897,concordance_v1_internal,494,82,renumbered,concordance_v1.csv + india_code,VERIFIED,template_expansion_current_law
P7_0898,concordance_v1_internal,494,82,renumbered,concordance_v1.csv + india_code,VERIFIED,template_expansion_current_law
P7_0899,concordance_v1_internal,494,82,renumbered,concordance_v1.csv + india_code,VERIFIED,template_expansion_reverse_lookup
P7_0900,concordance_v1_internal,494,82,renumbered,concordance_v1.csv + india_code,VERIFIED,template_expansion_reverse_lookup
P7_0901,concordance_v1_internal,498A,85,renumbered,concordance_v1.csv + india_code,VERIFIED,template_expansion_from_concordance_row
P7_0902,concordance_v1_internal,498A,85,renumbered,concordance_v1.csv + india_code,VERIFIED,template_expansion_from_concordance_row
P7_0903,concordance_v1_internal,498A,85,renumbered,concordance_v1.csv + india_code,VERIFIED,template_expansion_from_concordance_row
P7_0904,concordance_v1_internal,498A,85,renumbered,concordance_v1.csv + india_code,VERIFIED,template_expansion_current_law
P7_0905,concordance_v1_internal,498A,85,renumbered,concordance_v1.csv + india_code,VERIFIED,template_expansion_current_law
P7_0906,concordance_v1_internal,498A,85,renumbered,concordance_v1.csv + india_code,VERIFIED,template_expansion_reverse_lookup
P7_0907,concordance_v1_internal,498A,85,renumbered,concordance_v1.csv + india_code,VERIFIED,template_expansion_reverse_lookup
P7_0908,concordance_v1_internal,499,356,renumbered,concordance_v1.csv + india_code,VERIFIED,template_expansion_from_concordance_row
P7_0909,concordance_v1_internal,499,356,renumbered,concordance_v1.csv + india_code,VERIFIED,template_expansion_from_concordance_row
P7_0910,concordance_v1_internal,499,356,renumbered,concordance_v1.csv + india_code,VERIFIED,template_expansion_from_concordance_row
P7_0911,concordance_v1_internal,499,356,renumbered,concordance_v1.csv + india_code,VERIFIED,template_expansion_current_law
P7_0912,concordance_v1_internal,499,356,renumbered,concordance_v1.csv + india_code,VERIFIED,template_expansion_current_law
P7_0913,concordance_v1_internal,499,356,renumbered,concordance_v1.csv + india_code,VERIFIED,template_expansion_reverse_lookup
P7_0914,concordance_v1_internal,499,356,renumbered,concordance_v1.csv + india_code,VERIFIED,template_expansion_reverse_lookup
P7_0915,concordance_v1_internal,500,356,renumbered,concordance_v1.csv + india_code,VERIFIED,template_expansion_from_concordance_row
P7_0916,concordance_v1_internal,500,356,renumbered,concordance_v1.csv + india_code,VERIFIED,template_expansion_from_concordance_row
P7_0917,concordance_v1_internal,500,356,renumbered,concordance_v1.csv + india_code,VERIFIED,template_expansion_from_concordance_row
P7_0918,concordance_v1_internal,500,356,renumbered,concordance_v1.csv + india_code,VERIFIED,template_expansion_current_law
P7_0919,concordance_v1_internal,500,356,renumbered,concordance_v1.csv + india_code,VERIFIED,template_expansion_current_law
P7_0920,concordance_v1_internal,503,351,renumbered,concordance_v1.csv + india_code,VERIFIED,template_expansion_from_concordance_row
P7_0921,concordance_v1_internal,503,351,renumbered,concordance_v1.csv + india_code,VERIFIED,template_expansion_from_concordance_row
P7_0922,concordance_v1_internal,503,351,renumbered,concordance_v1.csv + india_code,VERIFIED,template_expansion_from_concordance_row
P7_0923,concordance_v1_internal,503,351,renumbered,concordance_v1.csv + india_code,VERIFIED,template_expansion_current_law
P7_0924,concordance_v1_internal,503,351,renumbered,concordance_v1.csv + india_code,VERIFIED,template_expansion_current_law
P7_0925,concordance_v1_internal,503,351,renumbered,concordance_v1.csv + india_code,VERIFIED,template_expansion_reverse_lookup
P7_0926,concordance_v1_internal,503,351,renumbered,concordance_v1.csv + india_code,VERIFIED,template_expansion_reverse_lookup
P7_0927,concordance_v1_internal,504,352,renumbered,concordance_v1.csv + india_code,VERIFIED,template_expansion_from_concordance_row
P7_0928,concordance_v1_internal,504,352,renumbered,concordance_v1.csv + india_code,VERIFIED,template_expansion_from_concordance_row
P7_0929,concordance_v1_internal,504,352,renumbered,concordance_v1.csv + india_code,VERIFIED,template_expansion_from_concordance_row
P7_0930,concordance_v1_internal,504,352,renumbered,concordance_v1.csv + india_code,VERIFIED,template_expansion_current_law
P7_0931,concordance_v1_internal,504,352,renumbered,concordance_v1.csv + india_code,VERIFIED,template_expansion_current_law
P7_0932,concordance_v1_internal,504,352,renumbered,concordance_v1.csv + india_code,VERIFIED,template_expansion_reverse_lookup
P7_0933,concordance_v1_internal,504,352,renumbered,concordance_v1.csv + india_code,VERIFIED,template_expansion_reverse_lookup
P7_0934,concordance_v1_internal,506,351,renumbered,concordance_v1.csv + india_code,VERIFIED,template_expansion_from_concordance_row
P7_0935,concordance_v1_internal,506,351,renumbered,concordance_v1.csv + india_code,VERIFIED,template_expansion_from_concordance_row
P7_0936,concordance_v1_internal,506,351,renumbered,concordance_v1.csv + india_code,VERIFIED,template_expansion_from_concordance_row
P7_0937,concordance_v1_internal,506,351,renumbered,concordance_v1.csv + india_code,VERIFIED,template_expansion_current_law
P7_0938,concordance_v1_internal,506,351,renumbered,concordance_v1.csv + india_code,VERIFIED,template_expansion_current_law
P7_0939,concordance_v1_internal,509,79,renumbered,concordance_v1.csv + india_code,VERIFIED,template_expansion_from_concordance_row
P7_0940,concordance_v1_internal,509,79,renumbered,concordance_v1.csv + india_code,VERIFIED,template_expansion_from_concordance_row
P7_0941,concordance_v1_internal,509,79,renumbered,concordance_v1.csv + india_code,VERIFIED,template_expansion_from_concordance_row
P7_0942,concordance_v1_internal,509,79,renumbered,concordance_v1.csv + india_code,VERIFIED,template_expansion_current_law
P7_0943,concordance_v1_internal,509,79,renumbered,concordance_v1.csv + india_code,VERIFIED,template_expansion_current_law
P7_0944,concordance_v1_internal,509,79,renumbered,concordance_v1.csv + india_code,VERIFIED,template_expansion_reverse_lookup
P7_0945,concordance_v1_internal,509,79,renumbered,concordance_v1.csv + india_code,VERIFIED,template_expansion_reverse_lookup
P7_0946,concordance_v1_internal,511,62,renumbered,concordance_v1.csv + india_code,VERIFIED,template_expansion_from_concordance_row
P7_0947,concordance_v1_internal,511,62,renumbered,concordance_v1.csv + india_code,VERIFIED,template_expansion_from_concordance_row
P7_0948,concordance_v1_internal,511,62,renumbered,concordance_v1.csv + india_code,VERIFIED,template_expansion_from_concordance_row
P7_0949,concordance_v1_internal,511,62,renumbered,concordance_v1.csv + india_code,VERIFIED,template_expansion_current_law
P7_0950,concordance_v1_internal,511,62,renumbered,concordance_v1.csv + india_code,VERIFIED,template_expansion_current_law
P7_0951,concordance_v1_internal,511,62,renumbered,concordance_v1.csv + india_code,VERIFIED,template_expansion_reverse_lookup
P7_0952,concordance_v1_internal,511,62,renumbered,concordance_v1.csv + india_code,VERIFIED,template_expansion_reverse_lookup
P7_0953,crpc_bnss_internal_map,154,173,exact,CRPC_TO_BNSS_MAP + india_code,VERIFIED,template_expansion_from_crpc_bnss_map
P7_0954,crpc_bnss_internal_map,154,173,exact,CRPC_TO_BNSS_MAP + india_code,VERIFIED,template_expansion_from_crpc_bnss_map
P7_0955,crpc_bnss_internal_map,154,173,exact,CRPC_TO_BNSS_MAP + india_code,VERIFIED,template_expansion_from_crpc_bnss_map
P7_0956,crpc_bnss_internal_map,154,173,exact,CRPC_TO_BNSS_MAP + india_code,VERIFIED,template_expansion_from_crpc_bnss_map
P7_0957,crpc_bnss_internal_map,41,35,exact,CRPC_TO_BNSS_MAP + india_code,VERIFIED,template_expansion_from_crpc_bnss_map
P7_0958,crpc_bnss_internal_map,41,35,exact,CRPC_TO_BNSS_MAP + india_code,VERIFIED,template_expansion_from_crpc_bnss_map
P7_0959,crpc_bnss_internal_map,41,35,exact,CRPC_TO_BNSS_MAP + india_code,VERIFIED,template_expansion_from_crpc_bnss_map
P7_0960,crpc_bnss_internal_map,41,35,exact,CRPC_TO_BNSS_MAP + india_code,VERIFIED,template_expansion_from_crpc_bnss_map
P7_0961,crpc_bnss_internal_map,47,44,exact,CRPC_TO_BNSS_MAP + india_code,VERIFIED,template_expansion_from_crpc_bnss_map
P7_0962,crpc_bnss_internal_map,47,44,exact,CRPC_TO_BNSS_MAP + india_code,VERIFIED,template_expansion_from_crpc_bnss_map
P7_0963,crpc_bnss_internal_map,47,44,exact,CRPC_TO_BNSS_MAP + india_code,VERIFIED,template_expansion_from_crpc_bnss_map
P7_0964,crpc_bnss_internal_map,47,44,exact,CRPC_TO_BNSS_MAP + india_code,VERIFIED,template_expansion_from_crpc_bnss_map
P7_0965,crpc_bnss_internal_map,167,187,modified,CRPC_TO_BNSS_MAP + india_code,VERIFIED,template_expansion_from_crpc_bnss_map
P7_0966,crpc_bnss_internal_map,167,187,modified,CRPC_TO_BNSS_MAP + india_code,VERIFIED,template_expansion_from_crpc_bnss_map
P7_0967,crpc_bnss_internal_map,167,187,modified,CRPC_TO_BNSS_MAP + india_code,VERIFIED,template_expansion_from_crpc_bnss_map
P7_0968,crpc_bnss_internal_map,167,187,modified,CRPC_TO_BNSS_MAP + india_code,VERIFIED,template_expansion_from_crpc_bnss_map
P7_0969,crpc_bnss_internal_map,438,482,exact,CRPC_TO_BNSS_MAP + india_code,VERIFIED,template_expansion_from_crpc_bnss_map
P7_0970,crpc_bnss_internal_map,438,482,exact,CRPC_TO_BNSS_MAP + india_code,VERIFIED,template_expansion_from_crpc_bnss_map
P7_0971,crpc_bnss_internal_map,438,482,exact,CRPC_TO_BNSS_MAP + india_code,VERIFIED,template_expansion_from_crpc_bnss_map
P7_0972,crpc_bnss_internal_map,438,482,exact,CRPC_TO_BNSS_MAP + india_code,VERIFIED,template_expansion_from_crpc_bnss_map
P7_0973,crpc_bnss_internal_map,437,480,exact,CRPC_TO_BNSS_MAP + india_code,VERIFIED,template_expansion_from_crpc_bnss_map
P7_0974,crpc_bnss_internal_map,437,480,exact,CRPC_TO_BNSS_MAP + india_code,VERIFIED,template_expansion_from_crpc_bnss_map
P7_0975,crpc_bnss_internal_map,437,480,exact,CRPC_TO_BNSS_MAP + india_code,VERIFIED,template_expansion_from_crpc_bnss_map
P7_0976,crpc_bnss_internal_map,437,480,exact,CRPC_TO_BNSS_MAP + india_code,VERIFIED,template_expansion_from_crpc_bnss_map
P7_0977,crpc_bnss_internal_map,144,163,exact,CRPC_TO_BNSS_MAP + india_code,VERIFIED,template_expansion_from_crpc_bnss_map
P7_0978,crpc_bnss_internal_map,144,163,exact,CRPC_TO_BNSS_MAP + india_code,VERIFIED,template_expansion_from_crpc_bnss_map
P7_0979,crpc_bnss_internal_map,144,163,exact,CRPC_TO_BNSS_MAP + india_code,VERIFIED,template_expansion_from_crpc_bnss_map
P7_0980,crpc_bnss_internal_map,144,163,exact,CRPC_TO_BNSS_MAP + india_code,VERIFIED,template_expansion_from_crpc_bnss_map
P7_0981,crpc_bnss_internal_map,173,193,exact,CRPC_TO_BNSS_MAP + india_code,VERIFIED,template_expansion_from_crpc_bnss_map
P7_0982,crpc_bnss_internal_map,173,193,exact,CRPC_TO_BNSS_MAP + india_code,VERIFIED,template_expansion_from_crpc_bnss_map
P7_0983,crpc_bnss_internal_map,173,193,exact,CRPC_TO_BNSS_MAP + india_code,VERIFIED,template_expansion_from_crpc_bnss_map
P7_0984,crpc_bnss_internal_map,173,193,exact,CRPC_TO_BNSS_MAP + india_code,VERIFIED,template_expansion_from_crpc_bnss_map
P7_0985,crpc_bnss_internal_map,164,183,exact,CRPC_TO_BNSS_MAP + india_code,VERIFIED,template_expansion_from_crpc_bnss_map
P7_0986,crpc_bnss_internal_map,164,183,exact,CRPC_TO_BNSS_MAP + india_code,VERIFIED,template_expansion_from_crpc_bnss_map
P7_0987,crpc_bnss_internal_map,164,183,exact,CRPC_TO_BNSS_MAP + india_code,VERIFIED,template_expansion_from_crpc_bnss_map
P7_0988,crpc_bnss_internal_map,164,183,exact,CRPC_TO_BNSS_MAP + india_code,VERIFIED,template_expansion_from_crpc_bnss_map
P7_0989,crpc_bnss_internal_map,174,194,exact,CRPC_TO_BNSS_MAP + india_code,VERIFIED,template_expansion_from_crpc_bnss_map
P7_0990,crpc_bnss_internal_map,174,194,exact,CRPC_TO_BNSS_MAP + india_code,VERIFIED,template_expansion_from_crpc_bnss_map
P7_0991,crpc_bnss_internal_map,174,194,exact,CRPC_TO_BNSS_MAP + india_code,VERIFIED,template_expansion_from_crpc_bnss_map
P7_0992,crpc_bnss_internal_map,174,194,exact,CRPC_TO_BNSS_MAP + india_code,VERIFIED,template_expansion_from_crpc_bnss_map
P7_0993,crpc_bnss_internal_map,106,125,exact,CRPC_TO_BNSS_MAP + india_code,VERIFIED,template_expansion_from_crpc_bnss_map
P7_0994,crpc_bnss_internal_map,106,125,exact,CRPC_TO_BNSS_MAP + india_code,VERIFIED,template_expansion_from_crpc_bnss_map
P7_0995,crpc_bnss_internal_map,106,125,exact,CRPC_TO_BNSS_MAP + india_code,VERIFIED,template_expansion_from_crpc_bnss_map
P7_0996,crpc_bnss_internal_map,106,125,exact,CRPC_TO_BNSS_MAP + india_code,VERIFIED,template_expansion_from_crpc_bnss_map
P7_0997,crpc_bnss_internal_map,125,144,exact,CRPC_TO_BNSS_MAP + india_code,VERIFIED,template_expansion_from_crpc_bnss_map
P7_0998,crpc_bnss_internal_map,125,144,exact,CRPC_TO_BNSS_MAP + india_code,VERIFIED,template_expansion_from_crpc_bnss_map
P7_0999,crpc_bnss_internal_map,125,144,exact,CRPC_TO_BNSS_MAP + india_code,VERIFIED,template_expansion_from_crpc_bnss_map
P7_1000,crpc_bnss_internal_map,125,144,exact,CRPC_TO_BNSS_MAP + india_code,VERIFIED,template_expansion_from_crpc_bnss_map
P7_1001,crpc_bnss_internal_map,265A,289,exact,CRPC_TO_BNSS_MAP + india_code,VERIFIED,template_expansion_from_crpc_bnss_map
P7_1002,crpc_bnss_internal_map,265A,289,exact,CRPC_TO_BNSS_MAP + india_code,VERIFIED,template_expansion_from_crpc_bnss_map
P7_1003,crpc_bnss_internal_map,265A,289,exact,CRPC_TO_BNSS_MAP + india_code,VERIFIED,template_expansion_from_crpc_bnss_map
P7_1004,crpc_bnss_internal_map,265A,289,exact,CRPC_TO_BNSS_MAP + india_code,VERIFIED,template_expansion_from_crpc_bnss_map
P7_1005,crpc_bnss_internal_map,260,283,exact,CRPC_TO_BNSS_MAP + india_code,VERIFIED,template_expansion_from_crpc_bnss_map
P7_1006,crpc_bnss_internal_map,260,283,exact,CRPC_TO_BNSS_MAP + india_code,VERIFIED,template_expansion_from_crpc_bnss_map
P7_1007,crpc_bnss_internal_map,260,283,exact,CRPC_TO_BNSS_MAP + india_code,VERIFIED,template_expansion_from_crpc_bnss_map
P7_1008,crpc_bnss_internal_map,260,283,exact,CRPC_TO_BNSS_MAP + india_code,VERIFIED,template_expansion_from_crpc_bnss_map
P7_1009,crpc_bnss_internal_map,320,359,exact,CRPC_TO_BNSS_MAP + india_code,VERIFIED,template_expansion_from_crpc_bnss_map
P7_1010,crpc_bnss_internal_map,320,359,exact,CRPC_TO_BNSS_MAP + india_code,VERIFIED,template_expansion_from_crpc_bnss_map
P7_1011,crpc_bnss_internal_map,320,359,exact,CRPC_TO_BNSS_MAP + india_code,VERIFIED,template_expansion_from_crpc_bnss_map
P7_1012,crpc_bnss_internal_map,320,359,exact,CRPC_TO_BNSS_MAP + india_code,VERIFIED,template_expansion_from_crpc_bnss_map
P7_1013,crpc_bnss_internal_map,321,360,exact,CRPC_TO_BNSS_MAP + india_code,VERIFIED,template_expansion_from_crpc_bnss_map
P7_1014,crpc_bnss_internal_map,321,360,exact,CRPC_TO_BNSS_MAP + india_code,VERIFIED,template_expansion_from_crpc_bnss_map
P7_1015,crpc_bnss_internal_map,321,360,exact,CRPC_TO_BNSS_MAP + india_code,VERIFIED,template_expansion_from_crpc_bnss_map
P7_1016,crpc_bnss_internal_map,321,360,exact,CRPC_TO_BNSS_MAP + india_code,VERIFIED,template_expansion_from_crpc_bnss_map
P7_1017,crpc_bnss_internal_map,374,415,exact,CRPC_TO_BNSS_MAP + india_code,VERIFIED,template_expansion_from_crpc_bnss_map
P7_1018,crpc_bnss_internal_map,374,415,exact,CRPC_TO_BNSS_MAP + india_code,VERIFIED,template_expansion_from_crpc_bnss_map
P7_1019,crpc_bnss_internal_map,374,415,exact,CRPC_TO_BNSS_MAP + india_code,VERIFIED,template_expansion_from_crpc_bnss_map
P7_1020,crpc_bnss_internal_map,374,415,exact,CRPC_TO_BNSS_MAP + india_code,VERIFIED,template_expansion_from_crpc_bnss_map
P7_1021,crpc_bnss_internal_map,378,419,exact,CRPC_TO_BNSS_MAP + india_code,VERIFIED,template_expansion_from_crpc_bnss_map
P7_1022,crpc_bnss_internal_map,378,419,exact,CRPC_TO_BNSS_MAP + india_code,VERIFIED,template_expansion_from_crpc_bnss_map
P7_1023,crpc_bnss_internal_map,378,419,exact,CRPC_TO_BNSS_MAP + india_code,VERIFIED,template_expansion_from_crpc_bnss_map
P7_1024,crpc_bnss_internal_map,378,419,exact,CRPC_TO_BNSS_MAP + india_code,VERIFIED,template_expansion_from_crpc_bnss_map
P7_1025,crpc_bnss_internal_map,482,528,exact,CRPC_TO_BNSS_MAP + india_code,VERIFIED,template_expansion_from_crpc_bnss_map
P7_1026,crpc_bnss_internal_map,482,528,exact,CRPC_TO_BNSS_MAP + india_code,VERIFIED,template_expansion_from_crpc_bnss_map
P7_1027,crpc_bnss_internal_map,482,528,exact,CRPC_TO_BNSS_MAP + india_code,VERIFIED,template_expansion_from_crpc_bnss_map
P7_1028,crpc_bnss_internal_map,482,528,exact,CRPC_TO_BNSS_MAP + india_code,VERIFIED,template_expansion_from_crpc_bnss_map
P7_1029,crpc_bnss_internal_map,428,468,exact,CRPC_TO_BNSS_MAP + india_code,VERIFIED,template_expansion_from_crpc_bnss_map
P7_1030,crpc_bnss_internal_map,428,468,exact,CRPC_TO_BNSS_MAP + india_code,VERIFIED,template_expansion_from_crpc_bnss_map
P7_1031,crpc_bnss_internal_map,428,468,exact,CRPC_TO_BNSS_MAP + india_code,VERIFIED,template_expansion_from_crpc_bnss_map
P7_1032,crpc_bnss_internal_map,428,468,exact,CRPC_TO_BNSS_MAP + india_code,VERIFIED,template_expansion_from_crpc_bnss_map
P7_1033,crpc_bnss_internal_map,366,453,exact,CRPC_TO_BNSS_MAP + india_code,VERIFIED,template_expansion_from_crpc_bnss_map
P7_1034,crpc_bnss_internal_map,366,453,exact,CRPC_TO_BNSS_MAP + india_code,VERIFIED,template_expansion_from_crpc_bnss_map
P7_1035,crpc_bnss_internal_map,366,453,exact,CRPC_TO_BNSS_MAP + india_code,VERIFIED,template_expansion_from_crpc_bnss_map
P7_1036,crpc_bnss_internal_map,366,453,exact,CRPC_TO_BNSS_MAP + india_code,VERIFIED,template_expansion_from_crpc_bnss_map
P7_1037,crpc_bnss_internal_map,356,356,exact,CRPC_TO_BNSS_MAP + india_code,VERIFIED,template_expansion_from_crpc_bnss_map
P7_1038,crpc_bnss_internal_map,356,356,exact,CRPC_TO_BNSS_MAP + india_code,VERIFIED,template_expansion_from_crpc_bnss_map
P7_1039,crpc_bnss_internal_map,356,356,exact,CRPC_TO_BNSS_MAP + india_code,VERIFIED,template_expansion_from_crpc_bnss_map
P7_1040,crpc_bnss_internal_map,356,356,exact,CRPC_TO_BNSS_MAP + india_code,VERIFIED,template_expansion_from_crpc_bnss_map
P7_1041,crpc_bnss_internal_map,176(3),176(3),exact,CRPC_TO_BNSS_MAP + india_code,VERIFIED,template_expansion_from_crpc_bnss_map
P7_1042,crpc_bnss_internal_map,176(3),176(3),exact,CRPC_TO_BNSS_MAP + india_code,VERIFIED,template_expansion_from_crpc_bnss_map
P7_1043,crpc_bnss_internal_map,176(3),176(3),exact,CRPC_TO_BNSS_MAP + india_code,VERIFIED,template_expansion_from_crpc_bnss_map
P7_1044,crpc_bnss_internal_map,176(3),176(3),exact,CRPC_TO_BNSS_MAP + india_code,VERIFIED,template_expansion_from_crpc_bnss_map
P7_1045,crpc_bnss_internal_map,105,105,exact,CRPC_TO_BNSS_MAP + india_code,VERIFIED,template_expansion_from_crpc_bnss_map
P7_1046,crpc_bnss_internal_map,105,105,exact,CRPC_TO_BNSS_MAP + india_code,VERIFIED,template_expansion_from_crpc_bnss_map
P7_1047,crpc_bnss_internal_map,105,105,exact,CRPC_TO_BNSS_MAP + india_code,VERIFIED,template_expansion_from_crpc_bnss_map
P7_1048,crpc_bnss_internal_map,105,105,exact,CRPC_TO_BNSS_MAP + india_code,VERIFIED,template_expansion_from_crpc_bnss_map
P7_1049,crpc_bnss_internal_map,472,472,exact,CRPC_TO_BNSS_MAP + india_code,VERIFIED,template_expansion_from_crpc_bnss_map
P7_1050,crpc_bnss_internal_map,472,472,exact,CRPC_TO_BNSS_MAP + india_code,VERIFIED,template_expansion_from_crpc_bnss_map
P7_1051,crpc_bnss_internal_map,472,472,exact,CRPC_TO_BNSS_MAP + india_code,VERIFIED,template_expansion_from_crpc_bnss_map
P7_1052,crpc_bnss_internal_map,472,472,exact,CRPC_TO_BNSS_MAP + india_code,VERIFIED,template_expansion_from_crpc_bnss_map
P7_1053,crpc_bnss_internal_map,83,86,exact,CRPC_TO_BNSS_MAP + india_code,VERIFIED,template_expansion_from_crpc_bnss_map
P7_1054,crpc_bnss_internal_map,83,86,exact,CRPC_TO_BNSS_MAP + india_code,VERIFIED,template_expansion_from_crpc_bnss_map
P7_1055,crpc_bnss_internal_map,83,86,exact,CRPC_TO_BNSS_MAP + india_code,VERIFIED,template_expansion_from_crpc_bnss_map
P7_1056,crpc_bnss_internal_map,83,86,exact,CRPC_TO_BNSS_MAP + india_code,VERIFIED,template_expansion_from_crpc_bnss_map
P7_1057,crpc_bnss_internal_map,530,530,exact,CRPC_TO_BNSS_MAP + india_code,VERIFIED,template_expansion_from_crpc_bnss_map
P7_1058,crpc_bnss_internal_map,530,530,exact,CRPC_TO_BNSS_MAP + india_code,VERIFIED,template_expansion_from_crpc_bnss_map
P7_1059,crpc_bnss_internal_map,530,530,exact,CRPC_TO_BNSS_MAP + india_code,VERIFIED,template_expansion_from_crpc_bnss_map
P7_1060,crpc_bnss_internal_map,530,530,exact,CRPC_TO_BNSS_MAP + india_code,VERIFIED,template_expansion_from_crpc_bnss_map
P7_1061,hand_curated_scenario,302,103,renumbered,concordance_v1.csv + india_code + crpc_bnss_map,VERIFIED,hand_curated_realistic_scenario
P7_1062,hand_curated_scenario,420,318,renumbered,concordance_v1.csv + india_code + crpc_bnss_map,VERIFIED,hand_curated_realistic_scenario
P7_1063,hand_curated_scenario,403,314,renumbered,concordance_v1.csv + india_code + crpc_bnss_map,VERIFIED,hand_curated_realistic_scenario
P7_1064,hand_curated_scenario,391,310,renumbered,concordance_v1.csv + india_code + crpc_bnss_map,VERIFIED,hand_curated_realistic_scenario
P7_1065,hand_curated_scenario,468,338,renumbered,concordance_v1.csv + india_code + crpc_bnss_map,VERIFIED,hand_curated_realistic_scenario
P7_1066,hand_curated_scenario,498A,85,renumbered,concordance_v1.csv + india_code + crpc_bnss_map,VERIFIED,hand_curated_realistic_scenario
P7_1067,hand_curated_scenario,342,127,renumbered,concordance_v1.csv + india_code + crpc_bnss_map,VERIFIED,hand_curated_realistic_scenario
P7_1068,hand_curated_scenario,193,229,renumbered,concordance_v1.csv + india_code + crpc_bnss_map,VERIFIED,hand_curated_realistic_scenario
P7_1069,hand_curated_scenario,330,114,renumbered,concordance_v1.csv + india_code + crpc_bnss_map,VERIFIED,hand_curated_realistic_scenario
P7_1070,hand_curated_scenario,506,351,renumbered,concordance_v1.csv + india_code + crpc_bnss_map,VERIFIED,hand_curated_realistic_scenario
P7_1071,hand_curated_scenario,,303(2),new_in_bns,concordance_v1.csv + india_code + crpc_bnss_map,VERIFIED,hand_curated_realistic_scenario
P7_1072,hand_curated_scenario,409,316,renumbered,concordance_v1.csv + india_code + crpc_bnss_map,VERIFIED,hand_curated_realistic_scenario
P7_1073,hand_curated_scenario,436,326,renumbered,concordance_v1.csv + india_code + crpc_bnss_map,VERIFIED,hand_curated_realistic_scenario
P7_1074,hand_curated_scenario,375,63,renumbered,concordance_v1.csv + india_code + crpc_bnss_map,VERIFIED,hand_curated_realistic_scenario
P7_1075,hand_curated_scenario,441,329,renumbered,concordance_v1.csv + india_code + crpc_bnss_map,VERIFIED,hand_curated_realistic_scenario
P7_1076,hand_curated_scenario,489A,178,renumbered,concordance_v1.csv + india_code + crpc_bnss_map,VERIFIED,hand_curated_realistic_scenario
P7_1077,hand_curated_scenario,499,356,renumbered,concordance_v1.csv + india_code + crpc_bnss_map,VERIFIED,hand_curated_realistic_scenario
P7_1078,hand_curated_scenario,304B,80,renumbered,concordance_v1.csv + india_code + crpc_bnss_map,VERIFIED,hand_curated_realistic_scenario
P7_1079,hand_curated_scenario,,111,new_in_bns,concordance_v1.csv + india_code + crpc_bnss_map,VERIFIED,hand_curated_realistic_scenario
P7_1080,hand_curated_scenario,354A,75,renumbered,concordance_v1.csv + india_code + crpc_bnss_map,VERIFIED,hand_curated_realistic_scenario
P7_1081,hand_curated_scenario,167,187,modified,concordance_v1.csv + india_code + crpc_bnss_map,VERIFIED,hand_curated_realistic_scenario
P7_1082,hand_curated_scenario,438,482,exact,concordance_v1.csv + india_code + crpc_bnss_map,VERIFIED,hand_curated_realistic_scenario
P7_1083,hand_curated_scenario,154,173,exact,concordance_v1.csv + india_code + crpc_bnss_map,VERIFIED,hand_curated_realistic_scenario
P7_1084,hand_curated_scenario,144,163,exact,concordance_v1.csv + india_code + crpc_bnss_map,VERIFIED,hand_curated_realistic_scenario
P7_1085,hand_curated_scenario,356,356,exact,concordance_v1.csv + india_code + crpc_bnss_map,VERIFIED,hand_curated_realistic_scenario
P7_1086,concordance_v1_internal,124A,REPEALED,repealed,concordance_v1.csv + Supreme Court judgments,VERIFIED,hand_curated_repealed_provision_question
P7_1087,concordance_v1_internal,377,REPEALED,repealed,concordance_v1.csv + Supreme Court judgments,VERIFIED,hand_curated_repealed_provision_question
P7_1088,concordance_v1_internal,497,REPEALED,repealed,concordance_v1.csv + Supreme Court judgments,VERIFIED,hand_curated_repealed_provision_question
P7_1089,concordance_v1_internal,124A,REPEALED,repealed,concordance_v1.csv + Supreme Court judgments,VERIFIED,hand_curated_repealed_provision_question
P7_1090,concordance_v1_internal,377,REPEALED,repealed,concordance_v1.csv + Supreme Court judgments,VERIFIED,hand_curated_repealed_provision_question
P7_1091,concordance_v1_internal,497,REPEALED,repealed,concordance_v1.csv + Supreme Court judgments,VERIFIED,hand_curated_repealed_provision_question
P7_1092,concordance_v1_internal,33,"2(1),2(25)",split,concordance_v1.csv + india_code,VERIFIED,hand_curated_split_provision_question
P7_1093,concordance_v1_internal,120A,61,split,concordance_v1.csv + india_code,VERIFIED,hand_curated_split_provision_question
P7_1094,concordance_v1_internal,376DA,70,split,concordance_v1.csv + india_code,VERIFIED,hand_curated_split_provision_question
P7_1095,concordance_v1_internal,375,"63,64,65,66,67,68,69,70",split,concordance_v1.csv + india_code,VERIFIED,hand_curated_split_provision_question
P7_1096,concordance_v1_internal,11,2(24),split,concordance_v1.csv + india_code,VERIFIED,hand_curated_split_provision_question
P7_1097,concordance_v1_internal,"120A,120B",61,merged,concordance_v1.csv + india_code,VERIFIED,hand_curated_merged_provision_question
P7_1098,concordance_v1_internal,"376DA,376DB,376D",70,merged,concordance_v1.csv + india_code,VERIFIED,hand_curated_merged_provision_question
P7_1099,concordance_v1_internal,"378,379",303,merged,concordance_v1.csv + india_code,VERIFIED,hand_curated_merged_provision_question
P7_1100,concordance_v1_internal,"499,500",356,merged,concordance_v1.csv + india_code,VERIFIED,hand_curated_merged_provision_question
P7_1101,concordance_v1_internal,"390,392",309,merged,concordance_v1.csv + india_code,VERIFIED,hand_curated_merged_provision_question
P7_1102,concordance_v1_internal,167,187,modified,concordance_v1.csv + india_code,VERIFIED,hand_curated_changed_provision_question
P7_1103,concordance_v1_internal,376B,67,modified,concordance_v1.csv + india_code,VERIFIED,hand_curated_changed_provision_question
P7_1104,concordance_v1_internal,370,143,modified,concordance_v1.csv + india_code,VERIFIED,hand_curated_changed_provision_question
P7_1105,concordance_v1_internal,302,103,renumbered,concordance_v1.csv + india_code,VERIFIED,hand_curated_changed_provision_question
P7_1106,concordance_v1_internal,364A,140,modified,concordance_v1.csv + india_code,VERIFIED,hand_curated_changed_provision_question
P7_1107,concordance_v1_internal,376,64,modified,concordance_v1.csv + india_code,VERIFIED,hand_curated_changed_provision_question
P7_1108,adversarial_hand_constructed,,425,hallucinated,concordance_v1.csv + india_code + legal reasoning,VERIFIED,hand_constructed_adversarial_case
P7_1109,adversarial_hand_constructed,511,,hallucinated,concordance_v1.csv + india_code + legal reasoning,VERIFIED,hand_constructed_adversarial_case
P7_1110,adversarial_hand_constructed,,999,hallucinated,concordance_v1.csv + india_code + legal reasoning,VERIFIED,hand_constructed_adversarial_case
P7_1111,adversarial_hand_constructed,302,103,incorrect_mapping,concordance_v1.csv + india_code + legal reasoning,VERIFIED,hand_constructed_adversarial_case
P7_1112,adversarial_hand_constructed,420,318,incorrect_mapping,concordance_v1.csv + india_code + legal reasoning,VERIFIED,hand_constructed_adversarial_case
P7_1113,adversarial_hand_constructed,302,103,temporal_error,concordance_v1.csv + india_code + legal reasoning,VERIFIED,hand_constructed_adversarial_case
P7_1114,adversarial_hand_constructed,124A,,repealed_provision,concordance_v1.csv + india_code + legal reasoning,VERIFIED,hand_constructed_adversarial_case
P7_1115,adversarial_hand_constructed,377,,repealed_provision,concordance_v1.csv + india_code + legal reasoning,VERIFIED,hand_constructed_adversarial_case
P7_1116,adversarial_hand_constructed,497,,repealed_provision,concordance_v1.csv + india_code + legal reasoning,VERIFIED,hand_constructed_adversarial_case
P7_1117,adversarial_hand_constructed,379,303,cross_statute_error,concordance_v1.csv + india_code + legal reasoning,VERIFIED,hand_constructed_adversarial_case
P7_1118,adversarial_hand_constructed,,101,near_miss,concordance_v1.csv + india_code + legal reasoning,VERIFIED,hand_constructed_adversarial_case
P7_1119,adversarial_hand_constructed,300,101,near_miss,concordance_v1.csv + india_code + legal reasoning,VERIFIED,hand_constructed_adversarial_case
P7_1120,adversarial_hand_constructed,,316,non_responsive,concordance_v1.csv + india_code + legal reasoning,VERIFIED,hand_constructed_adversarial_case
P7_1121,adversarial_hand_constructed,154,173,incorrect_mapping,concordance_v1.csv + india_code + legal reasoning,VERIFIED,hand_constructed_adversarial_case
P7_1122,adversarial_hand_constructed,438,482,incorrect_mapping,concordance_v1.csv + india_code + legal reasoning,VERIFIED,hand_constructed_adversarial_case
P7_1123,adversarial_hand_constructed,,420A,hallucinated,concordance_v1.csv + india_code + legal reasoning,VERIFIED,hand_constructed_adversarial_case
P7_1124,adversarial_hand_constructed,,302A,hallucinated,concordance_v1.csv + india_code + legal reasoning,VERIFIED,hand_constructed_adversarial_case
P7_1125,adversarial_hand_constructed,302,103,temporal_error,concordance_v1.csv + india_code + legal reasoning,VERIFIED,hand_constructed_adversarial_case
P7_1126,hand_curated_temporal,IPC_302_historical,BNS_103_current,temporal,concordance_v1.csv + crpc_bnss_map + transition_date,VERIFIED,hand_curated_temporal_question
P7_1127,hand_curated_temporal,IPC_378_379_historical,BNS_303_current,temporal,concordance_v1.csv + crpc_bnss_map + transition_date,VERIFIED,hand_curated_temporal_question
P7_1128,hand_curated_temporal,IPC_364A_historical,BNS_140_current,temporal,concordance_v1.csv + crpc_bnss_map + transition_date,VERIFIED,hand_curated_temporal_question
P7_1129,hand_curated_temporal,CrPC_437_historical,BNSS_480_current,temporal,concordance_v1.csv + crpc_bnss_map + transition_date,VERIFIED,hand_curated_temporal_question
P7_1130,hand_curated_temporal,CrPC_154_historical,BNSS_173_current,temporal,concordance_v1.csv + crpc_bnss_map + transition_date,VERIFIED,hand_curated_temporal_question
P7_1131,hand_curated_temporal,IPC_420_pre_transition,BNS_318_post_transition,temporal,concordance_v1.csv + crpc_bnss_map + transition_date,VERIFIED,hand_curated_temporal_question
P7_1132,hand_curated_temporal,IPC_383_historical,BNS_308_current,temporal,concordance_v1.csv + crpc_bnss_map + transition_date,VERIFIED,hand_curated_temporal_question
P7_1133,hand_curated_temporal,CrPC_438_historical,BNSS_482_current,temporal,concordance_v1.csv + crpc_bnss_map + transition_date,VERIFIED,hand_curated_temporal_question
P7_1134,hand_curated_temporal,IPC_498A_historical,BNS_85_current,temporal,concordance_v1.csv + crpc_bnss_map + transition_date,VERIFIED,hand_curated_temporal_question
P7_1135,hand_curated_temporal,IPC_376D_historical,BNS_70_current,temporal,concordance_v1.csv + crpc_bnss_map + transition_date,VERIFIED,hand_curated_temporal_question
P7_1136,concordance_v1_internal,NONE,69,new_in_bns,concordance_v1.csv + india_code,VERIFIED,hand_curated_new_bns_provision_question
P7_1137,concordance_v1_internal,NONE,111,new_in_bns,concordance_v1.csv + india_code,VERIFIED,hand_curated_new_bns_provision_question
P7_1138,concordance_v1_internal,NONE,112,new_in_bns,concordance_v1.csv + india_code,VERIFIED,hand_curated_new_bns_provision_question
P7_1139,concordance_v1_internal,NONE,113,new_in_bns,concordance_v1.csv + india_code,VERIFIED,hand_curated_new_bns_provision_question
P7_1140,concordance_v1_internal,NONE,303(2),new_in_bns,concordance_v1.csv + india_code,VERIFIED,hand_curated_new_bns_provision_question
