question_id,question,expected_answer,expected_sections,expected_act,source_dataset,source_record_id,source_document,source_url,source_year,question_type,category,mapping_type,old_section,new_section,ground_truth_source,ground_truth_reference,verified_against_authoritative_source,verification_date,is_synthetic,synthetic_transformation,adversarial_type
P7_0001,Which section in BNS 2023 corresponds to IPC Section 1?,IPC Section 1 (Title and extent of operation of the Code) corresponds to BNS Section 1 (Short title commencement and application). Note: BNS adds applicability provisions,1,BNS,concordance_v1_internal,ipc_1,data/02_ground_truth/concordance_v1.csv,data/02_ground_truth/concordance_v1.csv,2025,transition,A_ipc_bns_direct,renumbered,1,1,concordance_v1.csv + india_code,concordance_v1.csv row ipc_section=1,True,2026-09-04,True,template_expansion_from_concordance_row,
P7_0002,What is the BNS 2023 equivalent of IPC Section 1?,"Under BNS 2023, IPC Section 1 (Title and extent of operation of the Code) has been renumbered/replaced by Section 1 (Short title commencement and application). Note: BNS adds applicability provisions",1,BNS,concordance_v1_internal,ipc_1,data/02_ground_truth/concordance_v1.csv,data/02_ground_truth/concordance_v1.csv,2025,transition,A_ipc_bns_direct,renumbered,1,1,concordance_v1.csv + india_code,concordance_v1.csv row ipc_section=1,True,2026-09-04,True,template_expansion_from_concordance_row,
P7_0003,"Under the Bharatiya Nyaya Sanhita 2023, which provision replaced IPC Section 1?",IPC Section 1 was replaced by BNS Section 1 (Short title commencement and application) with effect from 1 July 2024. Note: BNS adds applicability provisions,1,BNS,concordance_v1_internal,ipc_1,data/02_ground_truth/concordance_v1.csv,data/02_ground_truth/concordance_v1.csv,2025,transition,A_ipc_bns_direct,renumbered,1,1,concordance_v1.csv + india_code,concordance_v1.csv row ipc_section=1,True,2026-09-04,True,template_expansion_from_concordance_row,
P7_0004,What is the current BNS provision dealing with title and extent of operation of the code?,The current provision dealing with title and extent of operation of the code is BNS Section 1 (Short title commencement and application).,1,BNS,concordance_v1_internal,ipc_1,data/02_ground_truth/concordance_v1.csv,data/02_ground_truth/concordance_v1.csv,2025,punishment_lookup,A_ipc_bns_direct,renumbered,1,1,concordance_v1.csv + india_code,concordance_v1.csv row ipc_section=1,True,2026-09-04,True,template_expansion_current_law,
P7_0005,"Under current Indian criminal law, which section covers title and extent of operation of the code?","Under BNS 2023 (effective 1 July 2024), title and extent of operation of the code is governed by Section 1 (Short title commencement and application).",1,BNS,concordance_v1_internal,ipc_1,data/02_ground_truth/concordance_v1.csv,data/02_ground_truth/concordance_v1.csv,2025,punishment_lookup,A_ipc_bns_direct,renumbered,1,1,concordance_v1.csv + india_code,concordance_v1.csv row ipc_section=1,True,2026-09-04,True,template_expansion_current_law,
P7_0006,Which IPC section did BNS Section 1 replace?,BNS Section 1 (Short title commencement and application) replaced IPC Section 1 (Title and extent of operation of the Code).,1,IPC,concordance_v1_internal,bns_1,data/02_ground_truth/concordance_v1.csv,data/02_ground_truth/concordance_v1.csv,2025,reverse_lookup,A_ipc_bns_direct,renumbered,1,1,concordance_v1.csv + india_code,concordance_v1.csv row ipc_section=1,True,2026-09-04,True,template_expansion_reverse_lookup,
P7_0007,What was the old IPC provision corresponding to BNS Section 1?,BNS Section 1 (Short title commencement and application) was enacted to replace IPC Section 1 (Title and extent of operation of the Code).,1,IPC,concordance_v1_internal,bns_1,data/02_ground_truth/concordance_v1.csv,data/02_ground_truth/concordance_v1.csv,2025,reverse_lookup,A_ipc_bns_direct,renumbered,1,1,concordance_v1.csv + india_code,concordance_v1.csv row ipc_section=1,True,2026-09-04,True,template_expansion_reverse_lookup,
P7_0008,Which section in BNS 2023 corresponds to IPC Section 2?,IPC Section 2 (Punishment of offences committed within India) corresponds to BNS Section 1 (Short title commencement and application). Note: Merged into BNS Section 1,1,BNS,concordance_v1_internal,ipc_2,data/02_ground_truth/concordance_v1.csv,data/02_ground_truth/concordance_v1.csv,2025,transition,A_ipc_bns_direct,merged,2,1,concordance_v1.csv + india_code,concordance_v1.csv row ipc_section=2,True,2026-09-04,True,template_expansion_from_concordance_row,
P7_0009,What is the BNS 2023 equivalent of IPC Section 2?,"Under BNS 2023, IPC Section 2 (Punishment of offences committed within India) has been renumbered/replaced by Section 1 (Short title commencement and application). Note: Merged into BNS Section 1",1,BNS,concordance_v1_internal,ipc_2,data/02_ground_truth/concordance_v1.csv,data/02_ground_truth/concordance_v1.csv,2025,transition,A_ipc_bns_direct,merged,2,1,concordance_v1.csv + india_code,concordance_v1.csv row ipc_section=2,True,2026-09-04,True,template_expansion_from_concordance_row,
P7_0010,"Under the Bharatiya Nyaya Sanhita 2023, which provision replaced IPC Section 2?",IPC Section 2 was replaced by BNS Section 1 (Short title commencement and application) with effect from 1 July 2024. Note: Merged into BNS Section 1,1,BNS,concordance_v1_internal,ipc_2,data/02_ground_truth/concordance_v1.csv,data/02_ground_truth/concordance_v1.csv,2025,transition,A_ipc_bns_direct,merged,2,1,concordance_v1.csv + india_code,concordance_v1.csv row ipc_section=2,True,2026-09-04,True,template_expansion_from_concordance_row,
P7_0011,What is the current BNS provision dealing with punishment of offences committed within india?,The current provision dealing with punishment of offences committed within india is BNS Section 1 (Short title commencement and application).,1,BNS,concordance_v1_internal,ipc_2,data/02_ground_truth/concordance_v1.csv,data/02_ground_truth/concordance_v1.csv,2025,punishment_lookup,A_ipc_bns_direct,merged,2,1,concordance_v1.csv + india_code,concordance_v1.csv row ipc_section=2,True,2026-09-04,True,template_expansion_current_law,
P7_0012,"Under current Indian criminal law, which section covers punishment of offences committed within india?","Under BNS 2023 (effective 1 July 2024), punishment of offences committed within india is governed by Section 1 (Short title commencement and application).",1,BNS,concordance_v1_internal,ipc_2,data/02_ground_truth/concordance_v1.csv,data/02_ground_truth/concordance_v1.csv,2025,punishment_lookup,A_ipc_bns_direct,merged,2,1,concordance_v1.csv + india_code,concordance_v1.csv row ipc_section=2,True,2026-09-04,True,template_expansion_current_law,
P7_0013,Which section in BNS 2023 corresponds to IPC Section 3?,IPC Section 3 (Punishment of offences committed beyond but which by law may be tried within India) corresponds to BNS Section 2 (Punishment of offences committed within India).,2,BNS,concordance_v1_internal,ipc_3,data/02_ground_truth/concordance_v1.csv,data/02_ground_truth/concordance_v1.csv,2025,transition,A_ipc_bns_direct,renumbered,3,2,concordance_v1.csv + india_code,concordance_v1.csv row ipc_section=3,True,2026-09-04,True,template_expansion_from_concordance_row,
P7_0014,What is the BNS 2023 equivalent of IPC Section 3?,"Under BNS 2023, IPC Section 3 (Punishment of offences committed beyond but which by law may be tried within India) has been renumbered/replaced by Section 2 (Punishment of offences committed within India).",2,BNS,concordance_v1_internal,ipc_3,data/02_ground_truth/concordance_v1.csv,data/02_ground_truth/concordance_v1.csv,2025,transition,A_ipc_bns_direct,renumbered,3,2,concordance_v1.csv + india_code,concordance_v1.csv row ipc_section=3,True,2026-09-04,True,template_expansion_from_concordance_row,
P7_0015,"Under the Bharatiya Nyaya Sanhita 2023, which provision replaced IPC Section 3?",IPC Section 3 was replaced by BNS Section 2 (Punishment of offences committed within India) with effect from 1 July 2024.,2,BNS,concordance_v1_internal,ipc_3,data/02_ground_truth/concordance_v1.csv,data/02_ground_truth/concordance_v1.csv,2025,transition,A_ipc_bns_direct,renumbered,3,2,concordance_v1.csv + india_code,concordance_v1.csv row ipc_section=3,True,2026-09-04,True,template_expansion_from_concordance_row,
P7_0016,What is the current BNS provision dealing with punishment of offences committed beyond but which by law may be tried within india?,The current provision dealing with punishment of offences committed beyond but which by law may be tried within india is BNS Section 2 (Punishment of offences committed within India).,2,BNS,concordance_v1_internal,ipc_3,data/02_ground_truth/concordance_v1.csv,data/02_ground_truth/concordance_v1.csv,2025,punishment_lookup,A_ipc_bns_direct,renumbered,3,2,concordance_v1.csv + india_code,concordance_v1.csv row ipc_section=3,True,2026-09-04,True,template_expansion_current_law,
P7_0017,"Under current Indian criminal law, which section covers punishment of offences committed beyond but which by law may be tried within india?","Under BNS 2023 (effective 1 July 2024), punishment of offences committed beyond but which by law may be tried within india is governed by Section 2 (Punishment of offences committed within India).",2,BNS,concordance_v1_internal,ipc_3,data/02_ground_truth/concordance_v1.csv,data/02_ground_truth/concordance_v1.csv,2025,punishment_lookup,A_ipc_bns_direct,renumbered,3,2,concordance_v1.csv + india_code,concordance_v1.csv row ipc_section=3,True,2026-09-04,True,template_expansion_current_law,
P7_0018,Which IPC section did BNS Section 2 replace?,BNS Section 2 (Punishment of offences committed within India) replaced IPC Section 3 (Punishment of offences committed beyond but which by law may be tried within India).,3,IPC,concordance_v1_internal,bns_2,data/02_ground_truth/concordance_v1.csv,data/02_ground_truth/concordance_v1.csv,2025,reverse_lookup,A_ipc_bns_direct,renumbered,3,2,concordance_v1.csv + india_code,concordance_v1.csv row ipc_section=3,True,2026-09-04,True,template_expansion_reverse_lookup,
P7_0019,What was the old IPC provision corresponding to BNS Section 2?,BNS Section 2 (Punishment of offences committed within India) was enacted to replace IPC Section 3 (Punishment of offences committed beyond but which by law may be tried within India).,3,IPC,concordance_v1_internal,bns_2,data/02_ground_truth/concordance_v1.csv,data/02_ground_truth/concordance_v1.csv,2025,reverse_lookup,A_ipc_bns_direct,renumbered,3,2,concordance_v1.csv + india_code,concordance_v1.csv row ipc_section=3,True,2026-09-04,True,template_expansion_reverse_lookup,
P7_0020,Which section in BNS 2023 corresponds to IPC Section 4?,IPC Section 4 (Extension of Code to extra-territorial offences) corresponds to BNS Section 3 (Punishment of offences committed beyond India but triable within India). Note: Expanded scope for cyber-related offences,3,BNS,concordance_v1_internal,ipc_4,data/02_ground_truth/concordance_v1.csv,data/02_ground_truth/concordance_v1.csv,2025,transition,A_ipc_bns_direct,renumbered,4,3,concordance_v1.csv + india_code,concordance_v1.csv row ipc_section=4,True,2026-09-04,True,template_expansion_from_concordance_row,
P7_0021,What is the BNS 2023 equivalent of IPC Section 4?,"Under BNS 2023, IPC Section 4 (Extension of Code to extra-territorial offences) has been renumbered/replaced by Section 3 (Punishment of offences committed beyond India but triable within India). Note: Expanded scope for cyber-related offences",3,BNS,concordance_v1_internal,ipc_4,data/02_ground_truth/concordance_v1.csv,data/02_ground_truth/concordance_v1.csv,2025,transition,A_ipc_bns_direct,renumbered,4,3,concordance_v1.csv + india_code,concordance_v1.csv row ipc_section=4,True,2026-09-04,True,template_expansion_from_concordance_row,
P7_0022,"Under the Bharatiya Nyaya Sanhita 2023, which provision replaced IPC Section 4?",IPC Section 4 was replaced by BNS Section 3 (Punishment of offences committed beyond India but triable within India) with effect from 1 July 2024. Note: Expanded scope for cyber-related offences,3,BNS,concordance_v1_internal,ipc_4,data/02_ground_truth/concordance_v1.csv,data/02_ground_truth/concordance_v1.csv,2025,transition,A_ipc_bns_direct,renumbered,4,3,concordance_v1.csv + india_code,concordance_v1.csv row ipc_section=4,True,2026-09-04,True,template_expansion_from_concordance_row,
P7_0023,What is the current BNS provision dealing with extension of code to extra-territorial offences?,The current provision dealing with extension of code to extra-territorial offences is BNS Section 3 (Punishment of offences committed beyond India but triable within India).,3,BNS,concordance_v1_internal,ipc_4,data/02_ground_truth/concordance_v1.csv,data/02_ground_truth/concordance_v1.csv,2025,punishment_lookup,A_ipc_bns_direct,renumbered,4,3,concordance_v1.csv + india_code,concordance_v1.csv row ipc_section=4,True,2026-09-04,True,template_expansion_current_law,
P7_0024,"Under current Indian criminal law, which section covers extension of code to extra-territorial offences?","Under BNS 2023 (effective 1 July 2024), extension of code to extra-territorial offences is governed by Section 3 (Punishment of offences committed beyond India but triable within India).",3,BNS,concordance_v1_internal,ipc_4,data/02_ground_truth/concordance_v1.csv,data/02_ground_truth/concordance_v1.csv,2025,punishment_lookup,A_ipc_bns_direct,renumbered,4,3,concordance_v1.csv + india_code,concordance_v1.csv row ipc_section=4,True,2026-09-04,True,template_expansion_current_law,
P7_0025,Which IPC section did BNS Section 3 replace?,BNS Section 3 (Punishment of offences committed beyond India but triable within India) replaced IPC Section 4 (Extension of Code to extra-territorial offences).,4,IPC,concordance_v1_internal,bns_3,data/02_ground_truth/concordance_v1.csv,data/02_ground_truth/concordance_v1.csv,2025,reverse_lookup,A_ipc_bns_direct,renumbered,4,3,concordance_v1.csv + india_code,concordance_v1.csv row ipc_section=4,True,2026-09-04,True,template_expansion_reverse_lookup,
P7_0026,What was the old IPC provision corresponding to BNS Section 3?,BNS Section 3 (Punishment of offences committed beyond India but triable within India) was enacted to replace IPC Section 4 (Extension of Code to extra-territorial offences).,4,IPC,concordance_v1_internal,bns_3,data/02_ground_truth/concordance_v1.csv,data/02_ground_truth/concordance_v1.csv,2025,reverse_lookup,A_ipc_bns_direct,renumbered,4,3,concordance_v1.csv + india_code,concordance_v1.csv row ipc_section=4,True,2026-09-04,True,template_expansion_reverse_lookup,
P7_0027,Which section in BNS 2023 corresponds to IPC Section 5?,IPC Section 5 (Certain laws not to be affected by this Act) corresponds to BNS Section 4 (Applicability of general exceptions and right of private defence).,4,BNS,concordance_v1_internal,ipc_5,data/02_ground_truth/concordance_v1.csv,data/02_ground_truth/concordance_v1.csv,2025,transition,A_ipc_bns_direct,renumbered,5,4,concordance_v1.csv + india_code,concordance_v1.csv row ipc_section=5,True,2026-09-04,True,template_expansion_from_concordance_row,
P7_0028,What is the BNS 2023 equivalent of IPC Section 5?,"Under BNS 2023, IPC Section 5 (Certain laws not to be affected by this Act) has been renumbered/replaced by Section 4 (Applicability of general exceptions and right of private defence).",4,BNS,concordance_v1_internal,ipc_5,data/02_ground_truth/concordance_v1.csv,data/02_ground_truth/concordance_v1.csv,2025,transition,A_ipc_bns_direct,renumbered,5,4,concordance_v1.csv + india_code,concordance_v1.csv row ipc_section=5,True,2026-09-04,True,template_expansion_from_concordance_row,
P7_0029,"Under the Bharatiya Nyaya Sanhita 2023, which provision replaced IPC Section 5?",IPC Section 5 was replaced by BNS Section 4 (Applicability of general exceptions and right of private defence) with effect from 1 July 2024.,4,BNS,concordance_v1_internal,ipc_5,data/02_ground_truth/concordance_v1.csv,data/02_ground_truth/concordance_v1.csv,2025,transition,A_ipc_bns_direct,renumbered,5,4,concordance_v1.csv + india_code,concordance_v1.csv row ipc_section=5,True,2026-09-04,True,template_expansion_from_concordance_row,
P7_0030,What is the current BNS provision dealing with certain laws not to be affected by this act?,The current provision dealing with certain laws not to be affected by this act is BNS Section 4 (Applicability of general exceptions and right of private defence).,4,BNS,concordance_v1_internal,ipc_5,data/02_ground_truth/concordance_v1.csv,data/02_ground_truth/concordance_v1.csv,2025,punishment_lookup,A_ipc_bns_direct,renumbered,5,4,concordance_v1.csv + india_code,concordance_v1.csv row ipc_section=5,True,2026-09-04,True,template_expansion_current_law,
P7_0031,"Under current Indian criminal law, which section covers certain laws not to be affected by this act?","Under BNS 2023 (effective 1 July 2024), certain laws not to be affected by this act is governed by Section 4 (Applicability of general exceptions and right of private defence).",4,BNS,concordance_v1_internal,ipc_5,data/02_ground_truth/concordance_v1.csv,data/02_ground_truth/concordance_v1.csv,2025,punishment_lookup,A_ipc_bns_direct,renumbered,5,4,concordance_v1.csv + india_code,concordance_v1.csv row ipc_section=5,True,2026-09-04,True,template_expansion_current_law,
P7_0032,Which IPC section did BNS Section 4 replace?,BNS Section 4 (Applicability of general exceptions and right of private defence) replaced IPC Section 5 (Certain laws not to be affected by this Act).,5,IPC,concordance_v1_internal,bns_4,data/02_ground_truth/concordance_v1.csv,data/02_ground_truth/concordance_v1.csv,2025,reverse_lookup,A_ipc_bns_direct,renumbered,5,4,concordance_v1.csv + india_code,concordance_v1.csv row ipc_section=5,True,2026-09-04,True,template_expansion_reverse_lookup,
P7_0033,What was the old IPC provision corresponding to BNS Section 4?,BNS Section 4 (Applicability of general exceptions and right of private defence) was enacted to replace IPC Section 5 (Certain laws not to be affected by this Act).,5,IPC,concordance_v1_internal,bns_4,data/02_ground_truth/concordance_v1.csv,data/02_ground_truth/concordance_v1.csv,2025,reverse_lookup,A_ipc_bns_direct,renumbered,5,4,concordance_v1.csv + india_code,concordance_v1.csv row ipc_section=5,True,2026-09-04,True,template_expansion_reverse_lookup,
P7_0034,Which section in BNS 2023 corresponds to IPC Section 6?,IPC Section 6 (Definitions in the Code to be understood subject to exceptions) corresponds to BNS Section 5 (Certain laws not to be affected by this Sanhita).,5,BNS,concordance_v1_internal,ipc_6,data/02_ground_truth/concordance_v1.csv,data/02_ground_truth/concordance_v1.csv,2025,transition,A_ipc_bns_direct,renumbered,6,5,concordance_v1.csv + india_code,concordance_v1.csv row ipc_section=6,True,2026-09-04,True,template_expansion_from_concordance_row,
P7_0035,What is the BNS 2023 equivalent of IPC Section 6?,"Under BNS 2023, IPC Section 6 (Definitions in the Code to be understood subject to exceptions) has been renumbered/replaced by Section 5 (Certain laws not to be affected by this Sanhita).",5,BNS,concordance_v1_internal,ipc_6,data/02_ground_truth/concordance_v1.csv,data/02_ground_truth/concordance_v1.csv,2025,transition,A_ipc_bns_direct,renumbered,6,5,concordance_v1.csv + india_code,concordance_v1.csv row ipc_section=6,True,2026-09-04,True,template_expansion_from_concordance_row,
P7_0036,"Under the Bharatiya Nyaya Sanhita 2023, which provision replaced IPC Section 6?",IPC Section 6 was replaced by BNS Section 5 (Certain laws not to be affected by this Sanhita) with effect from 1 July 2024.,5,BNS,concordance_v1_internal,ipc_6,data/02_ground_truth/concordance_v1.csv,data/02_ground_truth/concordance_v1.csv,2025,transition,A_ipc_bns_direct,renumbered,6,5,concordance_v1.csv + india_code,concordance_v1.csv row ipc_section=6,True,2026-09-04,True,template_expansion_from_concordance_row,
P7_0037,What is the current BNS provision dealing with definitions in the code to be understood subject to exceptions?,The current provision dealing with definitions in the code to be understood subject to exceptions is BNS Section 5 (Certain laws not to be affected by this Sanhita).,5,BNS,concordance_v1_internal,ipc_6,data/02_ground_truth/concordance_v1.csv,data/02_ground_truth/concordance_v1.csv,2025,punishment_lookup,A_ipc_bns_direct,renumbered,6,5,concordance_v1.csv + india_code,concordance_v1.csv row ipc_section=6,True,2026-09-04,True,template_expansion_current_law,
P7_0038,"Under current Indian criminal law, which section covers definitions in the code to be understood subject to exceptions?","Under BNS 2023 (effective 1 July 2024), definitions in the code to be understood subject to exceptions is governed by Section 5 (Certain laws not to be affected by this Sanhita).",5,BNS,concordance_v1_internal,ipc_6,data/02_ground_truth/concordance_v1.csv,data/02_ground_truth/concordance_v1.csv,2025,punishment_lookup,A_ipc_bns_direct,renumbered,6,5,concordance_v1.csv + india_code,concordance_v1.csv row ipc_section=6,True,2026-09-04,True,template_expansion_current_law,
P7_0039,Which IPC section did BNS Section 5 replace?,BNS Section 5 (Certain laws not to be affected by this Sanhita) replaced IPC Section 6 (Definitions in the Code to be understood subject to exceptions).,6,IPC,concordance_v1_internal,bns_5,data/02_ground_truth/concordance_v1.csv,data/02_ground_truth/concordance_v1.csv,2025,reverse_lookup,A_ipc_bns_direct,renumbered,6,5,concordance_v1.csv + india_code,concordance_v1.csv row ipc_section=6,True,2026-09-04,True,template_expansion_reverse_lookup,
P7_0040,What was the old IPC provision corresponding to BNS Section 5?,BNS Section 5 (Certain laws not to be affected by this Sanhita) was enacted to replace IPC Section 6 (Definitions in the Code to be understood subject to exceptions).,6,IPC,concordance_v1_internal,bns_5,data/02_ground_truth/concordance_v1.csv,data/02_ground_truth/concordance_v1.csv,2025,reverse_lookup,A_ipc_bns_direct,renumbered,6,5,concordance_v1.csv + india_code,concordance_v1.csv row ipc_section=6,True,2026-09-04,True,template_expansion_reverse_lookup,
P7_0041,Which section in BNS 2023 corresponds to IPC Section 7?,IPC Section 7 (Sense of expression once explained) corresponds to BNS Section 6 (Definitions in this Sanhita to be understood subject to exceptions).,6,BNS,concordance_v1_internal,ipc_7,data/02_ground_truth/concordance_v1.csv,data/02_ground_truth/concordance_v1.csv,2025,transition,A_ipc_bns_direct,renumbered,7,6,concordance_v1.csv + india_code,concordance_v1.csv row ipc_section=7,True,2026-09-04,True,template_expansion_from_concordance_row,
P7_0042,What is the BNS 2023 equivalent of IPC Section 7?,"Under BNS 2023, IPC Section 7 (Sense of expression once explained) has been renumbered/replaced by Section 6 (Definitions in this Sanhita to be understood subject to exceptions).",6,BNS,concordance_v1_internal,ipc_7,data/02_ground_truth/concordance_v1.csv,data/02_ground_truth/concordance_v1.csv,2025,transition,A_ipc_bns_direct,renumbered,7,6,concordance_v1.csv + india_code,concordance_v1.csv row ipc_section=7,True,2026-09-04,True,template_expansion_from_concordance_row,
P7_0043,"Under the Bharatiya Nyaya Sanhita 2023, which provision replaced IPC Section 7?",IPC Section 7 was replaced by BNS Section 6 (Definitions in this Sanhita to be understood subject to exceptions) with effect from 1 July 2024.,6,BNS,concordance_v1_internal,ipc_7,data/02_ground_truth/concordance_v1.csv,data/02_ground_truth/concordance_v1.csv,2025,transition,A_ipc_bns_direct,renumbered,7,6,concordance_v1.csv + india_code,concordance_v1.csv row ipc_section=7,True,2026-09-04,True,template_expansion_from_concordance_row,
P7_0044,What is the current BNS provision dealing with sense of expression once explained?,The current provision dealing with sense of expression once explained is BNS Section 6 (Definitions in this Sanhita to be understood subject to exceptions).,6,BNS,concordance_v1_internal,ipc_7,data/02_ground_truth/concordance_v1.csv,data/02_ground_truth/concordance_v1.csv,2025,punishment_lookup,A_ipc_bns_direct,renumbered,7,6,concordance_v1.csv + india_code,concordance_v1.csv row ipc_section=7,True,2026-09-04,True,template_expansion_current_law,
P7_0045,"Under current Indian criminal law, which section covers sense of expression once explained?","Under BNS 2023 (effective 1 July 2024), sense of expression once explained is governed by Section 6 (Definitions in this Sanhita to be understood subject to exceptions).",6,BNS,concordance_v1_internal,ipc_7,data/02_ground_truth/concordance_v1.csv,data/02_ground_truth/concordance_v1.csv,2025,punishment_lookup,A_ipc_bns_direct,renumbered,7,6,concordance_v1.csv + india_code,concordance_v1.csv row ipc_section=7,True,2026-09-04,True,template_expansion_current_law,
P7_0046,Which IPC section did BNS Section 6 replace?,BNS Section 6 (Definitions in this Sanhita to be understood subject to exceptions) replaced IPC Section 7 (Sense of expression once explained).,7,IPC,concordance_v1_internal,bns_6,data/02_ground_truth/concordance_v1.csv,data/02_ground_truth/concordance_v1.csv,2025,reverse_lookup,A_ipc_bns_direct,renumbered,7,6,concordance_v1.csv + india_code,concordance_v1.csv row ipc_section=7,True,2026-09-04,True,template_expansion_reverse_lookup,
P7_0047,What was the old IPC provision corresponding to BNS Section 6?,BNS Section 6 (Definitions in this Sanhita to be understood subject to exceptions) was enacted to replace IPC Section 7 (Sense of expression once explained).,7,IPC,concordance_v1_internal,bns_6,data/02_ground_truth/concordance_v1.csv,data/02_ground_truth/concordance_v1.csv,2025,reverse_lookup,A_ipc_bns_direct,renumbered,7,6,concordance_v1.csv + india_code,concordance_v1.csv row ipc_section=7,True,2026-09-04,True,template_expansion_reverse_lookup,
P7_0048,Which section in BNS 2023 corresponds to IPC Section 8?,IPC Section 8 (Gender) corresponds to BNS Section 7 (Sense of expression once explained).,7,BNS,concordance_v1_internal,ipc_8,data/02_ground_truth/concordance_v1.csv,data/02_ground_truth/concordance_v1.csv,2025,transition,A_ipc_bns_direct,renumbered,8,7,concordance_v1.csv + india_code,concordance_v1.csv row ipc_section=8,True,2026-09-04,True,template_expansion_from_concordance_row,
P7_0049,What is the BNS 2023 equivalent of IPC Section 8?,"Under BNS 2023, IPC Section 8 (Gender) has been renumbered/replaced by Section 7 (Sense of expression once explained).",7,BNS,concordance_v1_internal,ipc_8,data/02_ground_truth/concordance_v1.csv,data/02_ground_truth/concordance_v1.csv,2025,transition,A_ipc_bns_direct,renumbered,8,7,concordance_v1.csv + india_code,concordance_v1.csv row ipc_section=8,True,2026-09-04,True,template_expansion_from_concordance_row,
P7_0050,"Under the Bharatiya Nyaya Sanhita 2023, which provision replaced IPC Section 8?",IPC Section 8 was replaced by BNS Section 7 (Sense of expression once explained) with effect from 1 July 2024.,7,BNS,concordance_v1_internal,ipc_8,data/02_ground_truth/concordance_v1.csv,data/02_ground_truth/concordance_v1.csv,2025,transition,A_ipc_bns_direct,renumbered,8,7,concordance_v1.csv + india_code,concordance_v1.csv row ipc_section=8,True,2026-09-04,True,template_expansion_from_concordance_row,
P7_0051,What is the current BNS provision dealing with gender?,The current provision dealing with gender is BNS Section 7 (Sense of expression once explained).,7,BNS,concordance_v1_internal,ipc_8,data/02_ground_truth/concordance_v1.csv,data/02_ground_truth/concordance_v1.csv,2025,punishment_lookup,A_ipc_bns_direct,renumbered,8,7,concordance_v1.csv + india_code,concordance_v1.csv row ipc_section=8,True,2026-09-04,True,template_expansion_current_law,
P7_0052,"Under current Indian criminal law, which section covers gender?","Under BNS 2023 (effective 1 July 2024), gender is governed by Section 7 (Sense of expression once explained).",7,BNS,concordance_v1_internal,ipc_8,data/02_ground_truth/concordance_v1.csv,data/02_ground_truth/concordance_v1.csv,2025,punishment_lookup,A_ipc_bns_direct,renumbered,8,7,concordance_v1.csv + india_code,concordance_v1.csv row ipc_section=8,True,2026-09-04,True,template_expansion_current_law,
P7_0053,Which IPC section did BNS Section 7 replace?,BNS Section 7 (Sense of expression once explained) replaced IPC Section 8 (Gender).,8,IPC,concordance_v1_internal,bns_7,data/02_ground_truth/concordance_v1.csv,data/02_ground_truth/concordance_v1.csv,2025,reverse_lookup,A_ipc_bns_direct,renumbered,8,7,concordance_v1.csv + india_code,concordance_v1.csv row ipc_section=8,True,2026-09-04,True,template_expansion_reverse_lookup,
P7_0054,What was the old IPC provision corresponding to BNS Section 7?,BNS Section 7 (Sense of expression once explained) was enacted to replace IPC Section 8 (Gender).,8,IPC,concordance_v1_internal,bns_7,data/02_ground_truth/concordance_v1.csv,data/02_ground_truth/concordance_v1.csv,2025,reverse_lookup,A_ipc_bns_direct,renumbered,8,7,concordance_v1.csv + india_code,concordance_v1.csv row ipc_section=8,True,2026-09-04,True,template_expansion_reverse_lookup,
P7_0055,Which section in BNS 2023 corresponds to IPC Section 9?,IPC Section 9 (Number) corresponds to BNS Section 8 (Gender).,8,BNS,concordance_v1_internal,ipc_9,data/02_ground_truth/concordance_v1.csv,data/02_ground_truth/concordance_v1.csv,2025,transition,A_ipc_bns_direct,renumbered,9,8,concordance_v1.csv + india_code,concordance_v1.csv row ipc_section=9,True,2026-09-04,True,template_expansion_from_concordance_row,
P7_0056,What is the BNS 2023 equivalent of IPC Section 9?,"Under BNS 2023, IPC Section 9 (Number) has been renumbered/replaced by Section 8 (Gender).",8,BNS,concordance_v1_internal,ipc_9,data/02_ground_truth/concordance_v1.csv,data/02_ground_truth/concordance_v1.csv,2025,transition,A_ipc_bns_direct,renumbered,9,8,concordance_v1.csv + india_code,concordance_v1.csv row ipc_section=9,True,2026-09-04,True,template_expansion_from_concordance_row,
P7_0057,"Under the Bharatiya Nyaya Sanhita 2023, which provision replaced IPC Section 9?",IPC Section 9 was replaced by BNS Section 8 (Gender) with effect from 1 July 2024.,8,BNS,concordance_v1_internal,ipc_9,data/02_ground_truth/concordance_v1.csv,data/02_ground_truth/concordance_v1.csv,2025,transition,A_ipc_bns_direct,renumbered,9,8,concordance_v1.csv + india_code,concordance_v1.csv row ipc_section=9,True,2026-09-04,True,template_expansion_from_concordance_row,
P7_0058,What is the current BNS provision dealing with number?,The current provision dealing with number is BNS Section 8 (Gender).,8,BNS,concordance_v1_internal,ipc_9,data/02_ground_truth/concordance_v1.csv,data/02_ground_truth/concordance_v1.csv,2025,punishment_lookup,A_ipc_bns_direct,renumbered,9,8,concordance_v1.csv + india_code,concordance_v1.csv row ipc_section=9,True,2026-09-04,True,template_expansion_current_law,
P7_0059,"Under current Indian criminal law, which section covers number?","Under BNS 2023 (effective 1 July 2024), number is governed by Section 8 (Gender).",8,BNS,concordance_v1_internal,ipc_9,data/02_ground_truth/concordance_v1.csv,data/02_ground_truth/concordance_v1.csv,2025,punishment_lookup,A_ipc_bns_direct,renumbered,9,8,concordance_v1.csv + india_code,concordance_v1.csv row ipc_section=9,True,2026-09-04,True,template_expansion_current_law,
P7_0060,Which IPC section did BNS Section 8 replace?,BNS Section 8 (Gender) replaced IPC Section 9 (Number).,9,IPC,concordance_v1_internal,bns_8,data/02_ground_truth/concordance_v1.csv,data/02_ground_truth/concordance_v1.csv,2025,reverse_lookup,A_ipc_bns_direct,renumbered,9,8,concordance_v1.csv + india_code,concordance_v1.csv row ipc_section=9,True,2026-09-04,True,template_expansion_reverse_lookup,
P7_0061,What was the old IPC provision corresponding to BNS Section 8?,BNS Section 8 (Gender) was enacted to replace IPC Section 9 (Number).,9,IPC,concordance_v1_internal,bns_8,data/02_ground_truth/concordance_v1.csv,data/02_ground_truth/concordance_v1.csv,2025,reverse_lookup,A_ipc_bns_direct,renumbered,9,8,concordance_v1.csv + india_code,concordance_v1.csv row ipc_section=9,True,2026-09-04,True,template_expansion_reverse_lookup,
P7_0062,Which section in BNS 2023 corresponds to IPC Section 10?,IPC Section 10 (Man and Woman) corresponds to BNS Section 9 (Number).,9,BNS,concordance_v1_internal,ipc_10,data/02_ground_truth/concordance_v1.csv,data/02_ground_truth/concordance_v1.csv,2025,transition,A_ipc_bns_direct,renumbered,10,9,concordance_v1.csv + india_code,concordance_v1.csv row ipc_section=10,True,2026-09-04,True,template_expansion_from_concordance_row,
P7_0063,What is the BNS 2023 equivalent of IPC Section 10?,"Under BNS 2023, IPC Section 10 (Man and Woman) has been renumbered/replaced by Section 9 (Number).",9,BNS,concordance_v1_internal,ipc_10,data/02_ground_truth/concordance_v1.csv,data/02_ground_truth/concordance_v1.csv,2025,transition,A_ipc_bns_direct,renumbered,10,9,concordance_v1.csv + india_code,concordance_v1.csv row ipc_section=10,True,2026-09-04,True,template_expansion_from_concordance_row,
P7_0064,"Under the Bharatiya Nyaya Sanhita 2023, which provision replaced IPC Section 10?",IPC Section 10 was replaced by BNS Section 9 (Number) with effect from 1 July 2024.,9,BNS,concordance_v1_internal,ipc_10,data/02_ground_truth/concordance_v1.csv,data/02_ground_truth/concordance_v1.csv,2025,transition,A_ipc_bns_direct,renumbered,10,9,concordance_v1.csv + india_code,concordance_v1.csv row ipc_section=10,True,2026-09-04,True,template_expansion_from_concordance_row,
P7_0065,What is the current BNS provision dealing with man and woman?,The current provision dealing with man and woman is BNS Section 9 (Number).,9,BNS,concordance_v1_internal,ipc_10,data/02_ground_truth/concordance_v1.csv,data/02_ground_truth/concordance_v1.csv,2025,punishment_lookup,A_ipc_bns_direct,renumbered,10,9,concordance_v1.csv + india_code,concordance_v1.csv row ipc_section=10,True,2026-09-04,True,template_expansion_current_law,
P7_0066,"Under current Indian criminal law, which section covers man and woman?","Under BNS 2023 (effective 1 July 2024), man and woman is governed by Section 9 (Number).",9,BNS,concordance_v1_internal,ipc_10,data/02_ground_truth/concordance_v1.csv,data/02_ground_truth/concordance_v1.csv,2025,punishment_lookup,A_ipc_bns_direct,renumbered,10,9,concordance_v1.csv + india_code,concordance_v1.csv row ipc_section=10,True,2026-09-04,True,template_expansion_current_law,
P7_0067,Which IPC section did BNS Section 9 replace?,BNS Section 9 (Number) replaced IPC Section 10 (Man and Woman).,10,IPC,concordance_v1_internal,bns_9,data/02_ground_truth/concordance_v1.csv,data/02_ground_truth/concordance_v1.csv,2025,reverse_lookup,A_ipc_bns_direct,renumbered,10,9,concordance_v1.csv + india_code,concordance_v1.csv row ipc_section=10,True,2026-09-04,True,template_expansion_reverse_lookup,
P7_0068,What was the old IPC provision corresponding to BNS Section 9?,BNS Section 9 (Number) was enacted to replace IPC Section 10 (Man and Woman).,10,IPC,concordance_v1_internal,bns_9,data/02_ground_truth/concordance_v1.csv,data/02_ground_truth/concordance_v1.csv,2025,reverse_lookup,A_ipc_bns_direct,renumbered,10,9,concordance_v1.csv + india_code,concordance_v1.csv row ipc_section=10,True,2026-09-04,True,template_expansion_reverse_lookup,
P7_0069,Which section in BNS 2023 corresponds to IPC Section 11?,IPC Section 11 (Person) corresponds to BNS Section 2(24) (Person). Note: Moved to definitions chapter in BNS,2(24),BNS,concordance_v1_internal,ipc_11,data/02_ground_truth/concordance_v1.csv,data/02_ground_truth/concordance_v1.csv,2025,transition,A_ipc_bns_direct,renumbered,11,2(24),concordance_v1.csv + india_code,concordance_v1.csv row ipc_section=11,True,2026-09-04,True,template_expansion_from_concordance_row,
P7_0070,What is the BNS 2023 equivalent of IPC Section 11?,"Under BNS 2023, IPC Section 11 (Person) has been renumbered/replaced by Section 2(24) (Person). Note: Moved to definitions chapter in BNS",2(24),BNS,concordance_v1_internal,ipc_11,data/02_ground_truth/concordance_v1.csv,data/02_ground_truth/concordance_v1.csv,2025,transition,A_ipc_bns_direct,renumbered,11,2(24),concordance_v1.csv + india_code,concordance_v1.csv row ipc_section=11,True,2026-09-04,True,template_expansion_from_concordance_row,
P7_0071,"Under the Bharatiya Nyaya Sanhita 2023, which provision replaced IPC Section 11?",IPC Section 11 was replaced by BNS Section 2(24) (Person) with effect from 1 July 2024. Note: Moved to definitions chapter in BNS,2(24),BNS,concordance_v1_internal,ipc_11,data/02_ground_truth/concordance_v1.csv,data/02_ground_truth/concordance_v1.csv,2025,transition,A_ipc_bns_direct,renumbered,11,2(24),concordance_v1.csv + india_code,concordance_v1.csv row ipc_section=11,True,2026-09-04,True,template_expansion_from_concordance_row,
P7_0072,What is the current BNS provision dealing with person?,The current provision dealing with person is BNS Section 2(24) (Person).,2(24),BNS,concordance_v1_internal,ipc_11,data/02_ground_truth/concordance_v1.csv,data/02_ground_truth/concordance_v1.csv,2025,punishment_lookup,A_ipc_bns_direct,renumbered,11,2(24),concordance_v1.csv + india_code,concordance_v1.csv row ipc_section=11,True,2026-09-04,True,template_expansion_current_law,
P7_0073,"Under current Indian criminal law, which section covers person?","Under BNS 2023 (effective 1 July 2024), person is governed by Section 2(24) (Person).",2(24),BNS,concordance_v1_internal,ipc_11,data/02_ground_truth/concordance_v1.csv,data/02_ground_truth/concordance_v1.csv,2025,punishment_lookup,A_ipc_bns_direct,renumbered,11,2(24),concordance_v1.csv + india_code,concordance_v1.csv row ipc_section=11,True,2026-09-04,True,template_expansion_current_law,
P7_0074,Which IPC section did BNS Section 2(24) replace?,BNS Section 2(24) (Person) replaced IPC Section 11 (Person).,11,IPC,concordance_v1_internal,bns_2(24),data/02_ground_truth/concordance_v1.csv,data/02_ground_truth/concordance_v1.csv,2025,reverse_lookup,A_ipc_bns_direct,renumbered,11,2(24),concordance_v1.csv + india_code,concordance_v1.csv row ipc_section=11,True,2026-09-04,True,template_expansion_reverse_lookup,
P7_0075,What was the old IPC provision corresponding to BNS Section 2(24)?,BNS Section 2(24) (Person) was enacted to replace IPC Section 11 (Person).,11,IPC,concordance_v1_internal,bns_2(24),data/02_ground_truth/concordance_v1.csv,data/02_ground_truth/concordance_v1.csv,2025,reverse_lookup,A_ipc_bns_direct,renumbered,11,2(24),concordance_v1.csv + india_code,concordance_v1.csv row ipc_section=11,True,2026-09-04,True,template_expansion_reverse_lookup,
P7_0076,Which section in BNS 2023 corresponds to IPC Section 12?,IPC Section 12 (Public) corresponds to BNS Section 2(28) (Public). Note: Moved to definitions chapter in BNS,2(28),BNS,concordance_v1_internal,ipc_12,data/02_ground_truth/concordance_v1.csv,data/02_ground_truth/concordance_v1.csv,2025,transition,A_ipc_bns_direct,renumbered,12,2(28),concordance_v1.csv + india_code,concordance_v1.csv row ipc_section=12,True,2026-09-04,True,template_expansion_from_concordance_row,
P7_0077,What is the BNS 2023 equivalent of IPC Section 12?,"Under BNS 2023, IPC Section 12 (Public) has been renumbered/replaced by Section 2(28) (Public). Note: Moved to definitions chapter in BNS",2(28),BNS,concordance_v1_internal,ipc_12,data/02_ground_truth/concordance_v1.csv,data/02_ground_truth/concordance_v1.csv,2025,transition,A_ipc_bns_direct,renumbered,12,2(28),concordance_v1.csv + india_code,concordance_v1.csv row ipc_section=12,True,2026-09-04,True,template_expansion_from_concordance_row,
P7_0078,"Under the Bharatiya Nyaya Sanhita 2023, which provision replaced IPC Section 12?",IPC Section 12 was replaced by BNS Section 2(28) (Public) with effect from 1 July 2024. Note: Moved to definitions chapter in BNS,2(28),BNS,concordance_v1_internal,ipc_12,data/02_ground_truth/concordance_v1.csv,data/02_ground_truth/concordance_v1.csv,2025,transition,A_ipc_bns_direct,renumbered,12,2(28),concordance_v1.csv + india_code,concordance_v1.csv row ipc_section=12,True,2026-09-04,True,template_expansion_from_concordance_row,
P7_0079,What is the current BNS provision dealing with public?,The current provision dealing with public is BNS Section 2(28) (Public).,2(28),BNS,concordance_v1_internal,ipc_12,data/02_ground_truth/concordance_v1.csv,data/02_ground_truth/concordance_v1.csv,2025,punishment_lookup,A_ipc_bns_direct,renumbered,12,2(28),concordance_v1.csv + india_code,concordance_v1.csv row ipc_section=12,True,2026-09-04,True,template_expansion_current_law,
P7_0080,"Under current Indian criminal law, which section covers public?","Under BNS 2023 (effective 1 July 2024), public is governed by Section 2(28) (Public).",2(28),BNS,concordance_v1_internal,ipc_12,data/02_ground_truth/concordance_v1.csv,data/02_ground_truth/concordance_v1.csv,2025,punishment_lookup,A_ipc_bns_direct,renumbered,12,2(28),concordance_v1.csv + india_code,concordance_v1.csv row ipc_section=12,True,2026-09-04,True,template_expansion_current_law,
P7_0081,Which IPC section did BNS Section 2(28) replace?,BNS Section 2(28) (Public) replaced IPC Section 12 (Public).,12,IPC,concordance_v1_internal,bns_2(28),data/02_ground_truth/concordance_v1.csv,data/02_ground_truth/concordance_v1.csv,2025,reverse_lookup,A_ipc_bns_direct,renumbered,12,2(28),concordance_v1.csv + india_code,concordance_v1.csv row ipc_section=12,True,2026-09-04,True,template_expansion_reverse_lookup,
P7_0082,What was the old IPC provision corresponding to BNS Section 2(28)?,BNS Section 2(28) (Public) was enacted to replace IPC Section 12 (Public).,12,IPC,concordance_v1_internal,bns_2(28),data/02_ground_truth/concordance_v1.csv,data/02_ground_truth/concordance_v1.csv,2025,reverse_lookup,A_ipc_bns_direct,renumbered,12,2(28),concordance_v1.csv + india_code,concordance_v1.csv row ipc_section=12,True,2026-09-04,True,template_expansion_reverse_lookup,
P7_0083,Which section in BNS 2023 corresponds to IPC Section 14?,IPC Section 14 (Servant of Government) corresponds to BNS Section 2(31) (Government servant). Note: Terminology updated,2(31),BNS,concordance_v1_internal,ipc_14,data/02_ground_truth/concordance_v1.csv,data/02_ground_truth/concordance_v1.csv,2025,transition,A_ipc_bns_direct,renumbered,14,2(31),concordance_v1.csv + india_code,concordance_v1.csv row ipc_section=14,True,2026-09-04,True,template_expansion_from_concordance_row,
P7_0084,What is the BNS 2023 equivalent of IPC Section 14?,"Under BNS 2023, IPC Section 14 (Servant of Government) has been renumbered/replaced by Section 2(31) (Government servant). Note: Terminology updated",2(31),BNS,concordance_v1_internal,ipc_14,data/02_ground_truth/concordance_v1.csv,data/02_ground_truth/concordance_v1.csv,2025,transition,A_ipc_bns_direct,renumbered,14,2(31),concordance_v1.csv + india_code,concordance_v1.csv row ipc_section=14,True,2026-09-04,True,template_expansion_from_concordance_row,
P7_0085,"Under the Bharatiya Nyaya Sanhita 2023, which provision replaced IPC Section 14?",IPC Section 14 was replaced by BNS Section 2(31) (Government servant) with effect from 1 July 2024. Note: Terminology updated,2(31),BNS,concordance_v1_internal,ipc_14,data/02_ground_truth/concordance_v1.csv,data/02_ground_truth/concordance_v1.csv,2025,transition,A_ipc_bns_direct,renumbered,14,2(31),concordance_v1.csv + india_code,concordance_v1.csv row ipc_section=14,True,2026-09-04,True,template_expansion_from_concordance_row,
P7_0086,What is the current BNS provision dealing with servant of government?,The current provision dealing with servant of government is BNS Section 2(31) (Government servant).,2(31),BNS,concordance_v1_internal,ipc_14,data/02_ground_truth/concordance_v1.csv,data/02_ground_truth/concordance_v1.csv,2025,punishment_lookup,A_ipc_bns_direct,renumbered,14,2(31),concordance_v1.csv + india_code,concordance_v1.csv row ipc_section=14,True,2026-09-04,True,template_expansion_current_law,
P7_0087,"Under current Indian criminal law, which section covers servant of government?","Under BNS 2023 (effective 1 July 2024), servant of government is governed by Section 2(31) (Government servant).",2(31),BNS,concordance_v1_internal,ipc_14,data/02_ground_truth/concordance_v1.csv,data/02_ground_truth/concordance_v1.csv,2025,punishment_lookup,A_ipc_bns_direct,renumbered,14,2(31),concordance_v1.csv + india_code,concordance_v1.csv row ipc_section=14,True,2026-09-04,True,template_expansion_current_law,
P7_0088,Which IPC section did BNS Section 2(31) replace?,BNS Section 2(31) (Government servant) replaced IPC Section 14 (Servant of Government).,14,IPC,concordance_v1_internal,bns_2(31),data/02_ground_truth/concordance_v1.csv,data/02_ground_truth/concordance_v1.csv,2025,reverse_lookup,A_ipc_bns_direct,renumbered,14,2(31),concordance_v1.csv + india_code,concordance_v1.csv row ipc_section=14,True,2026-09-04,True,template_expansion_reverse_lookup,
P7_0089,What was the old IPC provision corresponding to BNS Section 2(31)?,BNS Section 2(31) (Government servant) was enacted to replace IPC Section 14 (Servant of Government).,14,IPC,concordance_v1_internal,bns_2(31),data/02_ground_truth/concordance_v1.csv,data/02_ground_truth/concordance_v1.csv,2025,reverse_lookup,A_ipc_bns_direct,renumbered,14,2(31),concordance_v1.csv + india_code,concordance_v1.csv row ipc_section=14,True,2026-09-04,True,template_expansion_reverse_lookup,
P7_0090,Which section in BNS 2023 corresponds to IPC Section 17?,IPC Section 17 (Government) corresponds to BNS Section 2(14) (Government). Note: Moved to definitions chapter,2(14),BNS,concordance_v1_internal,ipc_17,data/02_ground_truth/concordance_v1.csv,data/02_ground_truth/concordance_v1.csv,2025,transition,A_ipc_bns_direct,renumbered,17,2(14),concordance_v1.csv + india_code,concordance_v1.csv row ipc_section=17,True,2026-09-04,True,template_expansion_from_concordance_row,
P7_0091,What is the BNS 2023 equivalent of IPC Section 17?,"Under BNS 2023, IPC Section 17 (Government) has been renumbered/replaced by Section 2(14) (Government). Note: Moved to definitions chapter",2(14),BNS,concordance_v1_internal,ipc_17,data/02_ground_truth/concordance_v1.csv,data/02_ground_truth/concordance_v1.csv,2025,transition,A_ipc_bns_direct,renumbered,17,2(14),concordance_v1.csv + india_code,concordance_v1.csv row ipc_section=17,True,2026-09-04,True,template_expansion_from_concordance_row,
P7_0092,"Under the Bharatiya Nyaya Sanhita 2023, which provision replaced IPC Section 17?",IPC Section 17 was replaced by BNS Section 2(14) (Government) with effect from 1 July 2024. Note: Moved to definitions chapter,2(14),BNS,concordance_v1_internal,ipc_17,data/02_ground_truth/concordance_v1.csv,data/02_ground_truth/concordance_v1.csv,2025,transition,A_ipc_bns_direct,renumbered,17,2(14),concordance_v1.csv + india_code,concordance_v1.csv row ipc_section=17,True,2026-09-04,True,template_expansion_from_concordance_row,
P7_0093,What is the current BNS provision dealing with government?,The current provision dealing with government is BNS Section 2(14) (Government).,2(14),BNS,concordance_v1_internal,ipc_17,data/02_ground_truth/concordance_v1.csv,data/02_ground_truth/concordance_v1.csv,2025,punishment_lookup,A_ipc_bns_direct,renumbered,17,2(14),concordance_v1.csv + india_code,concordance_v1.csv row ipc_section=17,True,2026-09-04,True,template_expansion_current_law,
P7_0094,"Under current Indian criminal law, which section covers government?","Under BNS 2023 (effective 1 July 2024), government is governed by Section 2(14) (Government).",2(14),BNS,concordance_v1_internal,ipc_17,data/02_ground_truth/concordance_v1.csv,data/02_ground_truth/concordance_v1.csv,2025,punishment_lookup,A_ipc_bns_direct,renumbered,17,2(14),concordance_v1.csv + india_code,concordance_v1.csv row ipc_section=17,True,2026-09-04,True,template_expansion_current_law,
P7_0095,Which IPC section did BNS Section 2(14) replace?,BNS Section 2(14) (Government) replaced IPC Section 17 (Government).,17,IPC,concordance_v1_internal,bns_2(14),data/02_ground_truth/concordance_v1.csv,data/02_ground_truth/concordance_v1.csv,2025,reverse_lookup,A_ipc_bns_direct,renumbered,17,2(14),concordance_v1.csv + india_code,concordance_v1.csv row ipc_section=17,True,2026-09-04,True,template_expansion_reverse_lookup,
P7_0096,What was the old IPC provision corresponding to BNS Section 2(14)?,BNS Section 2(14) (Government) was enacted to replace IPC Section 17 (Government).,17,IPC,concordance_v1_internal,bns_2(14),data/02_ground_truth/concordance_v1.csv,data/02_ground_truth/concordance_v1.csv,2025,reverse_lookup,A_ipc_bns_direct,renumbered,17,2(14),concordance_v1.csv + india_code,concordance_v1.csv row ipc_section=17,True,2026-09-04,True,template_expansion_reverse_lookup,
P7_0097,Which section in BNS 2023 corresponds to IPC Section 19?,IPC Section 19 (Judge) corresponds to BNS Section 2(19) (Judge). Note: Moved to definitions chapter,2(19),BNS,concordance_v1_internal,ipc_19,data/02_ground_truth/concordance_v1.csv,data/02_ground_truth/concordance_v1.csv,2025,transition,A_ipc_bns_direct,renumbered,19,2(19),concordance_v1.csv + india_code,concordance_v1.csv row ipc_section=19,True,2026-09-04,True,template_expansion_from_concordance_row,
P7_0098,What is the BNS 2023 equivalent of IPC Section 19?,"Under BNS 2023, IPC Section 19 (Judge) has been renumbered/replaced by Section 2(19) (Judge). Note: Moved to definitions chapter",2(19),BNS,concordance_v1_internal,ipc_19,data/02_ground_truth/concordance_v1.csv,data/02_ground_truth/concordance_v1.csv,2025,transition,A_ipc_bns_direct,renumbered,19,2(19),concordance_v1.csv + india_code,concordance_v1.csv row ipc_section=19,True,2026-09-04,True,template_expansion_from_concordance_row,
P7_0099,"Under the Bharatiya Nyaya Sanhita 2023, which provision replaced IPC Section 19?",IPC Section 19 was replaced by BNS Section 2(19) (Judge) with effect from 1 July 2024. Note: Moved to definitions chapter,2(19),BNS,concordance_v1_internal,ipc_19,data/02_ground_truth/concordance_v1.csv,data/02_ground_truth/concordance_v1.csv,2025,transition,A_ipc_bns_direct,renumbered,19,2(19),concordance_v1.csv + india_code,concordance_v1.csv row ipc_section=19,True,2026-09-04,True,template_expansion_from_concordance_row,
P7_0100,What is the current BNS provision dealing with judge?,The current provision dealing with judge is BNS Section 2(19) (Judge).,2(19),BNS,concordance_v1_internal,ipc_19,data/02_ground_truth/concordance_v1.csv,data/02_ground_truth/concordance_v1.csv,2025,punishment_lookup,A_ipc_bns_direct,renumbered,19,2(19),concordance_v1.csv + india_code,concordance_v1.csv row ipc_section=19,True,2026-09-04,True,template_expansion_current_law,
P7_0101,"Under current Indian criminal law, which section covers judge?","Under BNS 2023 (effective 1 July 2024), judge is governed by Section 2(19) (Judge).",2(19),BNS,concordance_v1_internal,ipc_19,data/02_ground_truth/concordance_v1.csv,data/02_ground_truth/concordance_v1.csv,2025,punishment_lookup,A_ipc_bns_direct,renumbered,19,2(19),concordance_v1.csv + india_code,concordance_v1.csv row ipc_section=19,True,2026-09-04,True,template_expansion_current_law,
P7_0102,Which IPC section did BNS Section 2(19) replace?,BNS Section 2(19) (Judge) replaced IPC Section 19 (Judge).,19,IPC,concordance_v1_internal,bns_2(19),data/02_ground_truth/concordance_v1.csv,data/02_ground_truth/concordance_v1.csv,2025,reverse_lookup,A_ipc_bns_direct,renumbered,19,2(19),concordance_v1.csv + india_code,concordance_v1.csv row ipc_section=19,True,2026-09-04,True,template_expansion_reverse_lookup,
P7_0103,What was the old IPC provision corresponding to BNS Section 2(19)?,BNS Section 2(19) (Judge) was enacted to replace IPC Section 19 (Judge).,19,IPC,concordance_v1_internal,bns_2(19),data/02_ground_truth/concordance_v1.csv,data/02_ground_truth/concordance_v1.csv,2025,reverse_lookup,A_ipc_bns_direct,renumbered,19,2(19),concordance_v1.csv + india_code,concordance_v1.csv row ipc_section=19,True,2026-09-04,True,template_expansion_reverse_lookup,
P7_0104,Which section in BNS 2023 corresponds to IPC Section 21?,IPC Section 21 (Court of Justice) corresponds to BNS Section 2(7) (Court). Note: Simplified terminology,2(7),BNS,concordance_v1_internal,ipc_21,data/02_ground_truth/concordance_v1.csv,data/02_ground_truth/concordance_v1.csv,2025,transition,A_ipc_bns_direct,renumbered,21,2(7),concordance_v1.csv + india_code,concordance_v1.csv row ipc_section=21,True,2026-09-04,True,template_expansion_from_concordance_row,
P7_0105,What is the BNS 2023 equivalent of IPC Section 21?,"Under BNS 2023, IPC Section 21 (Court of Justice) has been renumbered/replaced by Section 2(7) (Court). Note: Simplified terminology",2(7),BNS,concordance_v1_internal,ipc_21,data/02_ground_truth/concordance_v1.csv,data/02_ground_truth/concordance_v1.csv,2025,transition,A_ipc_bns_direct,renumbered,21,2(7),concordance_v1.csv + india_code,concordance_v1.csv row ipc_section=21,True,2026-09-04,True,template_expansion_from_concordance_row,
P7_0106,"Under the Bharatiya Nyaya Sanhita 2023, which provision replaced IPC Section 21?",IPC Section 21 was replaced by BNS Section 2(7) (Court) with effect from 1 July 2024. Note: Simplified terminology,2(7),BNS,concordance_v1_internal,ipc_21,data/02_ground_truth/concordance_v1.csv,data/02_ground_truth/concordance_v1.csv,2025,transition,A_ipc_bns_direct,renumbered,21,2(7),concordance_v1.csv + india_code,concordance_v1.csv row ipc_section=21,True,2026-09-04,True,template_expansion_from_concordance_row,
P7_0107,What is the current BNS provision dealing with court of justice?,The current provision dealing with court of justice is BNS Section 2(7) (Court).,2(7),BNS,concordance_v1_internal,ipc_21,data/02_ground_truth/concordance_v1.csv,data/02_ground_truth/concordance_v1.csv,2025,punishment_lookup,A_ipc_bns_direct,renumbered,21,2(7),concordance_v1.csv + india_code,concordance_v1.csv row ipc_section=21,True,2026-09-04,True,template_expansion_current_law,
P7_0108,"Under current Indian criminal law, which section covers court of justice?","Under BNS 2023 (effective 1 July 2024), court of justice is governed by Section 2(7) (Court).",2(7),BNS,concordance_v1_internal,ipc_21,data/02_ground_truth/concordance_v1.csv,data/02_ground_truth/concordance_v1.csv,2025,punishment_lookup,A_ipc_bns_direct,renumbered,21,2(7),concordance_v1.csv + india_code,concordance_v1.csv row ipc_section=21,True,2026-09-04,True,template_expansion_current_law,
P7_0109,Which IPC section did BNS Section 2(7) replace?,BNS Section 2(7) (Court) replaced IPC Section 21 (Court of Justice).,21,IPC,concordance_v1_internal,bns_2(7),data/02_ground_truth/concordance_v1.csv,data/02_ground_truth/concordance_v1.csv,2025,reverse_lookup,A_ipc_bns_direct,renumbered,21,2(7),concordance_v1.csv + india_code,concordance_v1.csv row ipc_section=21,True,2026-09-04,True,template_expansion_reverse_lookup,
P7_0110,What was the old IPC provision corresponding to BNS Section 2(7)?,BNS Section 2(7) (Court) was enacted to replace IPC Section 21 (Court of Justice).,21,IPC,concordance_v1_internal,bns_2(7),data/02_ground_truth/concordance_v1.csv,data/02_ground_truth/concordance_v1.csv,2025,reverse_lookup,A_ipc_bns_direct,renumbered,21,2(7),concordance_v1.csv + india_code,concordance_v1.csv row ipc_section=21,True,2026-09-04,True,template_expansion_reverse_lookup,
P7_0111,Which section in BNS 2023 corresponds to IPC Section 24?,IPC Section 24 (Dishonestly) corresponds to BNS Section 2(10) (Dishonestly). Note: Moved to definitions chapter,2(10),BNS,concordance_v1_internal,ipc_24,data/02_ground_truth/concordance_v1.csv,data/02_ground_truth/concordance_v1.csv,2025,transition,A_ipc_bns_direct,renumbered,24,2(10),concordance_v1.csv + india_code,concordance_v1.csv row ipc_section=24,True,2026-09-04,True,template_expansion_from_concordance_row,
P7_0112,What is the BNS 2023 equivalent of IPC Section 24?,"Under BNS 2023, IPC Section 24 (Dishonestly) has been renumbered/replaced by Section 2(10) (Dishonestly). Note: Moved to definitions chapter",2(10),BNS,concordance_v1_internal,ipc_24,data/02_ground_truth/concordance_v1.csv,data/02_ground_truth/concordance_v1.csv,2025,transition,A_ipc_bns_direct,renumbered,24,2(10),concordance_v1.csv + india_code,concordance_v1.csv row ipc_section=24,True,2026-09-04,True,template_expansion_from_concordance_row,
P7_0113,"Under the Bharatiya Nyaya Sanhita 2023, which provision replaced IPC Section 24?",IPC Section 24 was replaced by BNS Section 2(10) (Dishonestly) with effect from 1 July 2024. Note: Moved to definitions chapter,2(10),BNS,concordance_v1_internal,ipc_24,data/02_ground_truth/concordance_v1.csv,data/02_ground_truth/concordance_v1.csv,2025,transition,A_ipc_bns_direct,renumbered,24,2(10),concordance_v1.csv + india_code,concordance_v1.csv row ipc_section=24,True,2026-09-04,True,template_expansion_from_concordance_row,
P7_0114,What is the current BNS provision dealing with dishonestly?,The current provision dealing with dishonestly is BNS Section 2(10) (Dishonestly).,2(10),BNS,concordance_v1_internal,ipc_24,data/02_ground_truth/concordance_v1.csv,data/02_ground_truth/concordance_v1.csv,2025,punishment_lookup,A_ipc_bns_direct,renumbered,24,2(10),concordance_v1.csv + india_code,concordance_v1.csv row ipc_section=24,True,2026-09-04,True,template_expansion_current_law,
P7_0115,"Under current Indian criminal law, which section covers dishonestly?","Under BNS 2023 (effective 1 July 2024), dishonestly is governed by Section 2(10) (Dishonestly).",2(10),BNS,concordance_v1_internal,ipc_24,data/02_ground_truth/concordance_v1.csv,data/02_ground_truth/concordance_v1.csv,2025,punishment_lookup,A_ipc_bns_direct,renumbered,24,2(10),concordance_v1.csv + india_code,concordance_v1.csv row ipc_section=24,True,2026-09-04,True,template_expansion_current_law,
P7_0116,Which IPC section did BNS Section 2(10) replace?,BNS Section 2(10) (Dishonestly) replaced IPC Section 24 (Dishonestly).,24,IPC,concordance_v1_internal,bns_2(10),data/02_ground_truth/concordance_v1.csv,data/02_ground_truth/concordance_v1.csv,2025,reverse_lookup,A_ipc_bns_direct,renumbered,24,2(10),concordance_v1.csv + india_code,concordance_v1.csv row ipc_section=24,True,2026-09-04,True,template_expansion_reverse_lookup,
P7_0117,What was the old IPC provision corresponding to BNS Section 2(10)?,BNS Section 2(10) (Dishonestly) was enacted to replace IPC Section 24 (Dishonestly).,24,IPC,concordance_v1_internal,bns_2(10),data/02_ground_truth/concordance_v1.csv,data/02_ground_truth/concordance_v1.csv,2025,reverse_lookup,A_ipc_bns_direct,renumbered,24,2(10),concordance_v1.csv + india_code,concordance_v1.csv row ipc_section=24,True,2026-09-04,True,template_expansion_reverse_lookup,
P7_0118,Which section in BNS 2023 corresponds to IPC Section 25?,IPC Section 25 (Fraudulently) corresponds to BNS Section 2(13) (Fraudulently). Note: Moved to definitions chapter,2(13),BNS,concordance_v1_internal,ipc_25,data/02_ground_truth/concordance_v1.csv,data/02_ground_truth/concordance_v1.csv,2025,transition,A_ipc_bns_direct,renumbered,25,2(13),concordance_v1.csv + india_code,concordance_v1.csv row ipc_section=25,True,2026-09-04,True,template_expansion_from_concordance_row,
P7_0119,What is the BNS 2023 equivalent of IPC Section 25?,"Under BNS 2023, IPC Section 25 (Fraudulently) has been renumbered/replaced by Section 2(13) (Fraudulently). Note: Moved to definitions chapter",2(13),BNS,concordance_v1_internal,ipc_25,data/02_ground_truth/concordance_v1.csv,data/02_ground_truth/concordance_v1.csv,2025,transition,A_ipc_bns_direct,renumbered,25,2(13),concordance_v1.csv + india_code,concordance_v1.csv row ipc_section=25,True,2026-09-04,True,template_expansion_from_concordance_row,
P7_0120,"Under the Bharatiya Nyaya Sanhita 2023, which provision replaced IPC Section 25?",IPC Section 25 was replaced by BNS Section 2(13) (Fraudulently) with effect from 1 July 2024. Note: Moved to definitions chapter,2(13),BNS,concordance_v1_internal,ipc_25,data/02_ground_truth/concordance_v1.csv,data/02_ground_truth/concordance_v1.csv,2025,transition,A_ipc_bns_direct,renumbered,25,2(13),concordance_v1.csv + india_code,concordance_v1.csv row ipc_section=25,True,2026-09-04,True,template_expansion_from_concordance_row,
P7_0121,What is the current BNS provision dealing with fraudulently?,The current provision dealing with fraudulently is BNS Section 2(13) (Fraudulently).,2(13),BNS,concordance_v1_internal,ipc_25,data/02_ground_truth/concordance_v1.csv,data/02_ground_truth/concordance_v1.csv,2025,punishment_lookup,A_ipc_bns_direct,renumbered,25,2(13),concordance_v1.csv + india_code,concordance_v1.csv row ipc_section=25,True,2026-09-04,True,template_expansion_current_law,
P7_0122,"Under current Indian criminal law, which section covers fraudulently?","Under BNS 2023 (effective 1 July 2024), fraudulently is governed by Section 2(13) (Fraudulently).",2(13),BNS,concordance_v1_internal,ipc_25,data/02_ground_truth/concordance_v1.csv,data/02_ground_truth/concordance_v1.csv,2025,punishment_lookup,A_ipc_bns_direct,renumbered,25,2(13),concordance_v1.csv + india_code,concordance_v1.csv row ipc_section=25,True,2026-09-04,True,template_expansion_current_law,
P7_0123,Which IPC section did BNS Section 2(13) replace?,BNS Section 2(13) (Fraudulently) replaced IPC Section 25 (Fraudulently).,25,IPC,concordance_v1_internal,bns_2(13),data/02_ground_truth/concordance_v1.csv,data/02_ground_truth/concordance_v1.csv,2025,reverse_lookup,A_ipc_bns_direct,renumbered,25,2(13),concordance_v1.csv + india_code,concordance_v1.csv row ipc_section=25,True,2026-09-04,True,template_expansion_reverse_lookup,
P7_0124,What was the old IPC provision corresponding to BNS Section 2(13)?,BNS Section 2(13) (Fraudulently) was enacted to replace IPC Section 25 (Fraudulently).,25,IPC,concordance_v1_internal,bns_2(13),data/02_ground_truth/concordance_v1.csv,data/02_ground_truth/concordance_v1.csv,2025,reverse_lookup,A_ipc_bns_direct,renumbered,25,2(13),concordance_v1.csv + india_code,concordance_v1.csv row ipc_section=25,True,2026-09-04,True,template_expansion_reverse_lookup,
P7_0125,Which section in BNS 2023 corresponds to IPC Section 26?,IPC Section 26 (Reason to believe) corresponds to BNS Section 2(29) (Reason to believe). Note: Moved to definitions chapter,2(29),BNS,concordance_v1_internal,ipc_26,data/02_ground_truth/concordance_v1.csv,data/02_ground_truth/concordance_v1.csv,2025,transition,A_ipc_bns_direct,renumbered,26,2(29),concordance_v1.csv + india_code,concordance_v1.csv row ipc_section=26,True,2026-09-04,True,template_expansion_from_concordance_row,
P7_0126,What is the BNS 2023 equivalent of IPC Section 26?,"Under BNS 2023, IPC Section 26 (Reason to believe) has been renumbered/replaced by Section 2(29) (Reason to believe). Note: Moved to definitions chapter",2(29),BNS,concordance_v1_internal,ipc_26,data/02_ground_truth/concordance_v1.csv,data/02_ground_truth/concordance_v1.csv,2025,transition,A_ipc_bns_direct,renumbered,26,2(29),concordance_v1.csv + india_code,concordance_v1.csv row ipc_section=26,True,2026-09-04,True,template_expansion_from_concordance_row,
P7_0127,"Under the Bharatiya Nyaya Sanhita 2023, which provision replaced IPC Section 26?",IPC Section 26 was replaced by BNS Section 2(29) (Reason to believe) with effect from 1 July 2024. Note: Moved to definitions chapter,2(29),BNS,concordance_v1_internal,ipc_26,data/02_ground_truth/concordance_v1.csv,data/02_ground_truth/concordance_v1.csv,2025,transition,A_ipc_bns_direct,renumbered,26,2(29),concordance_v1.csv + india_code,concordance_v1.csv row ipc_section=26,True,2026-09-04,True,template_expansion_from_concordance_row,
P7_0128,What is the current BNS provision dealing with reason to believe?,The current provision dealing with reason to believe is BNS Section 2(29) (Reason to believe).,2(29),BNS,concordance_v1_internal,ipc_26,data/02_ground_truth/concordance_v1.csv,data/02_ground_truth/concordance_v1.csv,2025,punishment_lookup,A_ipc_bns_direct,renumbered,26,2(29),concordance_v1.csv + india_code,concordance_v1.csv row ipc_section=26,True,2026-09-04,True,template_expansion_current_law,
P7_0129,"Under current Indian criminal law, which section covers reason to believe?","Under BNS 2023 (effective 1 July 2024), reason to believe is governed by Section 2(29) (Reason to believe).",2(29),BNS,concordance_v1_internal,ipc_26,data/02_ground_truth/concordance_v1.csv,data/02_ground_truth/concordance_v1.csv,2025,punishment_lookup,A_ipc_bns_direct,renumbered,26,2(29),concordance_v1.csv + india_code,concordance_v1.csv row ipc_section=26,True,2026-09-04,True,template_expansion_current_law,
P7_0130,Which IPC section did BNS Section 2(29) replace?,BNS Section 2(29) (Reason to believe) replaced IPC Section 26 (Reason to believe).,26,IPC,concordance_v1_internal,bns_2(29),data/02_ground_truth/concordance_v1.csv,data/02_ground_truth/concordance_v1.csv,2025,reverse_lookup,A_ipc_bns_direct,renumbered,26,2(29),concordance_v1.csv + india_code,concordance_v1.csv row ipc_section=26,True,2026-09-04,True,template_expansion_reverse_lookup,
P7_0131,What was the old IPC provision corresponding to BNS Section 2(29)?,BNS Section 2(29) (Reason to believe) was enacted to replace IPC Section 26 (Reason to believe).,26,IPC,concordance_v1_internal,bns_2(29),data/02_ground_truth/concordance_v1.csv,data/02_ground_truth/concordance_v1.csv,2025,reverse_lookup,A_ipc_bns_direct,renumbered,26,2(29),concordance_v1.csv + india_code,concordance_v1.csv row ipc_section=26,True,2026-09-04,True,template_expansion_reverse_lookup,
P7_0132,Which section in BNS 2023 corresponds to IPC Section 29?,IPC Section 29 (Document) corresponds to BNS Section 2(9) (Document). Note: Definition expanded to include electronic documents,2(9),BNS,concordance_v1_internal,ipc_29,data/02_ground_truth/concordance_v1.csv,data/02_ground_truth/concordance_v1.csv,2025,transition,A_ipc_bns_direct,renumbered,29,2(9),concordance_v1.csv + india_code,concordance_v1.csv row ipc_section=29,True,2026-09-04,True,template_expansion_from_concordance_row,
P7_0133,What is the BNS 2023 equivalent of IPC Section 29?,"Under BNS 2023, IPC Section 29 (Document) has been renumbered/replaced by Section 2(9) (Document). Note: Definition expanded to include electronic documents",2(9),BNS,concordance_v1_internal,ipc_29,data/02_ground_truth/concordance_v1.csv,data/02_ground_truth/concordance_v1.csv,2025,transition,A_ipc_bns_direct,renumbered,29,2(9),concordance_v1.csv + india_code,concordance_v1.csv row ipc_section=29,True,2026-09-04,True,template_expansion_from_concordance_row,
P7_0134,"Under the Bharatiya Nyaya Sanhita 2023, which provision replaced IPC Section 29?",IPC Section 29 was replaced by BNS Section 2(9) (Document) with effect from 1 July 2024. Note: Definition expanded to include electronic documents,2(9),BNS,concordance_v1_internal,ipc_29,data/02_ground_truth/concordance_v1.csv,data/02_ground_truth/concordance_v1.csv,2025,transition,A_ipc_bns_direct,renumbered,29,2(9),concordance_v1.csv + india_code,concordance_v1.csv row ipc_section=29,True,2026-09-04,True,template_expansion_from_concordance_row,
P7_0135,What is the current BNS provision dealing with document?,The current provision dealing with document is BNS Section 2(9) (Document).,2(9),BNS,concordance_v1_internal,ipc_29,data/02_ground_truth/concordance_v1.csv,data/02_ground_truth/concordance_v1.csv,2025,punishment_lookup,A_ipc_bns_direct,renumbered,29,2(9),concordance_v1.csv + india_code,concordance_v1.csv row ipc_section=29,True,2026-09-04,True,template_expansion_current_law,
P7_0136,"Under current Indian criminal law, which section covers document?","Under BNS 2023 (effective 1 July 2024), document is governed by Section 2(9) (Document).",2(9),BNS,concordance_v1_internal,ipc_29,data/02_ground_truth/concordance_v1.csv,data/02_ground_truth/concordance_v1.csv,2025,punishment_lookup,A_ipc_bns_direct,renumbered,29,2(9),concordance_v1.csv + india_code,concordance_v1.csv row ipc_section=29,True,2026-09-04,True,template_expansion_current_law,
P7_0137,Which IPC section did BNS Section 2(9) replace?,BNS Section 2(9) (Document) replaced IPC Section 29 (Document).,29,IPC,concordance_v1_internal,bns_2(9),data/02_ground_truth/concordance_v1.csv,data/02_ground_truth/concordance_v1.csv,2025,reverse_lookup,A_ipc_bns_direct,renumbered,29,2(9),concordance_v1.csv + india_code,concordance_v1.csv row ipc_section=29,True,2026-09-04,True,template_expansion_reverse_lookup,
P7_0138,What was the old IPC provision corresponding to BNS Section 2(9)?,BNS Section 2(9) (Document) was enacted to replace IPC Section 29 (Document).,29,IPC,concordance_v1_internal,bns_2(9),data/02_ground_truth/concordance_v1.csv,data/02_ground_truth/concordance_v1.csv,2025,reverse_lookup,A_ipc_bns_direct,renumbered,29,2(9),concordance_v1.csv + india_code,concordance_v1.csv row ipc_section=29,True,2026-09-04,True,template_expansion_reverse_lookup,
P7_0139,Which section in BNS 2023 corresponds to IPC Section 33?,IPC Section 33 (Act and Omission) corresponds to BNS Section 2(1)/2(25) (Act / Omission). Note: IPC combined both terms; BNS defines them separately,2(1)/2(25),BNS,concordance_v1_internal,ipc_33,data/02_ground_truth/concordance_v1.csv,data/02_ground_truth/concordance_v1.csv,2025,transition,A_ipc_bns_direct,split,33,2(1)/2(25),concordance_v1.csv + india_code,concordance_v1.csv row ipc_section=33,True,2026-09-04,True,template_expansion_from_concordance_row,
P7_0140,What is the BNS 2023 equivalent of IPC Section 33?,"Under BNS 2023, IPC Section 33 (Act and Omission) has been renumbered/replaced by Section 2(1)/2(25) (Act / Omission). Note: IPC combined both terms; BNS defines them separately",2(1)/2(25),BNS,concordance_v1_internal,ipc_33,data/02_ground_truth/concordance_v1.csv,data/02_ground_truth/concordance_v1.csv,2025,transition,A_ipc_bns_direct,split,33,2(1)/2(25),concordance_v1.csv + india_code,concordance_v1.csv row ipc_section=33,True,2026-09-04,True,template_expansion_from_concordance_row,
P7_0141,"Under the Bharatiya Nyaya Sanhita 2023, which provision replaced IPC Section 33?",IPC Section 33 was replaced by BNS Section 2(1)/2(25) (Act / Omission) with effect from 1 July 2024. Note: IPC combined both terms; BNS defines them separately,2(1)/2(25),BNS,concordance_v1_internal,ipc_33,data/02_ground_truth/concordance_v1.csv,data/02_ground_truth/concordance_v1.csv,2025,transition,A_ipc_bns_direct,split,33,2(1)/2(25),concordance_v1.csv + india_code,concordance_v1.csv row ipc_section=33,True,2026-09-04,True,template_expansion_from_concordance_row,
P7_0142,What is the current BNS provision dealing with act and omission?,The current provision dealing with act and omission is BNS Section 2(1)/2(25) (Act / Omission).,2(1)/2(25),BNS,concordance_v1_internal,ipc_33,data/02_ground_truth/concordance_v1.csv,data/02_ground_truth/concordance_v1.csv,2025,punishment_lookup,A_ipc_bns_direct,split,33,2(1)/2(25),concordance_v1.csv + india_code,concordance_v1.csv row ipc_section=33,True,2026-09-04,True,template_expansion_current_law,
P7_0143,"Under current Indian criminal law, which section covers act and omission?","Under BNS 2023 (effective 1 July 2024), act and omission is governed by Section 2(1)/2(25) (Act / Omission).",2(1)/2(25),BNS,concordance_v1_internal,ipc_33,data/02_ground_truth/concordance_v1.csv,data/02_ground_truth/concordance_v1.csv,2025,punishment_lookup,A_ipc_bns_direct,split,33,2(1)/2(25),concordance_v1.csv + india_code,concordance_v1.csv row ipc_section=33,True,2026-09-04,True,template_expansion_current_law,
P7_0144,Which IPC section did BNS Section 2(1)/2(25) replace?,BNS Section 2(1)/2(25) (Act / Omission) replaced IPC Section 33 (Act and Omission).,33,IPC,concordance_v1_internal,bns_2(1)/2(25),data/02_ground_truth/concordance_v1.csv,data/02_ground_truth/concordance_v1.csv,2025,reverse_lookup,A_ipc_bns_direct,split,33,2(1)/2(25),concordance_v1.csv + india_code,concordance_v1.csv row ipc_section=33,True,2026-09-04,True,template_expansion_reverse_lookup,
P7_0145,What was the old IPC provision corresponding to BNS Section 2(1)/2(25)?,BNS Section 2(1)/2(25) (Act / Omission) was enacted to replace IPC Section 33 (Act and Omission).,33,IPC,concordance_v1_internal,bns_2(1)/2(25),data/02_ground_truth/concordance_v1.csv,data/02_ground_truth/concordance_v1.csv,2025,reverse_lookup,A_ipc_bns_direct,split,33,2(1)/2(25),concordance_v1.csv + india_code,concordance_v1.csv row ipc_section=33,True,2026-09-04,True,template_expansion_reverse_lookup,
P7_0146,Which section in BNS 2023 corresponds to IPC Section 34?,IPC Section 34 (Valuable security) corresponds to BNS Section 2(36) (Valuable security).,2(36),BNS,concordance_v1_internal,ipc_34,data/02_ground_truth/concordance_v1.csv,data/02_ground_truth/concordance_v1.csv,2025,transition,A_ipc_bns_direct,renumbered,34,2(36),concordance_v1.csv + india_code,concordance_v1.csv row ipc_section=34,True,2026-09-04,True,template_expansion_from_concordance_row,
P7_0147,What is the BNS 2023 equivalent of IPC Section 34?,"Under BNS 2023, IPC Section 34 (Valuable security) has been renumbered/replaced by Section 2(36) (Valuable security).",2(36),BNS,concordance_v1_internal,ipc_34,data/02_ground_truth/concordance_v1.csv,data/02_ground_truth/concordance_v1.csv,2025,transition,A_ipc_bns_direct,renumbered,34,2(36),concordance_v1.csv + india_code,concordance_v1.csv row ipc_section=34,True,2026-09-04,True,template_expansion_from_concordance_row,
P7_0148,"Under the Bharatiya Nyaya Sanhita 2023, which provision replaced IPC Section 34?",IPC Section 34 was replaced by BNS Section 2(36) (Valuable security) with effect from 1 July 2024.,2(36),BNS,concordance_v1_internal,ipc_34,data/02_ground_truth/concordance_v1.csv,data/02_ground_truth/concordance_v1.csv,2025,transition,A_ipc_bns_direct,renumbered,34,2(36),concordance_v1.csv + india_code,concordance_v1.csv row ipc_section=34,True,2026-09-04,True,template_expansion_from_concordance_row,
P7_0149,What is the current BNS provision dealing with valuable security?,The current provision dealing with valuable security is BNS Section 2(36) (Valuable security).,2(36),BNS,concordance_v1_internal,ipc_34,data/02_ground_truth/concordance_v1.csv,data/02_ground_truth/concordance_v1.csv,2025,punishment_lookup,A_ipc_bns_direct,renumbered,34,2(36),concordance_v1.csv + india_code,concordance_v1.csv row ipc_section=34,True,2026-09-04,True,template_expansion_current_law,
P7_0150,"Under current Indian criminal law, which section covers valuable security?","Under BNS 2023 (effective 1 July 2024), valuable security is governed by Section 2(36) (Valuable security).",2(36),BNS,concordance_v1_internal,ipc_34,data/02_ground_truth/concordance_v1.csv,data/02_ground_truth/concordance_v1.csv,2025,punishment_lookup,A_ipc_bns_direct,renumbered,34,2(36),concordance_v1.csv + india_code,concordance_v1.csv row ipc_section=34,True,2026-09-04,True,template_expansion_current_law,
P7_0151,Which IPC section did BNS Section 2(36) replace?,BNS Section 2(36) (Valuable security) replaced IPC Section 34 (Valuable security).,34,IPC,concordance_v1_internal,bns_2(36),data/02_ground_truth/concordance_v1.csv,data/02_ground_truth/concordance_v1.csv,2025,reverse_lookup,A_ipc_bns_direct,renumbered,34,2(36),concordance_v1.csv + india_code,concordance_v1.csv row ipc_section=34,True,2026-09-04,True,template_expansion_reverse_lookup,
P7_0152,What was the old IPC provision corresponding to BNS Section 2(36)?,BNS Section 2(36) (Valuable security) was enacted to replace IPC Section 34 (Valuable security).,34,IPC,concordance_v1_internal,bns_2(36),data/02_ground_truth/concordance_v1.csv,data/02_ground_truth/concordance_v1.csv,2025,reverse_lookup,A_ipc_bns_direct,renumbered,34,2(36),concordance_v1.csv + india_code,concordance_v1.csv row ipc_section=34,True,2026-09-04,True,template_expansion_reverse_lookup,
P7_0153,Which section in BNS 2023 corresponds to IPC Section 40?,IPC Section 40 (Offence) corresponds to BNS Section 2(23) (Offence). Note: Moved to definitions chapter,2(23),BNS,concordance_v1_internal,ipc_40,data/02_ground_truth/concordance_v1.csv,data/02_ground_truth/concordance_v1.csv,2025,transition,A_ipc_bns_direct,renumbered,40,2(23),concordance_v1.csv + india_code,concordance_v1.csv row ipc_section=40,True,2026-09-04,True,template_expansion_from_concordance_row,
P7_0154,What is the BNS 2023 equivalent of IPC Section 40?,"Under BNS 2023, IPC Section 40 (Offence) has been renumbered/replaced by Section 2(23) (Offence). Note: Moved to definitions chapter",2(23),BNS,concordance_v1_internal,ipc_40,data/02_ground_truth/concordance_v1.csv,data/02_ground_truth/concordance_v1.csv,2025,transition,A_ipc_bns_direct,renumbered,40,2(23),concordance_v1.csv + india_code,concordance_v1.csv row ipc_section=40,True,2026-09-04,True,template_expansion_from_concordance_row,
P7_0155,"Under the Bharatiya Nyaya Sanhita 2023, which provision replaced IPC Section 40?",IPC Section 40 was replaced by BNS Section 2(23) (Offence) with effect from 1 July 2024. Note: Moved to definitions chapter,2(23),BNS,concordance_v1_internal,ipc_40,data/02_ground_truth/concordance_v1.csv,data/02_ground_truth/concordance_v1.csv,2025,transition,A_ipc_bns_direct,renumbered,40,2(23),concordance_v1.csv + india_code,concordance_v1.csv row ipc_section=40,True,2026-09-04,True,template_expansion_from_concordance_row,
P7_0156,What is the current BNS provision dealing with offence?,The current provision dealing with offence is BNS Section 2(23) (Offence).,2(23),BNS,concordance_v1_internal,ipc_40,data/02_ground_truth/concordance_v1.csv,data/02_ground_truth/concordance_v1.csv,2025,punishment_lookup,A_ipc_bns_direct,renumbered,40,2(23),concordance_v1.csv + india_code,concordance_v1.csv row ipc_section=40,True,2026-09-04,True,template_expansion_current_law,
P7_0157,"Under current Indian criminal law, which section covers offence?","Under BNS 2023 (effective 1 July 2024), offence is governed by Section 2(23) (Offence).",2(23),BNS,concordance_v1_internal,ipc_40,data/02_ground_truth/concordance_v1.csv,data/02_ground_truth/concordance_v1.csv,2025,punishment_lookup,A_ipc_bns_direct,renumbered,40,2(23),concordance_v1.csv + india_code,concordance_v1.csv row ipc_section=40,True,2026-09-04,True,template_expansion_current_law,
P7_0158,Which IPC section did BNS Section 2(23) replace?,BNS Section 2(23) (Offence) replaced IPC Section 40 (Offence).,40,IPC,concordance_v1_internal,bns_2(23),data/02_ground_truth/concordance_v1.csv,data/02_ground_truth/concordance_v1.csv,2025,reverse_lookup,A_ipc_bns_direct,renumbered,40,2(23),concordance_v1.csv + india_code,concordance_v1.csv row ipc_section=40,True,2026-09-04,True,template_expansion_reverse_lookup,
P7_0159,What was the old IPC provision corresponding to BNS Section 2(23)?,BNS Section 2(23) (Offence) was enacted to replace IPC Section 40 (Offence).,40,IPC,concordance_v1_internal,bns_2(23),data/02_ground_truth/concordance_v1.csv,data/02_ground_truth/concordance_v1.csv,2025,reverse_lookup,A_ipc_bns_direct,renumbered,40,2(23),concordance_v1.csv + india_code,concordance_v1.csv row ipc_section=40,True,2026-09-04,True,template_expansion_reverse_lookup,
P7_0160,Which section in BNS 2023 corresponds to IPC Section 44?,IPC Section 44 (Injury) corresponds to BNS Section 2(17) (Injury). Note: Moved to definitions chapter,2(17),BNS,concordance_v1_internal,ipc_44,data/02_ground_truth/concordance_v1.csv,data/02_ground_truth/concordance_v1.csv,2025,transition,A_ipc_bns_direct,renumbered,44,2(17),concordance_v1.csv + india_code,concordance_v1.csv row ipc_section=44,True,2026-09-04,True,template_expansion_from_concordance_row,
P7_0161,What is the BNS 2023 equivalent of IPC Section 44?,"Under BNS 2023, IPC Section 44 (Injury) has been renumbered/replaced by Section 2(17) (Injury). Note: Moved to definitions chapter",2(17),BNS,concordance_v1_internal,ipc_44,data/02_ground_truth/concordance_v1.csv,data/02_ground_truth/concordance_v1.csv,2025,transition,A_ipc_bns_direct,renumbered,44,2(17),concordance_v1.csv + india_code,concordance_v1.csv row ipc_section=44,True,2026-09-04,True,template_expansion_from_concordance_row,
P7_0162,"Under the Bharatiya Nyaya Sanhita 2023, which provision replaced IPC Section 44?",IPC Section 44 was replaced by BNS Section 2(17) (Injury) with effect from 1 July 2024. Note: Moved to definitions chapter,2(17),BNS,concordance_v1_internal,ipc_44,data/02_ground_truth/concordance_v1.csv,data/02_ground_truth/concordance_v1.csv,2025,transition,A_ipc_bns_direct,renumbered,44,2(17),concordance_v1.csv + india_code,concordance_v1.csv row ipc_section=44,True,2026-09-04,True,template_expansion_from_concordance_row,
P7_0163,What is the current BNS provision dealing with injury?,The current provision dealing with injury is BNS Section 2(17) (Injury).,2(17),BNS,concordance_v1_internal,ipc_44,data/02_ground_truth/concordance_v1.csv,data/02_ground_truth/concordance_v1.csv,2025,punishment_lookup,A_ipc_bns_direct,renumbered,44,2(17),concordance_v1.csv + india_code,concordance_v1.csv row ipc_section=44,True,2026-09-04,True,template_expansion_current_law,
P7_0164,"Under current Indian criminal law, which section covers injury?","Under BNS 2023 (effective 1 July 2024), injury is governed by Section 2(17) (Injury).",2(17),BNS,concordance_v1_internal,ipc_44,data/02_ground_truth/concordance_v1.csv,data/02_ground_truth/concordance_v1.csv,2025,punishment_lookup,A_ipc_bns_direct,renumbered,44,2(17),concordance_v1.csv + india_code,concordance_v1.csv row ipc_section=44,True,2026-09-04,True,template_expansion_current_law,
P7_0165,Which IPC section did BNS Section 2(17) replace?,BNS Section 2(17) (Injury) replaced IPC Section 44 (Injury).,44,IPC,concordance_v1_internal,bns_2(17),data/02_ground_truth/concordance_v1.csv,data/02_ground_truth/concordance_v1.csv,2025,reverse_lookup,A_ipc_bns_direct,renumbered,44,2(17),concordance_v1.csv + india_code,concordance_v1.csv row ipc_section=44,True,2026-09-04,True,template_expansion_reverse_lookup,
P7_0166,What was the old IPC provision corresponding to BNS Section 2(17)?,BNS Section 2(17) (Injury) was enacted to replace IPC Section 44 (Injury).,44,IPC,concordance_v1_internal,bns_2(17),data/02_ground_truth/concordance_v1.csv,data/02_ground_truth/concordance_v1.csv,2025,reverse_lookup,A_ipc_bns_direct,renumbered,44,2(17),concordance_v1.csv + india_code,concordance_v1.csv row ipc_section=44,True,2026-09-04,True,template_expansion_reverse_lookup,
P7_0167,Which section in BNS 2023 corresponds to IPC Section 51?,IPC Section 51 (Oath) corresponds to BNS Section 2(22) (Oath). Note: Moved to definitions chapter,2(22),BNS,concordance_v1_internal,ipc_51,data/02_ground_truth/concordance_v1.csv,data/02_ground_truth/concordance_v1.csv,2025,transition,A_ipc_bns_direct,renumbered,51,2(22),concordance_v1.csv + india_code,concordance_v1.csv row ipc_section=51,True,2026-09-04,True,template_expansion_from_concordance_row,
P7_0168,What is the BNS 2023 equivalent of IPC Section 51?,"Under BNS 2023, IPC Section 51 (Oath) has been renumbered/replaced by Section 2(22) (Oath). Note: Moved to definitions chapter",2(22),BNS,concordance_v1_internal,ipc_51,data/02_ground_truth/concordance_v1.csv,data/02_ground_truth/concordance_v1.csv,2025,transition,A_ipc_bns_direct,renumbered,51,2(22),concordance_v1.csv + india_code,concordance_v1.csv row ipc_section=51,True,2026-09-04,True,template_expansion_from_concordance_row,
P7_0169,"Under the Bharatiya Nyaya Sanhita 2023, which provision replaced IPC Section 51?",IPC Section 51 was replaced by BNS Section 2(22) (Oath) with effect from 1 July 2024. Note: Moved to definitions chapter,2(22),BNS,concordance_v1_internal,ipc_51,data/02_ground_truth/concordance_v1.csv,data/02_ground_truth/concordance_v1.csv,2025,transition,A_ipc_bns_direct,renumbered,51,2(22),concordance_v1.csv + india_code,concordance_v1.csv row ipc_section=51,True,2026-09-04,True,template_expansion_from_concordance_row,
P7_0170,What is the current BNS provision dealing with oath?,The current provision dealing with oath is BNS Section 2(22) (Oath).,2(22),BNS,concordance_v1_internal,ipc_51,data/02_ground_truth/concordance_v1.csv,data/02_ground_truth/concordance_v1.csv,2025,punishment_lookup,A_ipc_bns_direct,renumbered,51,2(22),concordance_v1.csv + india_code,concordance_v1.csv row ipc_section=51,True,2026-09-04,True,template_expansion_current_law,
P7_0171,"Under current Indian criminal law, which section covers oath?","Under BNS 2023 (effective 1 July 2024), oath is governed by Section 2(22) (Oath).",2(22),BNS,concordance_v1_internal,ipc_51,data/02_ground_truth/concordance_v1.csv,data/02_ground_truth/concordance_v1.csv,2025,punishment_lookup,A_ipc_bns_direct,renumbered,51,2(22),concordance_v1.csv + india_code,concordance_v1.csv row ipc_section=51,True,2026-09-04,True,template_expansion_current_law,
P7_0172,Which IPC section did BNS Section 2(22) replace?,BNS Section 2(22) (Oath) replaced IPC Section 51 (Oath).,51,IPC,concordance_v1_internal,bns_2(22),data/02_ground_truth/concordance_v1.csv,data/02_ground_truth/concordance_v1.csv,2025,reverse_lookup,A_ipc_bns_direct,renumbered,51,2(22),concordance_v1.csv + india_code,concordance_v1.csv row ipc_section=51,True,2026-09-04,True,template_expansion_reverse_lookup,
P7_0173,What was the old IPC provision corresponding to BNS Section 2(22)?,BNS Section 2(22) (Oath) was enacted to replace IPC Section 51 (Oath).,51,IPC,concordance_v1_internal,bns_2(22),data/02_ground_truth/concordance_v1.csv,data/02_ground_truth/concordance_v1.csv,2025,reverse_lookup,A_ipc_bns_direct,renumbered,51,2(22),concordance_v1.csv + india_code,concordance_v1.csv row ipc_section=51,True,2026-09-04,True,template_expansion_reverse_lookup,
P7_0174,Which section in BNS 2023 corresponds to IPC Section 52?,IPC Section 52 (Good faith) corresponds to BNS Section 2(15) (Good faith).,2(15),BNS,concordance_v1_internal,ipc_52,data/02_ground_truth/concordance_v1.csv,data/02_ground_truth/concordance_v1.csv,2025,transition,A_ipc_bns_direct,renumbered,52,2(15),concordance_v1.csv + india_code,concordance_v1.csv row ipc_section=52,True,2026-09-04,True,template_expansion_from_concordance_row,
P7_0175,What is the BNS 2023 equivalent of IPC Section 52?,"Under BNS 2023, IPC Section 52 (Good faith) has been renumbered/replaced by Section 2(15) (Good faith).",2(15),BNS,concordance_v1_internal,ipc_52,data/02_ground_truth/concordance_v1.csv,data/02_ground_truth/concordance_v1.csv,2025,transition,A_ipc_bns_direct,renumbered,52,2(15),concordance_v1.csv + india_code,concordance_v1.csv row ipc_section=52,True,2026-09-04,True,template_expansion_from_concordance_row,
P7_0176,"Under the Bharatiya Nyaya Sanhita 2023, which provision replaced IPC Section 52?",IPC Section 52 was replaced by BNS Section 2(15) (Good faith) with effect from 1 July 2024.,2(15),BNS,concordance_v1_internal,ipc_52,data/02_ground_truth/concordance_v1.csv,data/02_ground_truth/concordance_v1.csv,2025,transition,A_ipc_bns_direct,renumbered,52,2(15),concordance_v1.csv + india_code,concordance_v1.csv row ipc_section=52,True,2026-09-04,True,template_expansion_from_concordance_row,
P7_0177,What is the current BNS provision dealing with good faith?,The current provision dealing with good faith is BNS Section 2(15) (Good faith).,2(15),BNS,concordance_v1_internal,ipc_52,data/02_ground_truth/concordance_v1.csv,data/02_ground_truth/concordance_v1.csv,2025,punishment_lookup,A_ipc_bns_direct,renumbered,52,2(15),concordance_v1.csv + india_code,concordance_v1.csv row ipc_section=52,True,2026-09-04,True,template_expansion_current_law,
P7_0178,"Under current Indian criminal law, which section covers good faith?","Under BNS 2023 (effective 1 July 2024), good faith is governed by Section 2(15) (Good faith).",2(15),BNS,concordance_v1_internal,ipc_52,data/02_ground_truth/concordance_v1.csv,data/02_ground_truth/concordance_v1.csv,2025,punishment_lookup,A_ipc_bns_direct,renumbered,52,2(15),concordance_v1.csv + india_code,concordance_v1.csv row ipc_section=52,True,2026-09-04,True,template_expansion_current_law,
P7_0179,Which IPC section did BNS Section 2(15) replace?,BNS Section 2(15) (Good faith) replaced IPC Section 52 (Good faith).,52,IPC,concordance_v1_internal,bns_2(15),data/02_ground_truth/concordance_v1.csv,data/02_ground_truth/concordance_v1.csv,2025,reverse_lookup,A_ipc_bns_direct,renumbered,52,2(15),concordance_v1.csv + india_code,concordance_v1.csv row ipc_section=52,True,2026-09-04,True,template_expansion_reverse_lookup,
P7_0180,What was the old IPC provision corresponding to BNS Section 2(15)?,BNS Section 2(15) (Good faith) was enacted to replace IPC Section 52 (Good faith).,52,IPC,concordance_v1_internal,bns_2(15),data/02_ground_truth/concordance_v1.csv,data/02_ground_truth/concordance_v1.csv,2025,reverse_lookup,A_ipc_bns_direct,renumbered,52,2(15),concordance_v1.csv + india_code,concordance_v1.csv row ipc_section=52,True,2026-09-04,True,template_expansion_reverse_lookup,
P7_0181,Which section in BNS 2023 corresponds to IPC Section 52A?,IPC Section 52A (Harbour) corresponds to BNS Section 2(16) (Harbour).,2(16),BNS,concordance_v1_internal,ipc_52A,data/02_ground_truth/concordance_v1.csv,data/02_ground_truth/concordance_v1.csv,2025,transition,A_ipc_bns_direct,renumbered,52A,2(16),concordance_v1.csv + india_code,concordance_v1.csv row ipc_section=52A,True,2026-09-04,True,template_expansion_from_concordance_row,
P7_0182,What is the BNS 2023 equivalent of IPC Section 52A?,"Under BNS 2023, IPC Section 52A (Harbour) has been renumbered/replaced by Section 2(16) (Harbour).",2(16),BNS,concordance_v1_internal,ipc_52A,data/02_ground_truth/concordance_v1.csv,data/02_ground_truth/concordance_v1.csv,2025,transition,A_ipc_bns_direct,renumbered,52A,2(16),concordance_v1.csv + india_code,concordance_v1.csv row ipc_section=52A,True,2026-09-04,True,template_expansion_from_concordance_row,
P7_0183,"Under the Bharatiya Nyaya Sanhita 2023, which provision replaced IPC Section 52A?",IPC Section 52A was replaced by BNS Section 2(16) (Harbour) with effect from 1 July 2024.,2(16),BNS,concordance_v1_internal,ipc_52A,data/02_ground_truth/concordance_v1.csv,data/02_ground_truth/concordance_v1.csv,2025,transition,A_ipc_bns_direct,renumbered,52A,2(16),concordance_v1.csv + india_code,concordance_v1.csv row ipc_section=52A,True,2026-09-04,True,template_expansion_from_concordance_row,
P7_0184,What is the current BNS provision dealing with harbour?,The current provision dealing with harbour is BNS Section 2(16) (Harbour).,2(16),BNS,concordance_v1_internal,ipc_52A,data/02_ground_truth/concordance_v1.csv,data/02_ground_truth/concordance_v1.csv,2025,punishment_lookup,A_ipc_bns_direct,renumbered,52A,2(16),concordance_v1.csv + india_code,concordance_v1.csv row ipc_section=52A,True,2026-09-04,True,template_expansion_current_law,
P7_0185,"Under current Indian criminal law, which section covers harbour?","Under BNS 2023 (effective 1 July 2024), harbour is governed by Section 2(16) (Harbour).",2(16),BNS,concordance_v1_internal,ipc_52A,data/02_ground_truth/concordance_v1.csv,data/02_ground_truth/concordance_v1.csv,2025,punishment_lookup,A_ipc_bns_direct,renumbered,52A,2(16),concordance_v1.csv + india_code,concordance_v1.csv row ipc_section=52A,True,2026-09-04,True,template_expansion_current_law,
P7_0186,Which IPC section did BNS Section 2(16) replace?,BNS Section 2(16) (Harbour) replaced IPC Section 52A (Harbour).,52A,IPC,concordance_v1_internal,bns_2(16),data/02_ground_truth/concordance_v1.csv,data/02_ground_truth/concordance_v1.csv,2025,reverse_lookup,A_ipc_bns_direct,renumbered,52A,2(16),concordance_v1.csv + india_code,concordance_v1.csv row ipc_section=52A,True,2026-09-04,True,template_expansion_reverse_lookup,
P7_0187,What was the old IPC provision corresponding to BNS Section 2(16)?,BNS Section 2(16) (Harbour) was enacted to replace IPC Section 52A (Harbour).,52A,IPC,concordance_v1_internal,bns_2(16),data/02_ground_truth/concordance_v1.csv,data/02_ground_truth/concordance_v1.csv,2025,reverse_lookup,A_ipc_bns_direct,renumbered,52A,2(16),concordance_v1.csv + india_code,concordance_v1.csv row ipc_section=52A,True,2026-09-04,True,template_expansion_reverse_lookup,
P7_0188,Which section in BNS 2023 corresponds to IPC Section 76?,IPC Section 76 (Act done by a person bound or by mistake of fact believing himself bound by law) corresponds to BNS Section 14 (Act done by a person bound or by mistake of fact believing himself bound by law).,14,BNS,concordance_v1_internal,ipc_76,data/02_ground_truth/concordance_v1.csv,data/02_ground_truth/concordance_v1.csv,2025,transition,A_ipc_bns_direct,renumbered,76,14,concordance_v1.csv + india_code,concordance_v1.csv row ipc_section=76,True,2026-09-04,True,template_expansion_from_concordance_row,
P7_0189,What is the BNS 2023 equivalent of IPC Section 76?,"Under BNS 2023, IPC Section 76 (Act done by a person bound or by mistake of fact believing himself bound by law) has been renumbered/replaced by Section 14 (Act done by a person bound or by mistake of fact believing himself bound by law).",14,BNS,concordance_v1_internal,ipc_76,data/02_ground_truth/concordance_v1.csv,data/02_ground_truth/concordance_v1.csv,2025,transition,A_ipc_bns_direct,renumbered,76,14,concordance_v1.csv + india_code,concordance_v1.csv row ipc_section=76,True,2026-09-04,True,template_expansion_from_concordance_row,
P7_0190,"Under the Bharatiya Nyaya Sanhita 2023, which provision replaced IPC Section 76?",IPC Section 76 was replaced by BNS Section 14 (Act done by a person bound or by mistake of fact believing himself bound by law) with effect from 1 July 2024.,14,BNS,concordance_v1_internal,ipc_76,data/02_ground_truth/concordance_v1.csv,data/02_ground_truth/concordance_v1.csv,2025,transition,A_ipc_bns_direct,renumbered,76,14,concordance_v1.csv + india_code,concordance_v1.csv row ipc_section=76,True,2026-09-04,True,template_expansion_from_concordance_row,
P7_0191,What is the current BNS provision dealing with act done by a person bound or by mistake of fact believing himself bound by law?,The current provision dealing with act done by a person bound or by mistake of fact believing himself bound by law is BNS Section 14 (Act done by a person bound or by mistake of fact believing himself bound by law).,14,BNS,concordance_v1_internal,ipc_76,data/02_ground_truth/concordance_v1.csv,data/02_ground_truth/concordance_v1.csv,2025,punishment_lookup,A_ipc_bns_direct,renumbered,76,14,concordance_v1.csv + india_code,concordance_v1.csv row ipc_section=76,True,2026-09-04,True,template_expansion_current_law,
P7_0192,"Under current Indian criminal law, which section covers act done by a person bound or by mistake of fact believing himself bound by law?","Under BNS 2023 (effective 1 July 2024), act done by a person bound or by mistake of fact believing himself bound by law is governed by Section 14 (Act done by a person bound or by mistake of fact believing himself bound by law).",14,BNS,concordance_v1_internal,ipc_76,data/02_ground_truth/concordance_v1.csv,data/02_ground_truth/concordance_v1.csv,2025,punishment_lookup,A_ipc_bns_direct,renumbered,76,14,concordance_v1.csv + india_code,concordance_v1.csv row ipc_section=76,True,2026-09-04,True,template_expansion_current_law,
P7_0193,Which IPC section did BNS Section 14 replace?,BNS Section 14 (Act done by a person bound or by mistake of fact believing himself bound by law) replaced IPC Section 76 (Act done by a person bound or by mistake of fact believing himself bound by law).,76,IPC,concordance_v1_internal,bns_14,data/02_ground_truth/concordance_v1.csv,data/02_ground_truth/concordance_v1.csv,2025,reverse_lookup,A_ipc_bns_direct,renumbered,76,14,concordance_v1.csv + india_code,concordance_v1.csv row ipc_section=76,True,2026-09-04,True,template_expansion_reverse_lookup,
P7_0194,What was the old IPC provision corresponding to BNS Section 14?,BNS Section 14 (Act done by a person bound or by mistake of fact believing himself bound by law) was enacted to replace IPC Section 76 (Act done by a person bound or by mistake of fact believing himself bound by law).,76,IPC,concordance_v1_internal,bns_14,data/02_ground_truth/concordance_v1.csv,data/02_ground_truth/concordance_v1.csv,2025,reverse_lookup,A_ipc_bns_direct,renumbered,76,14,concordance_v1.csv + india_code,concordance_v1.csv row ipc_section=76,True,2026-09-04,True,template_expansion_reverse_lookup,
P7_0195,Which section in BNS 2023 corresponds to IPC Section 79?,IPC Section 79 (Act done by a person justified or by mistake of fact believing himself justified by law) corresponds to BNS Section 17 (Act done by a person justified or by mistake of fact believing himself justified by law).,17,BNS,concordance_v1_internal,ipc_79,data/02_ground_truth/concordance_v1.csv,data/02_ground_truth/concordance_v1.csv,2025,transition,A_ipc_bns_direct,renumbered,79,17,concordance_v1.csv + india_code,concordance_v1.csv row ipc_section=79,True,2026-09-04,True,template_expansion_from_concordance_row,
P7_0196,What is the BNS 2023 equivalent of IPC Section 79?,"Under BNS 2023, IPC Section 79 (Act done by a person justified or by mistake of fact believing himself justified by law) has been renumbered/replaced by Section 17 (Act done by a person justified or by mistake of fact believing himself justified by law).",17,BNS,concordance_v1_internal,ipc_79,data/02_ground_truth/concordance_v1.csv,data/02_ground_truth/concordance_v1.csv,2025,transition,A_ipc_bns_direct,renumbered,79,17,concordance_v1.csv + india_code,concordance_v1.csv row ipc_section=79,True,2026-09-04,True,template_expansion_from_concordance_row,
P7_0197,"Under the Bharatiya Nyaya Sanhita 2023, which provision replaced IPC Section 79?",IPC Section 79 was replaced by BNS Section 17 (Act done by a person justified or by mistake of fact believing himself justified by law) with effect from 1 July 2024.,17,BNS,concordance_v1_internal,ipc_79,data/02_ground_truth/concordance_v1.csv,data/02_ground_truth/concordance_v1.csv,2025,transition,A_ipc_bns_direct,renumbered,79,17,concordance_v1.csv + india_code,concordance_v1.csv row ipc_section=79,True,2026-09-04,True,template_expansion_from_concordance_row,
P7_0198,What is the current BNS provision dealing with act done by a person justified or by mistake of fact believing himself justified by law?,The current provision dealing with act done by a person justified or by mistake of fact believing himself justified by law is BNS Section 17 (Act done by a person justified or by mistake of fact believing himself justified by law).,17,BNS,concordance_v1_internal,ipc_79,data/02_ground_truth/concordance_v1.csv,data/02_ground_truth/concordance_v1.csv,2025,punishment_lookup,A_ipc_bns_direct,renumbered,79,17,concordance_v1.csv + india_code,concordance_v1.csv row ipc_section=79,True,2026-09-04,True,template_expansion_current_law,
P7_0199,"Under current Indian criminal law, which section covers act done by a person justified or by mistake of fact believing himself justified by law?","Under BNS 2023 (effective 1 July 2024), act done by a person justified or by mistake of fact believing himself justified by law is governed by Section 17 (Act done by a person justified or by mistake of fact believing himself justified by law).",17,BNS,concordance_v1_internal,ipc_79,data/02_ground_truth/concordance_v1.csv,data/02_ground_truth/concordance_v1.csv,2025,punishment_lookup,A_ipc_bns_direct,renumbered,79,17,concordance_v1.csv + india_code,concordance_v1.csv row ipc_section=79,True,2026-09-04,True,template_expansion_current_law,
P7_0200,Which IPC section did BNS Section 17 replace?,BNS Section 17 (Act done by a person justified or by mistake of fact believing himself justified by law) replaced IPC Section 79 (Act done by a person justified or by mistake of fact believing himself justified by law).,79,IPC,concordance_v1_internal,bns_17,data/02_ground_truth/concordance_v1.csv,data/02_ground_truth/concordance_v1.csv,2025,reverse_lookup,A_ipc_bns_direct,renumbered,79,17,concordance_v1.csv + india_code,concordance_v1.csv row ipc_section=79,True,2026-09-04,True,template_expansion_reverse_lookup,
P7_0201,What was the old IPC provision corresponding to BNS Section 17?,BNS Section 17 (Act done by a person justified or by mistake of fact believing himself justified by law) was enacted to replace IPC Section 79 (Act done by a person justified or by mistake of fact believing himself justified by law).,79,IPC,concordance_v1_internal,bns_17,data/02_ground_truth/concordance_v1.csv,data/02_ground_truth/concordance_v1.csv,2025,reverse_lookup,A_ipc_bns_direct,renumbered,79,17,concordance_v1.csv + india_code,concordance_v1.csv row ipc_section=79,True,2026-09-04,True,template_expansion_reverse_lookup,
P7_0202,Which section in BNS 2023 corresponds to IPC Section 80?,IPC Section 80 (Accident in doing a lawful act) corresponds to BNS Section 18 (Accident in doing a lawful act).,18,BNS,concordance_v1_internal,ipc_80,data/02_ground_truth/concordance_v1.csv,data/02_ground_truth/concordance_v1.csv,2025,transition,A_ipc_bns_direct,renumbered,80,18,concordance_v1.csv + india_code,concordance_v1.csv row ipc_section=80,True,2026-09-04,True,template_expansion_from_concordance_row,
P7_0203,What is the BNS 2023 equivalent of IPC Section 80?,"Under BNS 2023, IPC Section 80 (Accident in doing a lawful act) has been renumbered/replaced by Section 18 (Accident in doing a lawful act).",18,BNS,concordance_v1_internal,ipc_80,data/02_ground_truth/concordance_v1.csv,data/02_ground_truth/concordance_v1.csv,2025,transition,A_ipc_bns_direct,renumbered,80,18,concordance_v1.csv + india_code,concordance_v1.csv row ipc_section=80,True,2026-09-04,True,template_expansion_from_concordance_row,
P7_0204,"Under the Bharatiya Nyaya Sanhita 2023, which provision replaced IPC Section 80?",IPC Section 80 was replaced by BNS Section 18 (Accident in doing a lawful act) with effect from 1 July 2024.,18,BNS,concordance_v1_internal,ipc_80,data/02_ground_truth/concordance_v1.csv,data/02_ground_truth/concordance_v1.csv,2025,transition,A_ipc_bns_direct,renumbered,80,18,concordance_v1.csv + india_code,concordance_v1.csv row ipc_section=80,True,2026-09-04,True,template_expansion_from_concordance_row,
P7_0205,What is the current BNS provision dealing with accident in doing a lawful act?,The current provision dealing with accident in doing a lawful act is BNS Section 18 (Accident in doing a lawful act).,18,BNS,concordance_v1_internal,ipc_80,data/02_ground_truth/concordance_v1.csv,data/02_ground_truth/concordance_v1.csv,2025,punishment_lookup,A_ipc_bns_direct,renumbered,80,18,concordance_v1.csv + india_code,concordance_v1.csv row ipc_section=80,True,2026-09-04,True,template_expansion_current_law,
P7_0206,"Under current Indian criminal law, which section covers accident in doing a lawful act?","Under BNS 2023 (effective 1 July 2024), accident in doing a lawful act is governed by Section 18 (Accident in doing a lawful act).",18,BNS,concordance_v1_internal,ipc_80,data/02_ground_truth/concordance_v1.csv,data/02_ground_truth/concordance_v1.csv,2025,punishment_lookup,A_ipc_bns_direct,renumbered,80,18,concordance_v1.csv + india_code,concordance_v1.csv row ipc_section=80,True,2026-09-04,True,template_expansion_current_law,
P7_0207,Which IPC section did BNS Section 18 replace?,BNS Section 18 (Accident in doing a lawful act) replaced IPC Section 80 (Accident in doing a lawful act).,80,IPC,concordance_v1_internal,bns_18,data/02_ground_truth/concordance_v1.csv,data/02_ground_truth/concordance_v1.csv,2025,reverse_lookup,A_ipc_bns_direct,renumbered,80,18,concordance_v1.csv + india_code,concordance_v1.csv row ipc_section=80,True,2026-09-04,True,template_expansion_reverse_lookup,
P7_0208,What was the old IPC provision corresponding to BNS Section 18?,BNS Section 18 (Accident in doing a lawful act) was enacted to replace IPC Section 80 (Accident in doing a lawful act).,80,IPC,concordance_v1_internal,bns_18,data/02_ground_truth/concordance_v1.csv,data/02_ground_truth/concordance_v1.csv,2025,reverse_lookup,A_ipc_bns_direct,renumbered,80,18,concordance_v1.csv + india_code,concordance_v1.csv row ipc_section=80,True,2026-09-04,True,template_expansion_reverse_lookup,
P7_0209,Which section in BNS 2023 corresponds to IPC Section 81?,IPC Section 81 (Act likely to cause harm but done without criminal intent and to prevent other harm) corresponds to BNS Section 19 (Act likely to cause harm but done without criminal intent).,19,BNS,concordance_v1_internal,ipc_81,data/02_ground_truth/concordance_v1.csv,data/02_ground_truth/concordance_v1.csv,2025,transition,A_ipc_bns_direct,renumbered,81,19,concordance_v1.csv + india_code,concordance_v1.csv row ipc_section=81,True,2026-09-04,True,template_expansion_from_concordance_row,
P7_0210,What is the BNS 2023 equivalent of IPC Section 81?,"Under BNS 2023, IPC Section 81 (Act likely to cause harm but done without criminal intent and to prevent other harm) has been renumbered/replaced by Section 19 (Act likely to cause harm but done without criminal intent).",19,BNS,concordance_v1_internal,ipc_81,data/02_ground_truth/concordance_v1.csv,data/02_ground_truth/concordance_v1.csv,2025,transition,A_ipc_bns_direct,renumbered,81,19,concordance_v1.csv + india_code,concordance_v1.csv row ipc_section=81,True,2026-09-04,True,template_expansion_from_concordance_row,
P7_0211,"Under the Bharatiya Nyaya Sanhita 2023, which provision replaced IPC Section 81?",IPC Section 81 was replaced by BNS Section 19 (Act likely to cause harm but done without criminal intent) with effect from 1 July 2024.,19,BNS,concordance_v1_internal,ipc_81,data/02_ground_truth/concordance_v1.csv,data/02_ground_truth/concordance_v1.csv,2025,transition,A_ipc_bns_direct,renumbered,81,19,concordance_v1.csv + india_code,concordance_v1.csv row ipc_section=81,True,2026-09-04,True,template_expansion_from_concordance_row,
P7_0212,What is the current BNS provision dealing with act likely to cause harm but done without criminal intent and to prevent other harm?,The current provision dealing with act likely to cause harm but done without criminal intent and to prevent other harm is BNS Section 19 (Act likely to cause harm but done without criminal intent).,19,BNS,concordance_v1_internal,ipc_81,data/02_ground_truth/concordance_v1.csv,data/02_ground_truth/concordance_v1.csv,2025,punishment_lookup,A_ipc_bns_direct,renumbered,81,19,concordance_v1.csv + india_code,concordance_v1.csv row ipc_section=81,True,2026-09-04,True,template_expansion_current_law,
P7_0213,"Under current Indian criminal law, which section covers act likely to cause harm but done without criminal intent and to prevent other harm?","Under BNS 2023 (effective 1 July 2024), act likely to cause harm but done without criminal intent and to prevent other harm is governed by Section 19 (Act likely to cause harm but done without criminal intent).",19,BNS,concordance_v1_internal,ipc_81,data/02_ground_truth/concordance_v1.csv,data/02_ground_truth/concordance_v1.csv,2025,punishment_lookup,A_ipc_bns_direct,renumbered,81,19,concordance_v1.csv + india_code,concordance_v1.csv row ipc_section=81,True,2026-09-04,True,template_expansion_current_law,
P7_0214,Which IPC section did BNS Section 19 replace?,BNS Section 19 (Act likely to cause harm but done without criminal intent) replaced IPC Section 81 (Act likely to cause harm but done without criminal intent and to prevent other harm).,81,IPC,concordance_v1_internal,bns_19,data/02_ground_truth/concordance_v1.csv,data/02_ground_truth/concordance_v1.csv,2025,reverse_lookup,A_ipc_bns_direct,renumbered,81,19,concordance_v1.csv + india_code,concordance_v1.csv row ipc_section=81,True,2026-09-04,True,template_expansion_reverse_lookup,
P7_0215,What was the old IPC provision corresponding to BNS Section 19?,BNS Section 19 (Act likely to cause harm but done without criminal intent) was enacted to replace IPC Section 81 (Act likely to cause harm but done without criminal intent and to prevent other harm).,81,IPC,concordance_v1_internal,bns_19,data/02_ground_truth/concordance_v1.csv,data/02_ground_truth/concordance_v1.csv,2025,reverse_lookup,A_ipc_bns_direct,renumbered,81,19,concordance_v1.csv + india_code,concordance_v1.csv row ipc_section=81,True,2026-09-04,True,template_expansion_reverse_lookup,
P7_0216,Which section in BNS 2023 corresponds to IPC Section 82?,IPC Section 82 (Act of a child under seven years of age) corresponds to BNS Section 20 (Act of child under seven years of age).,20,BNS,concordance_v1_internal,ipc_82,data/02_ground_truth/concordance_v1.csv,data/02_ground_truth/concordance_v1.csv,2025,transition,A_ipc_bns_direct,renumbered,82,20,concordance_v1.csv + india_code,concordance_v1.csv row ipc_section=82,True,2026-09-04,True,template_expansion_from_concordance_row,
P7_0217,What is the BNS 2023 equivalent of IPC Section 82?,"Under BNS 2023, IPC Section 82 (Act of a child under seven years of age) has been renumbered/replaced by Section 20 (Act of child under seven years of age).",20,BNS,concordance_v1_internal,ipc_82,data/02_ground_truth/concordance_v1.csv,data/02_ground_truth/concordance_v1.csv,2025,transition,A_ipc_bns_direct,renumbered,82,20,concordance_v1.csv + india_code,concordance_v1.csv row ipc_section=82,True,2026-09-04,True,template_expansion_from_concordance_row,
P7_0218,"Under the Bharatiya Nyaya Sanhita 2023, which provision replaced IPC Section 82?",IPC Section 82 was replaced by BNS Section 20 (Act of child under seven years of age) with effect from 1 July 2024.,20,BNS,concordance_v1_internal,ipc_82,data/02_ground_truth/concordance_v1.csv,data/02_ground_truth/concordance_v1.csv,2025,transition,A_ipc_bns_direct,renumbered,82,20,concordance_v1.csv + india_code,concordance_v1.csv row ipc_section=82,True,2026-09-04,True,template_expansion_from_concordance_row,
P7_0219,What is the current BNS provision dealing with act of a child under seven years of age?,The current provision dealing with act of a child under seven years of age is BNS Section 20 (Act of child under seven years of age).,20,BNS,concordance_v1_internal,ipc_82,data/02_ground_truth/concordance_v1.csv,data/02_ground_truth/concordance_v1.csv,2025,punishment_lookup,A_ipc_bns_direct,renumbered,82,20,concordance_v1.csv + india_code,concordance_v1.csv row ipc_section=82,True,2026-09-04,True,template_expansion_current_law,
P7_0220,"Under current Indian criminal law, which section covers act of a child under seven years of age?","Under BNS 2023 (effective 1 July 2024), act of a child under seven years of age is governed by Section 20 (Act of child under seven years of age).",20,BNS,concordance_v1_internal,ipc_82,data/02_ground_truth/concordance_v1.csv,data/02_ground_truth/concordance_v1.csv,2025,punishment_lookup,A_ipc_bns_direct,renumbered,82,20,concordance_v1.csv + india_code,concordance_v1.csv row ipc_section=82,True,2026-09-04,True,template_expansion_current_law,
P7_0221,Which IPC section did BNS Section 20 replace?,BNS Section 20 (Act of child under seven years of age) replaced IPC Section 82 (Act of a child under seven years of age).,82,IPC,concordance_v1_internal,bns_20,data/02_ground_truth/concordance_v1.csv,data/02_ground_truth/concordance_v1.csv,2025,reverse_lookup,A_ipc_bns_direct,renumbered,82,20,concordance_v1.csv + india_code,concordance_v1.csv row ipc_section=82,True,2026-09-04,True,template_expansion_reverse_lookup,
P7_0222,What was the old IPC provision corresponding to BNS Section 20?,BNS Section 20 (Act of child under seven years of age) was enacted to replace IPC Section 82 (Act of a child under seven years of age).,82,IPC,concordance_v1_internal,bns_20,data/02_ground_truth/concordance_v1.csv,data/02_ground_truth/concordance_v1.csv,2025,reverse_lookup,A_ipc_bns_direct,renumbered,82,20,concordance_v1.csv + india_code,concordance_v1.csv row ipc_section=82,True,2026-09-04,True,template_expansion_reverse_lookup,
P7_0223,Which section in BNS 2023 corresponds to IPC Section 83?,IPC Section 83 (Act of a child above seven and under twelve of immature understanding) corresponds to BNS Section 21 (Act of child above seven and under twelve of immature understanding).,21,BNS,concordance_v1_internal,ipc_83,data/02_ground_truth/concordance_v1.csv,data/02_ground_truth/concordance_v1.csv,2025,transition,A_ipc_bns_direct,renumbered,83,21,concordance_v1.csv + india_code,concordance_v1.csv row ipc_section=83,True,2026-09-04,True,template_expansion_from_concordance_row,
P7_0224,What is the BNS 2023 equivalent of IPC Section 83?,"Under BNS 2023, IPC Section 83 (Act of a child above seven and under twelve of immature understanding) has been renumbered/replaced by Section 21 (Act of child above seven and under twelve of immature understanding).",21,BNS,concordance_v1_internal,ipc_83,data/02_ground_truth/concordance_v1.csv,data/02_ground_truth/concordance_v1.csv,2025,transition,A_ipc_bns_direct,renumbered,83,21,concordance_v1.csv + india_code,concordance_v1.csv row ipc_section=83,True,2026-09-04,True,template_expansion_from_concordance_row,
P7_0225,"Under the Bharatiya Nyaya Sanhita 2023, which provision replaced IPC Section 83?",IPC Section 83 was replaced by BNS Section 21 (Act of child above seven and under twelve of immature understanding) with effect from 1 July 2024.,21,BNS,concordance_v1_internal,ipc_83,data/02_ground_truth/concordance_v1.csv,data/02_ground_truth/concordance_v1.csv,2025,transition,A_ipc_bns_direct,renumbered,83,21,concordance_v1.csv + india_code,concordance_v1.csv row ipc_section=83,True,2026-09-04,True,template_expansion_from_concordance_row,
P7_0226,What is the current BNS provision dealing with act of a child above seven and under twelve of immature understanding?,The current provision dealing with act of a child above seven and under twelve of immature understanding is BNS Section 21 (Act of child above seven and under twelve of immature understanding).,21,BNS,concordance_v1_internal,ipc_83,data/02_ground_truth/concordance_v1.csv,data/02_ground_truth/concordance_v1.csv,2025,punishment_lookup,A_ipc_bns_direct,renumbered,83,21,concordance_v1.csv + india_code,concordance_v1.csv row ipc_section=83,True,2026-09-04,True,template_expansion_current_law,
P7_0227,"Under current Indian criminal law, which section covers act of a child above seven and under twelve of immature understanding?","Under BNS 2023 (effective 1 July 2024), act of a child above seven and under twelve of immature understanding is governed by Section 21 (Act of child above seven and under twelve of immature understanding).",21,BNS,concordance_v1_internal,ipc_83,data/02_ground_truth/concordance_v1.csv,data/02_ground_truth/concordance_v1.csv,2025,punishment_lookup,A_ipc_bns_direct,renumbered,83,21,concordance_v1.csv + india_code,concordance_v1.csv row ipc_section=83,True,2026-09-04,True,template_expansion_current_law,
P7_0228,Which IPC section did BNS Section 21 replace?,BNS Section 21 (Act of child above seven and under twelve of immature understanding) replaced IPC Section 83 (Act of a child above seven and under twelve of immature understanding).,83,IPC,concordance_v1_internal,bns_21,data/02_ground_truth/concordance_v1.csv,data/02_ground_truth/concordance_v1.csv,2025,reverse_lookup,A_ipc_bns_direct,renumbered,83,21,concordance_v1.csv + india_code,concordance_v1.csv row ipc_section=83,True,2026-09-04,True,template_expansion_reverse_lookup,
P7_0229,What was the old IPC provision corresponding to BNS Section 21?,BNS Section 21 (Act of child above seven and under twelve of immature understanding) was enacted to replace IPC Section 83 (Act of a child above seven and under twelve of immature understanding).,83,IPC,concordance_v1_internal,bns_21,data/02_ground_truth/concordance_v1.csv,data/02_ground_truth/concordance_v1.csv,2025,reverse_lookup,A_ipc_bns_direct,renumbered,83,21,concordance_v1.csv + india_code,concordance_v1.csv row ipc_section=83,True,2026-09-04,True,template_expansion_reverse_lookup,
P7_0230,Which section in BNS 2023 corresponds to IPC Section 84?,IPC Section 84 (Act of a person of unsound mind) corresponds to BNS Section 22 (Act of a person of unsound mind).,22,BNS,concordance_v1_internal,ipc_84,data/02_ground_truth/concordance_v1.csv,data/02_ground_truth/concordance_v1.csv,2025,transition,A_ipc_bns_direct,renumbered,84,22,concordance_v1.csv + india_code,concordance_v1.csv row ipc_section=84,True,2026-09-04,True,template_expansion_from_concordance_row,
P7_0231,What is the BNS 2023 equivalent of IPC Section 84?,"Under BNS 2023, IPC Section 84 (Act of a person of unsound mind) has been renumbered/replaced by Section 22 (Act of a person of unsound mind).",22,BNS,concordance_v1_internal,ipc_84,data/02_ground_truth/concordance_v1.csv,data/02_ground_truth/concordance_v1.csv,2025,transition,A_ipc_bns_direct,renumbered,84,22,concordance_v1.csv + india_code,concordance_v1.csv row ipc_section=84,True,2026-09-04,True,template_expansion_from_concordance_row,
P7_0232,"Under the Bharatiya Nyaya Sanhita 2023, which provision replaced IPC Section 84?",IPC Section 84 was replaced by BNS Section 22 (Act of a person of unsound mind) with effect from 1 July 2024.,22,BNS,concordance_v1_internal,ipc_84,data/02_ground_truth/concordance_v1.csv,data/02_ground_truth/concordance_v1.csv,2025,transition,A_ipc_bns_direct,renumbered,84,22,concordance_v1.csv + india_code,concordance_v1.csv row ipc_section=84,True,2026-09-04,True,template_expansion_from_concordance_row,
P7_0233,What is the current BNS provision dealing with act of a person of unsound mind?,The current provision dealing with act of a person of unsound mind is BNS Section 22 (Act of a person of unsound mind).,22,BNS,concordance_v1_internal,ipc_84,data/02_ground_truth/concordance_v1.csv,data/02_ground_truth/concordance_v1.csv,2025,punishment_lookup,A_ipc_bns_direct,renumbered,84,22,concordance_v1.csv + india_code,concordance_v1.csv row ipc_section=84,True,2026-09-04,True,template_expansion_current_law,
P7_0234,"Under current Indian criminal law, which section covers act of a person of unsound mind?","Under BNS 2023 (effective 1 July 2024), act of a person of unsound mind is governed by Section 22 (Act of a person of unsound mind).",22,BNS,concordance_v1_internal,ipc_84,data/02_ground_truth/concordance_v1.csv,data/02_ground_truth/concordance_v1.csv,2025,punishment_lookup,A_ipc_bns_direct,renumbered,84,22,concordance_v1.csv + india_code,concordance_v1.csv row ipc_section=84,True,2026-09-04,True,template_expansion_current_law,
P7_0235,Which IPC section did BNS Section 22 replace?,BNS Section 22 (Act of a person of unsound mind) replaced IPC Section 84 (Act of a person of unsound mind).,84,IPC,concordance_v1_internal,bns_22,data/02_ground_truth/concordance_v1.csv,data/02_ground_truth/concordance_v1.csv,2025,reverse_lookup,A_ipc_bns_direct,renumbered,84,22,concordance_v1.csv + india_code,concordance_v1.csv row ipc_section=84,True,2026-09-04,True,template_expansion_reverse_lookup,
P7_0236,What was the old IPC provision corresponding to BNS Section 22?,BNS Section 22 (Act of a person of unsound mind) was enacted to replace IPC Section 84 (Act of a person of unsound mind).,84,IPC,concordance_v1_internal,bns_22,data/02_ground_truth/concordance_v1.csv,data/02_ground_truth/concordance_v1.csv,2025,reverse_lookup,A_ipc_bns_direct,renumbered,84,22,concordance_v1.csv + india_code,concordance_v1.csv row ipc_section=84,True,2026-09-04,True,template_expansion_reverse_lookup,
P7_0237,Which section in BNS 2023 corresponds to IPC Section 87?,IPC Section 87 (Act not intended and not known to be likely to cause death done by consent) corresponds to BNS Section 25 (Act not intended and not known to be likely to cause death or grievous hurt done by consent).,25,BNS,concordance_v1_internal,ipc_87,data/02_ground_truth/concordance_v1.csv,data/02_ground_truth/concordance_v1.csv,2025,transition,A_ipc_bns_direct,renumbered,87,25,concordance_v1.csv + india_code,concordance_v1.csv row ipc_section=87,True,2026-09-04,True,template_expansion_from_concordance_row,
P7_0238,What is the BNS 2023 equivalent of IPC Section 87?,"Under BNS 2023, IPC Section 87 (Act not intended and not known to be likely to cause death done by consent) has been renumbered/replaced by Section 25 (Act not intended and not known to be likely to cause death or grievous hurt done by consent).",25,BNS,concordance_v1_internal,ipc_87,data/02_ground_truth/concordance_v1.csv,data/02_ground_truth/concordance_v1.csv,2025,transition,A_ipc_bns_direct,renumbered,87,25,concordance_v1.csv + india_code,concordance_v1.csv row ipc_section=87,True,2026-09-04,True,template_expansion_from_concordance_row,
P7_0239,"Under the Bharatiya Nyaya Sanhita 2023, which provision replaced IPC Section 87?",IPC Section 87 was replaced by BNS Section 25 (Act not intended and not known to be likely to cause death or grievous hurt done by consent) with effect from 1 July 2024.,25,BNS,concordance_v1_internal,ipc_87,data/02_ground_truth/concordance_v1.csv,data/02_ground_truth/concordance_v1.csv,2025,transition,A_ipc_bns_direct,renumbered,87,25,concordance_v1.csv + india_code,concordance_v1.csv row ipc_section=87,True,2026-09-04,True,template_expansion_from_concordance_row,
P7_0240,What is the current BNS provision dealing with act not intended and not known to be likely to cause death done by consent?,The current provision dealing with act not intended and not known to be likely to cause death done by consent is BNS Section 25 (Act not intended and not known to be likely to cause death or grievous hurt done by consent).,25,BNS,concordance_v1_internal,ipc_87,data/02_ground_truth/concordance_v1.csv,data/02_ground_truth/concordance_v1.csv,2025,punishment_lookup,A_ipc_bns_direct,renumbered,87,25,concordance_v1.csv + india_code,concordance_v1.csv row ipc_section=87,True,2026-09-04,True,template_expansion_current_law,
P7_0241,"Under current Indian criminal law, which section covers act not intended and not known to be likely to cause death done by consent?","Under BNS 2023 (effective 1 July 2024), act not intended and not known to be likely to cause death done by consent is governed by Section 25 (Act not intended and not known to be likely to cause death or grievous hurt done by consent).",25,BNS,concordance_v1_internal,ipc_87,data/02_ground_truth/concordance_v1.csv,data/02_ground_truth/concordance_v1.csv,2025,punishment_lookup,A_ipc_bns_direct,renumbered,87,25,concordance_v1.csv + india_code,concordance_v1.csv row ipc_section=87,True,2026-09-04,True,template_expansion_current_law,
P7_0242,Which IPC section did BNS Section 25 replace?,BNS Section 25 (Act not intended and not known to be likely to cause death or grievous hurt done by consent) replaced IPC Section 87 (Act not intended and not known to be likely to cause death done by consent).,87,IPC,concordance_v1_internal,bns_25,data/02_ground_truth/concordance_v1.csv,data/02_ground_truth/concordance_v1.csv,2025,reverse_lookup,A_ipc_bns_direct,renumbered,87,25,concordance_v1.csv + india_code,concordance_v1.csv row ipc_section=87,True,2026-09-04,True,template_expansion_reverse_lookup,
P7_0243,What was the old IPC provision corresponding to BNS Section 25?,BNS Section 25 (Act not intended and not known to be likely to cause death or grievous hurt done by consent) was enacted to replace IPC Section 87 (Act not intended and not known to be likely to cause death done by consent).,87,IPC,concordance_v1_internal,bns_25,data/02_ground_truth/concordance_v1.csv,data/02_ground_truth/concordance_v1.csv,2025,reverse_lookup,A_ipc_bns_direct,renumbered,87,25,concordance_v1.csv + india_code,concordance_v1.csv row ipc_section=87,True,2026-09-04,True,template_expansion_reverse_lookup,
P7_0244,Which section in BNS 2023 corresponds to IPC Section 96?,IPC Section 96 (Things done in private defence) corresponds to BNS Section 34 (Things done in private defence).,34,BNS,concordance_v1_internal,ipc_96,data/02_ground_truth/concordance_v1.csv,data/02_ground_truth/concordance_v1.csv,2025,transition,A_ipc_bns_direct,renumbered,96,34,concordance_v1.csv + india_code,concordance_v1.csv row ipc_section=96,True,2026-09-04,True,template_expansion_from_concordance_row,
P7_0245,What is the BNS 2023 equivalent of IPC Section 96?,"Under BNS 2023, IPC Section 96 (Things done in private defence) has been renumbered/replaced by Section 34 (Things done in private defence).",34,BNS,concordance_v1_internal,ipc_96,data/02_ground_truth/concordance_v1.csv,data/02_ground_truth/concordance_v1.csv,2025,transition,A_ipc_bns_direct,renumbered,96,34,concordance_v1.csv + india_code,concordance_v1.csv row ipc_section=96,True,2026-09-04,True,template_expansion_from_concordance_row,
P7_0246,"Under the Bharatiya Nyaya Sanhita 2023, which provision replaced IPC Section 96?",IPC Section 96 was replaced by BNS Section 34 (Things done in private defence) with effect from 1 July 2024.,34,BNS,concordance_v1_internal,ipc_96,data/02_ground_truth/concordance_v1.csv,data/02_ground_truth/concordance_v1.csv,2025,transition,A_ipc_bns_direct,renumbered,96,34,concordance_v1.csv + india_code,concordance_v1.csv row ipc_section=96,True,2026-09-04,True,template_expansion_from_concordance_row,
P7_0247,What is the current BNS provision dealing with things done in private defence?,The current provision dealing with things done in private defence is BNS Section 34 (Things done in private defence).,34,BNS,concordance_v1_internal,ipc_96,data/02_ground_truth/concordance_v1.csv,data/02_ground_truth/concordance_v1.csv,2025,punishment_lookup,A_ipc_bns_direct,renumbered,96,34,concordance_v1.csv + india_code,concordance_v1.csv row ipc_section=96,True,2026-09-04,True,template_expansion_current_law,
P7_0248,"Under current Indian criminal law, which section covers things done in private defence?","Under BNS 2023 (effective 1 July 2024), things done in private defence is governed by Section 34 (Things done in private defence).",34,BNS,concordance_v1_internal,ipc_96,data/02_ground_truth/concordance_v1.csv,data/02_ground_truth/concordance_v1.csv,2025,punishment_lookup,A_ipc_bns_direct,renumbered,96,34,concordance_v1.csv + india_code,concordance_v1.csv row ipc_section=96,True,2026-09-04,True,template_expansion_current_law,
P7_0249,Which IPC section did BNS Section 34 replace?,BNS Section 34 (Things done in private defence) replaced IPC Section 96 (Things done in private defence).,96,IPC,concordance_v1_internal,bns_34,data/02_ground_truth/concordance_v1.csv,data/02_ground_truth/concordance_v1.csv,2025,reverse_lookup,A_ipc_bns_direct,renumbered,96,34,concordance_v1.csv + india_code,concordance_v1.csv row ipc_section=96,True,2026-09-04,True,template_expansion_reverse_lookup,
P7_0250,What was the old IPC provision corresponding to BNS Section 34?,BNS Section 34 (Things done in private defence) was enacted to replace IPC Section 96 (Things done in private defence).,96,IPC,concordance_v1_internal,bns_34,data/02_ground_truth/concordance_v1.csv,data/02_ground_truth/concordance_v1.csv,2025,reverse_lookup,A_ipc_bns_direct,renumbered,96,34,concordance_v1.csv + india_code,concordance_v1.csv row ipc_section=96,True,2026-09-04,True,template_expansion_reverse_lookup,
P7_0251,Which section in BNS 2023 corresponds to IPC Section 97?,IPC Section 97 (Right of private defence of the body and of property) corresponds to BNS Section 35 (Right of private defence of body and property).,35,BNS,concordance_v1_internal,ipc_97,data/02_ground_truth/concordance_v1.csv,data/02_ground_truth/concordance_v1.csv,2025,transition,A_ipc_bns_direct,renumbered,97,35,concordance_v1.csv + india_code,concordance_v1.csv row ipc_section=97,True,2026-09-04,True,template_expansion_from_concordance_row,
P7_0252,What is the BNS 2023 equivalent of IPC Section 97?,"Under BNS 2023, IPC Section 97 (Right of private defence of the body and of property) has been renumbered/replaced by Section 35 (Right of private defence of body and property).",35,BNS,concordance_v1_internal,ipc_97,data/02_ground_truth/concordance_v1.csv,data/02_ground_truth/concordance_v1.csv,2025,transition,A_ipc_bns_direct,renumbered,97,35,concordance_v1.csv + india_code,concordance_v1.csv row ipc_section=97,True,2026-09-04,True,template_expansion_from_concordance_row,
P7_0253,"Under the Bharatiya Nyaya Sanhita 2023, which provision replaced IPC Section 97?",IPC Section 97 was replaced by BNS Section 35 (Right of private defence of body and property) with effect from 1 July 2024.,35,BNS,concordance_v1_internal,ipc_97,data/02_ground_truth/concordance_v1.csv,data/02_ground_truth/concordance_v1.csv,2025,transition,A_ipc_bns_direct,renumbered,97,35,concordance_v1.csv + india_code,concordance_v1.csv row ipc_section=97,True,2026-09-04,True,template_expansion_from_concordance_row,
P7_0254,What is the current BNS provision dealing with right of private defence of the body and of property?,The current provision dealing with right of private defence of the body and of property is BNS Section 35 (Right of private defence of body and property).,35,BNS,concordance_v1_internal,ipc_97,data/02_ground_truth/concordance_v1.csv,data/02_ground_truth/concordance_v1.csv,2025,punishment_lookup,A_ipc_bns_direct,renumbered,97,35,concordance_v1.csv + india_code,concordance_v1.csv row ipc_section=97,True,2026-09-04,True,template_expansion_current_law,
P7_0255,"Under current Indian criminal law, which section covers right of private defence of the body and of property?","Under BNS 2023 (effective 1 July 2024), right of private defence of the body and of property is governed by Section 35 (Right of private defence of body and property).",35,BNS,concordance_v1_internal,ipc_97,data/02_ground_truth/concordance_v1.csv,data/02_ground_truth/concordance_v1.csv,2025,punishment_lookup,A_ipc_bns_direct,renumbered,97,35,concordance_v1.csv + india_code,concordance_v1.csv row ipc_section=97,True,2026-09-04,True,template_expansion_current_law,
P7_0256,Which IPC section did BNS Section 35 replace?,BNS Section 35 (Right of private defence of body and property) replaced IPC Section 97 (Right of private defence of the body and of property).,97,IPC,concordance_v1_internal,bns_35,data/02_ground_truth/concordance_v1.csv,data/02_ground_truth/concordance_v1.csv,2025,reverse_lookup,A_ipc_bns_direct,renumbered,97,35,concordance_v1.csv + india_code,concordance_v1.csv row ipc_section=97,True,2026-09-04,True,template_expansion_reverse_lookup,
P7_0257,What was the old IPC provision corresponding to BNS Section 35?,BNS Section 35 (Right of private defence of body and property) was enacted to replace IPC Section 97 (Right of private defence of the body and of property).,97,IPC,concordance_v1_internal,bns_35,data/02_ground_truth/concordance_v1.csv,data/02_ground_truth/concordance_v1.csv,2025,reverse_lookup,A_ipc_bns_direct,renumbered,97,35,concordance_v1.csv + india_code,concordance_v1.csv row ipc_section=97,True,2026-09-04,True,template_expansion_reverse_lookup,
P7_0258,Which section in BNS 2023 corresponds to IPC Section 100?,IPC Section 100 (Right of private defence of the body extends to causing death) corresponds to BNS Section 38 (When right of private defence extends to causing death).,38,BNS,concordance_v1_internal,ipc_100,data/02_ground_truth/concordance_v1.csv,data/02_ground_truth/concordance_v1.csv,2025,transition,A_ipc_bns_direct,renumbered,100,38,concordance_v1.csv + india_code,concordance_v1.csv row ipc_section=100,True,2026-09-04,True,template_expansion_from_concordance_row,
P7_0259,What is the BNS 2023 equivalent of IPC Section 100?,"Under BNS 2023, IPC Section 100 (Right of private defence of the body extends to causing death) has been renumbered/replaced by Section 38 (When right of private defence extends to causing death).",38,BNS,concordance_v1_internal,ipc_100,data/02_ground_truth/concordance_v1.csv,data/02_ground_truth/concordance_v1.csv,2025,transition,A_ipc_bns_direct,renumbered,100,38,concordance_v1.csv + india_code,concordance_v1.csv row ipc_section=100,True,2026-09-04,True,template_expansion_from_concordance_row,
P7_0260,"Under the Bharatiya Nyaya Sanhita 2023, which provision replaced IPC Section 100?",IPC Section 100 was replaced by BNS Section 38 (When right of private defence extends to causing death) with effect from 1 July 2024.,38,BNS,concordance_v1_internal,ipc_100,data/02_ground_truth/concordance_v1.csv,data/02_ground_truth/concordance_v1.csv,2025,transition,A_ipc_bns_direct,renumbered,100,38,concordance_v1.csv + india_code,concordance_v1.csv row ipc_section=100,True,2026-09-04,True,template_expansion_from_concordance_row,
P7_0261,What is the current BNS provision dealing with right of private defence of the body extends to causing death?,The current provision dealing with right of private defence of the body extends to causing death is BNS Section 38 (When right of private defence extends to causing death).,38,BNS,concordance_v1_internal,ipc_100,data/02_ground_truth/concordance_v1.csv,data/02_ground_truth/concordance_v1.csv,2025,punishment_lookup,A_ipc_bns_direct,renumbered,100,38,concordance_v1.csv + india_code,concordance_v1.csv row ipc_section=100,True,2026-09-04,True,template_expansion_current_law,
P7_0262,"Under current Indian criminal law, which section covers right of private defence of the body extends to causing death?","Under BNS 2023 (effective 1 July 2024), right of private defence of the body extends to causing death is governed by Section 38 (When right of private defence extends to causing death).",38,BNS,concordance_v1_internal,ipc_100,data/02_ground_truth/concordance_v1.csv,data/02_ground_truth/concordance_v1.csv,2025,punishment_lookup,A_ipc_bns_direct,renumbered,100,38,concordance_v1.csv + india_code,concordance_v1.csv row ipc_section=100,True,2026-09-04,True,template_expansion_current_law,
P7_0263,Which IPC section did BNS Section 38 replace?,BNS Section 38 (When right of private defence extends to causing death) replaced IPC Section 100 (Right of private defence of the body extends to causing death).,100,IPC,concordance_v1_internal,bns_38,data/02_ground_truth/concordance_v1.csv,data/02_ground_truth/concordance_v1.csv,2025,reverse_lookup,A_ipc_bns_direct,renumbered,100,38,concordance_v1.csv + india_code,concordance_v1.csv row ipc_section=100,True,2026-09-04,True,template_expansion_reverse_lookup,
P7_0264,What was the old IPC provision corresponding to BNS Section 38?,BNS Section 38 (When right of private defence extends to causing death) was enacted to replace IPC Section 100 (Right of private defence of the body extends to causing death).,100,IPC,concordance_v1_internal,bns_38,data/02_ground_truth/concordance_v1.csv,data/02_ground_truth/concordance_v1.csv,2025,reverse_lookup,A_ipc_bns_direct,renumbered,100,38,concordance_v1.csv + india_code,concordance_v1.csv row ipc_section=100,True,2026-09-04,True,template_expansion_reverse_lookup,
P7_0265,Which section in BNS 2023 corresponds to IPC Section 107?,IPC Section 107 (Abetment of a thing) corresponds to BNS Section 45 (Abetment of a thing).,45,BNS,concordance_v1_internal,ipc_107,data/02_ground_truth/concordance_v1.csv,data/02_ground_truth/concordance_v1.csv,2025,transition,A_ipc_bns_direct,renumbered,107,45,concordance_v1.csv + india_code,concordance_v1.csv row ipc_section=107,True,2026-09-04,True,template_expansion_from_concordance_row,
P7_0266,What is the BNS 2023 equivalent of IPC Section 107?,"Under BNS 2023, IPC Section 107 (Abetment of a thing) has been renumbered/replaced by Section 45 (Abetment of a thing).",45,BNS,concordance_v1_internal,ipc_107,data/02_ground_truth/concordance_v1.csv,data/02_ground_truth/concordance_v1.csv,2025,transition,A_ipc_bns_direct,renumbered,107,45,concordance_v1.csv + india_code,concordance_v1.csv row ipc_section=107,True,2026-09-04,True,template_expansion_from_concordance_row,
P7_0267,"Under the Bharatiya Nyaya Sanhita 2023, which provision replaced IPC Section 107?",IPC Section 107 was replaced by BNS Section 45 (Abetment of a thing) with effect from 1 July 2024.,45,BNS,concordance_v1_internal,ipc_107,data/02_ground_truth/concordance_v1.csv,data/02_ground_truth/concordance_v1.csv,2025,transition,A_ipc_bns_direct,renumbered,107,45,concordance_v1.csv + india_code,concordance_v1.csv row ipc_section=107,True,2026-09-04,True,template_expansion_from_concordance_row,
P7_0268,What is the current BNS provision dealing with abetment of a thing?,The current provision dealing with abetment of a thing is BNS Section 45 (Abetment of a thing).,45,BNS,concordance_v1_internal,ipc_107,data/02_ground_truth/concordance_v1.csv,data/02_ground_truth/concordance_v1.csv,2025,punishment_lookup,A_ipc_bns_direct,renumbered,107,45,concordance_v1.csv + india_code,concordance_v1.csv row ipc_section=107,True,2026-09-04,True,template_expansion_current_law,
P7_0269,"Under current Indian criminal law, which section covers abetment of a thing?","Under BNS 2023 (effective 1 July 2024), abetment of a thing is governed by Section 45 (Abetment of a thing).",45,BNS,concordance_v1_internal,ipc_107,data/02_ground_truth/concordance_v1.csv,data/02_ground_truth/concordance_v1.csv,2025,punishment_lookup,A_ipc_bns_direct,renumbered,107,45,concordance_v1.csv + india_code,concordance_v1.csv row ipc_section=107,True,2026-09-04,True,template_expansion_current_law,
P7_0270,Which IPC section did BNS Section 45 replace?,BNS Section 45 (Abetment of a thing) replaced IPC Section 107 (Abetment of a thing).,107,IPC,concordance_v1_internal,bns_45,data/02_ground_truth/concordance_v1.csv,data/02_ground_truth/concordance_v1.csv,2025,reverse_lookup,A_ipc_bns_direct,renumbered,107,45,concordance_v1.csv + india_code,concordance_v1.csv row ipc_section=107,True,2026-09-04,True,template_expansion_reverse_lookup,
P7_0271,What was the old IPC provision corresponding to BNS Section 45?,BNS Section 45 (Abetment of a thing) was enacted to replace IPC Section 107 (Abetment of a thing).,107,IPC,concordance_v1_internal,bns_45,data/02_ground_truth/concordance_v1.csv,data/02_ground_truth/concordance_v1.csv,2025,reverse_lookup,A_ipc_bns_direct,renumbered,107,45,concordance_v1.csv + india_code,concordance_v1.csv row ipc_section=107,True,2026-09-04,True,template_expansion_reverse_lookup,
P7_0272,Which section in BNS 2023 corresponds to IPC Section 108?,IPC Section 108 (Abettor) corresponds to BNS Section 46 (Abettor).,46,BNS,concordance_v1_internal,ipc_108,data/02_ground_truth/concordance_v1.csv,data/02_ground_truth/concordance_v1.csv,2025,transition,A_ipc_bns_direct,renumbered,108,46,concordance_v1.csv + india_code,concordance_v1.csv row ipc_section=108,True,2026-09-04,True,template_expansion_from_concordance_row,
P7_0273,What is the BNS 2023 equivalent of IPC Section 108?,"Under BNS 2023, IPC Section 108 (Abettor) has been renumbered/replaced by Section 46 (Abettor).",46,BNS,concordance_v1_internal,ipc_108,data/02_ground_truth/concordance_v1.csv,data/02_ground_truth/concordance_v1.csv,2025,transition,A_ipc_bns_direct,renumbered,108,46,concordance_v1.csv + india_code,concordance_v1.csv row ipc_section=108,True,2026-09-04,True,template_expansion_from_concordance_row,
P7_0274,"Under the Bharatiya Nyaya Sanhita 2023, which provision replaced IPC Section 108?",IPC Section 108 was replaced by BNS Section 46 (Abettor) with effect from 1 July 2024.,46,BNS,concordance_v1_internal,ipc_108,data/02_ground_truth/concordance_v1.csv,data/02_ground_truth/concordance_v1.csv,2025,transition,A_ipc_bns_direct,renumbered,108,46,concordance_v1.csv + india_code,concordance_v1.csv row ipc_section=108,True,2026-09-04,True,template_expansion_from_concordance_row,
P7_0275,What is the current BNS provision dealing with abettor?,The current provision dealing with abettor is BNS Section 46 (Abettor).,46,BNS,concordance_v1_internal,ipc_108,data/02_ground_truth/concordance_v1.csv,data/02_ground_truth/concordance_v1.csv,2025,punishment_lookup,A_ipc_bns_direct,renumbered,108,46,concordance_v1.csv + india_code,concordance_v1.csv row ipc_section=108,True,2026-09-04,True,template_expansion_current_law,
P7_0276,"Under current Indian criminal law, which section covers abettor?","Under BNS 2023 (effective 1 July 2024), abettor is governed by Section 46 (Abettor).",46,BNS,concordance_v1_internal,ipc_108,data/02_ground_truth/concordance_v1.csv,data/02_ground_truth/concordance_v1.csv,2025,punishment_lookup,A_ipc_bns_direct,renumbered,108,46,concordance_v1.csv + india_code,concordance_v1.csv row ipc_section=108,True,2026-09-04,True,template_expansion_current_law,
P7_0277,Which IPC section did BNS Section 46 replace?,BNS Section 46 (Abettor) replaced IPC Section 108 (Abettor).,108,IPC,concordance_v1_internal,bns_46,data/02_ground_truth/concordance_v1.csv,data/02_ground_truth/concordance_v1.csv,2025,reverse_lookup,A_ipc_bns_direct,renumbered,108,46,concordance_v1.csv + india_code,concordance_v1.csv row ipc_section=108,True,2026-09-04,True,template_expansion_reverse_lookup,
P7_0278,What was the old IPC provision corresponding to BNS Section 46?,BNS Section 46 (Abettor) was enacted to replace IPC Section 108 (Abettor).,108,IPC,concordance_v1_internal,bns_46,data/02_ground_truth/concordance_v1.csv,data/02_ground_truth/concordance_v1.csv,2025,reverse_lookup,A_ipc_bns_direct,renumbered,108,46,concordance_v1.csv + india_code,concordance_v1.csv row ipc_section=108,True,2026-09-04,True,template_expansion_reverse_lookup,
P7_0279,Which section in BNS 2023 corresponds to IPC Section 109?,IPC Section 109 (Punishment of abetment if the act abetted is committed) corresponds to BNS Section 47 (Punishment of abetment if the act abetted is committed in consequence).,47,BNS,concordance_v1_internal,ipc_109,data/02_ground_truth/concordance_v1.csv,data/02_ground_truth/concordance_v1.csv,2025,transition,A_ipc_bns_direct,renumbered,109,47,concordance_v1.csv + india_code,concordance_v1.csv row ipc_section=109,True,2026-09-04,True,template_expansion_from_concordance_row,
P7_0280,What is the BNS 2023 equivalent of IPC Section 109?,"Under BNS 2023, IPC Section 109 (Punishment of abetment if the act abetted is committed) has been renumbered/replaced by Section 47 (Punishment of abetment if the act abetted is committed in consequence).",47,BNS,concordance_v1_internal,ipc_109,data/02_ground_truth/concordance_v1.csv,data/02_ground_truth/concordance_v1.csv,2025,transition,A_ipc_bns_direct,renumbered,109,47,concordance_v1.csv + india_code,concordance_v1.csv row ipc_section=109,True,2026-09-04,True,template_expansion_from_concordance_row,
P7_0281,"Under the Bharatiya Nyaya Sanhita 2023, which provision replaced IPC Section 109?",IPC Section 109 was replaced by BNS Section 47 (Punishment of abetment if the act abetted is committed in consequence) with effect from 1 July 2024.,47,BNS,concordance_v1_internal,ipc_109,data/02_ground_truth/concordance_v1.csv,data/02_ground_truth/concordance_v1.csv,2025,transition,A_ipc_bns_direct,renumbered,109,47,concordance_v1.csv + india_code,concordance_v1.csv row ipc_section=109,True,2026-09-04,True,template_expansion_from_concordance_row,
P7_0282,What is the current BNS provision dealing with punishment of abetment if the act abetted is committed?,The current provision dealing with punishment of abetment if the act abetted is committed is BNS Section 47 (Punishment of abetment if the act abetted is committed in consequence).,47,BNS,concordance_v1_internal,ipc_109,data/02_ground_truth/concordance_v1.csv,data/02_ground_truth/concordance_v1.csv,2025,punishment_lookup,A_ipc_bns_direct,renumbered,109,47,concordance_v1.csv + india_code,concordance_v1.csv row ipc_section=109,True,2026-09-04,True,template_expansion_current_law,
P7_0283,"Under current Indian criminal law, which section covers punishment of abetment if the act abetted is committed?","Under BNS 2023 (effective 1 July 2024), punishment of abetment if the act abetted is committed is governed by Section 47 (Punishment of abetment if the act abetted is committed in consequence).",47,BNS,concordance_v1_internal,ipc_109,data/02_ground_truth/concordance_v1.csv,data/02_ground_truth/concordance_v1.csv,2025,punishment_lookup,A_ipc_bns_direct,renumbered,109,47,concordance_v1.csv + india_code,concordance_v1.csv row ipc_section=109,True,2026-09-04,True,template_expansion_current_law,
P7_0284,Which IPC section did BNS Section 47 replace?,BNS Section 47 (Punishment of abetment if the act abetted is committed in consequence) replaced IPC Section 109 (Punishment of abetment if the act abetted is committed).,109,IPC,concordance_v1_internal,bns_47,data/02_ground_truth/concordance_v1.csv,data/02_ground_truth/concordance_v1.csv,2025,reverse_lookup,A_ipc_bns_direct,renumbered,109,47,concordance_v1.csv + india_code,concordance_v1.csv row ipc_section=109,True,2026-09-04,True,template_expansion_reverse_lookup,
P7_0285,What was the old IPC provision corresponding to BNS Section 47?,BNS Section 47 (Punishment of abetment if the act abetted is committed in consequence) was enacted to replace IPC Section 109 (Punishment of abetment if the act abetted is committed).,109,IPC,concordance_v1_internal,bns_47,data/02_ground_truth/concordance_v1.csv,data/02_ground_truth/concordance_v1.csv,2025,reverse_lookup,A_ipc_bns_direct,renumbered,109,47,concordance_v1.csv + india_code,concordance_v1.csv row ipc_section=109,True,2026-09-04,True,template_expansion_reverse_lookup,
P7_0286,Which section in BNS 2023 corresponds to IPC Section 114?,IPC Section 114 (Abettor present when offence is committed) corresponds to BNS Section 52 (Abettor present when offence committed).,52,BNS,concordance_v1_internal,ipc_114,data/02_ground_truth/concordance_v1.csv,data/02_ground_truth/concordance_v1.csv,2025,transition,A_ipc_bns_direct,renumbered,114,52,concordance_v1.csv + india_code,concordance_v1.csv row ipc_section=114,True,2026-09-04,True,template_expansion_from_concordance_row,
P7_0287,What is the BNS 2023 equivalent of IPC Section 114?,"Under BNS 2023, IPC Section 114 (Abettor present when offence is committed) has been renumbered/replaced by Section 52 (Abettor present when offence committed).",52,BNS,concordance_v1_internal,ipc_114,data/02_ground_truth/concordance_v1.csv,data/02_ground_truth/concordance_v1.csv,2025,transition,A_ipc_bns_direct,renumbered,114,52,concordance_v1.csv + india_code,concordance_v1.csv row ipc_section=114,True,2026-09-04,True,template_expansion_from_concordance_row,
P7_0288,"Under the Bharatiya Nyaya Sanhita 2023, which provision replaced IPC Section 114?",IPC Section 114 was replaced by BNS Section 52 (Abettor present when offence committed) with effect from 1 July 2024.,52,BNS,concordance_v1_internal,ipc_114,data/02_ground_truth/concordance_v1.csv,data/02_ground_truth/concordance_v1.csv,2025,transition,A_ipc_bns_direct,renumbered,114,52,concordance_v1.csv + india_code,concordance_v1.csv row ipc_section=114,True,2026-09-04,True,template_expansion_from_concordance_row,
P7_0289,What is the current BNS provision dealing with abettor present when offence is committed?,The current provision dealing with abettor present when offence is committed is BNS Section 52 (Abettor present when offence committed).,52,BNS,concordance_v1_internal,ipc_114,data/02_ground_truth/concordance_v1.csv,data/02_ground_truth/concordance_v1.csv,2025,punishment_lookup,A_ipc_bns_direct,renumbered,114,52,concordance_v1.csv + india_code,concordance_v1.csv row ipc_section=114,True,2026-09-04,True,template_expansion_current_law,
P7_0290,"Under current Indian criminal law, which section covers abettor present when offence is committed?","Under BNS 2023 (effective 1 July 2024), abettor present when offence is committed is governed by Section 52 (Abettor present when offence committed).",52,BNS,concordance_v1_internal,ipc_114,data/02_ground_truth/concordance_v1.csv,data/02_ground_truth/concordance_v1.csv,2025,punishment_lookup,A_ipc_bns_direct,renumbered,114,52,concordance_v1.csv + india_code,concordance_v1.csv row ipc_section=114,True,2026-09-04,True,template_expansion_current_law,
P7_0291,Which IPC section did BNS Section 52 replace?,BNS Section 52 (Abettor present when offence committed) replaced IPC Section 114 (Abettor present when offence is committed).,114,IPC,concordance_v1_internal,bns_52,data/02_ground_truth/concordance_v1.csv,data/02_ground_truth/concordance_v1.csv,2025,reverse_lookup,A_ipc_bns_direct,renumbered,114,52,concordance_v1.csv + india_code,concordance_v1.csv row ipc_section=114,True,2026-09-04,True,template_expansion_reverse_lookup,
P7_0292,What was the old IPC provision corresponding to BNS Section 52?,BNS Section 52 (Abettor present when offence committed) was enacted to replace IPC Section 114 (Abettor present when offence is committed).,114,IPC,concordance_v1_internal,bns_52,data/02_ground_truth/concordance_v1.csv,data/02_ground_truth/concordance_v1.csv,2025,reverse_lookup,A_ipc_bns_direct,renumbered,114,52,concordance_v1.csv + india_code,concordance_v1.csv row ipc_section=114,True,2026-09-04,True,template_expansion_reverse_lookup,
P7_0293,Which section in BNS 2023 corresponds to IPC Section 120A?,IPC Section 120A (Definition of criminal conspiracy) corresponds to BNS Section 61 (Criminal conspiracy).,61,BNS,concordance_v1_internal,ipc_120A,data/02_ground_truth/concordance_v1.csv,data/02_ground_truth/concordance_v1.csv,2025,transition,A_ipc_bns_direct,renumbered,120A,61,concordance_v1.csv + india_code,concordance_v1.csv row ipc_section=120A,True,2026-09-04,True,template_expansion_from_concordance_row,
P7_0294,What is the BNS 2023 equivalent of IPC Section 120A?,"Under BNS 2023, IPC Section 120A (Definition of criminal conspiracy) has been renumbered/replaced by Section 61 (Criminal conspiracy).",61,BNS,concordance_v1_internal,ipc_120A,data/02_ground_truth/concordance_v1.csv,data/02_ground_truth/concordance_v1.csv,2025,transition,A_ipc_bns_direct,renumbered,120A,61,concordance_v1.csv + india_code,concordance_v1.csv row ipc_section=120A,True,2026-09-04,True,template_expansion_from_concordance_row,
P7_0295,"Under the Bharatiya Nyaya Sanhita 2023, which provision replaced IPC Section 120A?",IPC Section 120A was replaced by BNS Section 61 (Criminal conspiracy) with effect from 1 July 2024.,61,BNS,concordance_v1_internal,ipc_120A,data/02_ground_truth/concordance_v1.csv,data/02_ground_truth/concordance_v1.csv,2025,transition,A_ipc_bns_direct,renumbered,120A,61,concordance_v1.csv + india_code,concordance_v1.csv row ipc_section=120A,True,2026-09-04,True,template_expansion_from_concordance_row,
P7_0296,What is the current BNS provision dealing with definition of criminal conspiracy?,The current provision dealing with definition of criminal conspiracy is BNS Section 61 (Criminal conspiracy).,61,BNS,concordance_v1_internal,ipc_120A,data/02_ground_truth/concordance_v1.csv,data/02_ground_truth/concordance_v1.csv,2025,punishment_lookup,A_ipc_bns_direct,renumbered,120A,61,concordance_v1.csv + india_code,concordance_v1.csv row ipc_section=120A,True,2026-09-04,True,template_expansion_current_law,
P7_0297,"Under current Indian criminal law, which section covers definition of criminal conspiracy?","Under BNS 2023 (effective 1 July 2024), definition of criminal conspiracy is governed by Section 61 (Criminal conspiracy).",61,BNS,concordance_v1_internal,ipc_120A,data/02_ground_truth/concordance_v1.csv,data/02_ground_truth/concordance_v1.csv,2025,punishment_lookup,A_ipc_bns_direct,renumbered,120A,61,concordance_v1.csv + india_code,concordance_v1.csv row ipc_section=120A,True,2026-09-04,True,template_expansion_current_law,
P7_0298,Which IPC section did BNS Section 61 replace?,BNS Section 61 (Criminal conspiracy) replaced IPC Section 120A (Definition of criminal conspiracy).,120A,IPC,concordance_v1_internal,bns_61,data/02_ground_truth/concordance_v1.csv,data/02_ground_truth/concordance_v1.csv,2025,reverse_lookup,A_ipc_bns_direct,renumbered,120A,61,concordance_v1.csv + india_code,concordance_v1.csv row ipc_section=120A,True,2026-09-04,True,template_expansion_reverse_lookup,
P7_0299,What was the old IPC provision corresponding to BNS Section 61?,BNS Section 61 (Criminal conspiracy) was enacted to replace IPC Section 120A (Definition of criminal conspiracy).,120A,IPC,concordance_v1_internal,bns_61,data/02_ground_truth/concordance_v1.csv,data/02_ground_truth/concordance_v1.csv,2025,reverse_lookup,A_ipc_bns_direct,renumbered,120A,61,concordance_v1.csv + india_code,concordance_v1.csv row ipc_section=120A,True,2026-09-04,True,template_expansion_reverse_lookup,
P7_0300,Which section in BNS 2023 corresponds to IPC Section 120B?,IPC Section 120B (Punishment of criminal conspiracy) corresponds to BNS Section 61 (Criminal conspiracy). Note: Merged definition and punishment into one section,61,BNS,concordance_v1_internal,ipc_120B,data/02_ground_truth/concordance_v1.csv,data/02_ground_truth/concordance_v1.csv,2025,transition,A_ipc_bns_direct,merged,120B,61,concordance_v1.csv + india_code,concordance_v1.csv row ipc_section=120B,True,2026-09-04,True,template_expansion_from_concordance_row,
P7_0301,What is the BNS 2023 equivalent of IPC Section 120B?,"Under BNS 2023, IPC Section 120B (Punishment of criminal conspiracy) has been renumbered/replaced by Section 61 (Criminal conspiracy). Note: Merged definition and punishment into one section",61,BNS,concordance_v1_internal,ipc_120B,data/02_ground_truth/concordance_v1.csv,data/02_ground_truth/concordance_v1.csv,2025,transition,A_ipc_bns_direct,merged,120B,61,concordance_v1.csv + india_code,concordance_v1.csv row ipc_section=120B,True,2026-09-04,True,template_expansion_from_concordance_row,
P7_0302,"Under the Bharatiya Nyaya Sanhita 2023, which provision replaced IPC Section 120B?",IPC Section 120B was replaced by BNS Section 61 (Criminal conspiracy) with effect from 1 July 2024. Note: Merged definition and punishment into one section,61,BNS,concordance_v1_internal,ipc_120B,data/02_ground_truth/concordance_v1.csv,data/02_ground_truth/concordance_v1.csv,2025,transition,A_ipc_bns_direct,merged,120B,61,concordance_v1.csv + india_code,concordance_v1.csv row ipc_section=120B,True,2026-09-04,True,template_expansion_from_concordance_row,
P7_0303,What is the current BNS provision dealing with punishment of criminal conspiracy?,The current provision dealing with punishment of criminal conspiracy is BNS Section 61 (Criminal conspiracy).,61,BNS,concordance_v1_internal,ipc_120B,data/02_ground_truth/concordance_v1.csv,data/02_ground_truth/concordance_v1.csv,2025,punishment_lookup,A_ipc_bns_direct,merged,120B,61,concordance_v1.csv + india_code,concordance_v1.csv row ipc_section=120B,True,2026-09-04,True,template_expansion_current_law,
P7_0304,"Under current Indian criminal law, which section covers punishment of criminal conspiracy?","Under BNS 2023 (effective 1 July 2024), punishment of criminal conspiracy is governed by Section 61 (Criminal conspiracy).",61,BNS,concordance_v1_internal,ipc_120B,data/02_ground_truth/concordance_v1.csv,data/02_ground_truth/concordance_v1.csv,2025,punishment_lookup,A_ipc_bns_direct,merged,120B,61,concordance_v1.csv + india_code,concordance_v1.csv row ipc_section=120B,True,2026-09-04,True,template_expansion_current_law,
P7_0305,Which section in BNS 2023 corresponds to IPC Section 121?,IPC Section 121 (Waging or attempting to wage war or abetting waging of war against the Government of India) corresponds to BNS Section 147 (Waging or attempting to wage war or abetting waging of war against Government of India).,147,BNS,concordance_v1_internal,ipc_121,data/02_ground_truth/concordance_v1.csv,data/02_ground_truth/concordance_v1.csv,2025,transition,A_ipc_bns_direct,renumbered,121,147,concordance_v1.csv + india_code,concordance_v1.csv row ipc_section=121,True,2026-09-04,True,template_expansion_from_concordance_row,
P7_0306,What is the BNS 2023 equivalent of IPC Section 121?,"Under BNS 2023, IPC Section 121 (Waging or attempting to wage war or abetting waging of war against the Government of India) has been renumbered/replaced by Section 147 (Waging or attempting to wage war or abetting waging of war against Government of India).",147,BNS,concordance_v1_internal,ipc_121,data/02_ground_truth/concordance_v1.csv,data/02_ground_truth/concordance_v1.csv,2025,transition,A_ipc_bns_direct,renumbered,121,147,concordance_v1.csv + india_code,concordance_v1.csv row ipc_section=121,True,2026-09-04,True,template_expansion_from_concordance_row,
P7_0307,"Under the Bharatiya Nyaya Sanhita 2023, which provision replaced IPC Section 121?",IPC Section 121 was replaced by BNS Section 147 (Waging or attempting to wage war or abetting waging of war against Government of India) with effect from 1 July 2024.,147,BNS,concordance_v1_internal,ipc_121,data/02_ground_truth/concordance_v1.csv,data/02_ground_truth/concordance_v1.csv,2025,transition,A_ipc_bns_direct,renumbered,121,147,concordance_v1.csv + india_code,concordance_v1.csv row ipc_section=121,True,2026-09-04,True,template_expansion_from_concordance_row,
P7_0308,What is the current BNS provision dealing with waging or attempting to wage war or abetting waging of war against the government of india?,The current provision dealing with waging or attempting to wage war or abetting waging of war against the government of india is BNS Section 147 (Waging or attempting to wage war or abetting waging of war against Government of India).,147,BNS,concordance_v1_internal,ipc_121,data/02_ground_truth/concordance_v1.csv,data/02_ground_truth/concordance_v1.csv,2025,punishment_lookup,A_ipc_bns_direct,renumbered,121,147,concordance_v1.csv + india_code,concordance_v1.csv row ipc_section=121,True,2026-09-04,True,template_expansion_current_law,
P7_0309,"Under current Indian criminal law, which section covers waging or attempting to wage war or abetting waging of war against the government of india?","Under BNS 2023 (effective 1 July 2024), waging or attempting to wage war or abetting waging of war against the government of india is governed by Section 147 (Waging or attempting to wage war or abetting waging of war against Government of India).",147,BNS,concordance_v1_internal,ipc_121,data/02_ground_truth/concordance_v1.csv,data/02_ground_truth/concordance_v1.csv,2025,punishment_lookup,A_ipc_bns_direct,renumbered,121,147,concordance_v1.csv + india_code,concordance_v1.csv row ipc_section=121,True,2026-09-04,True,template_expansion_current_law,
P7_0310,Which IPC section did BNS Section 147 replace?,BNS Section 147 (Waging or attempting to wage war or abetting waging of war against Government of India) replaced IPC Section 121 (Waging or attempting to wage war or abetting waging of war against the Government of India).,121,IPC,concordance_v1_internal,bns_147,data/02_ground_truth/concordance_v1.csv,data/02_ground_truth/concordance_v1.csv,2025,reverse_lookup,A_ipc_bns_direct,renumbered,121,147,concordance_v1.csv + india_code,concordance_v1.csv row ipc_section=121,True,2026-09-04,True,template_expansion_reverse_lookup,
P7_0311,What was the old IPC provision corresponding to BNS Section 147?,BNS Section 147 (Waging or attempting to wage war or abetting waging of war against Government of India) was enacted to replace IPC Section 121 (Waging or attempting to wage war or abetting waging of war against the Government of India).,121,IPC,concordance_v1_internal,bns_147,data/02_ground_truth/concordance_v1.csv,data/02_ground_truth/concordance_v1.csv,2025,reverse_lookup,A_ipc_bns_direct,renumbered,121,147,concordance_v1.csv + india_code,concordance_v1.csv row ipc_section=121,True,2026-09-04,True,template_expansion_reverse_lookup,
P7_0312,Which section in BNS 2023 corresponds to IPC Section 124?,IPC Section 124 (Assaulting President Governor etc. with intent to compel or restrain the exercise of any lawful power) corresponds to BNS Section 149 (Assaulting President Governor etc).,149,BNS,concordance_v1_internal,ipc_124,data/02_ground_truth/concordance_v1.csv,data/02_ground_truth/concordance_v1.csv,2025,transition,A_ipc_bns_direct,renumbered,124,149,concordance_v1.csv + india_code,concordance_v1.csv row ipc_section=124,True,2026-09-04,True,template_expansion_from_concordance_row,
P7_0313,What is the BNS 2023 equivalent of IPC Section 124?,"Under BNS 2023, IPC Section 124 (Assaulting President Governor etc. with intent to compel or restrain the exercise of any lawful power) has been renumbered/replaced by Section 149 (Assaulting President Governor etc).",149,BNS,concordance_v1_internal,ipc_124,data/02_ground_truth/concordance_v1.csv,data/02_ground_truth/concordance_v1.csv,2025,transition,A_ipc_bns_direct,renumbered,124,149,concordance_v1.csv + india_code,concordance_v1.csv row ipc_section=124,True,2026-09-04,True,template_expansion_from_concordance_row,
P7_0314,"Under the Bharatiya Nyaya Sanhita 2023, which provision replaced IPC Section 124?",IPC Section 124 was replaced by BNS Section 149 (Assaulting President Governor etc) with effect from 1 July 2024.,149,BNS,concordance_v1_internal,ipc_124,data/02_ground_truth/concordance_v1.csv,data/02_ground_truth/concordance_v1.csv,2025,transition,A_ipc_bns_direct,renumbered,124,149,concordance_v1.csv + india_code,concordance_v1.csv row ipc_section=124,True,2026-09-04,True,template_expansion_from_concordance_row,
P7_0315,What is the current BNS provision dealing with assaulting president governor etc. with intent to compel or restrain the exercise of any lawful power?,The current provision dealing with assaulting president governor etc. with intent to compel or restrain the exercise of any lawful power is BNS Section 149 (Assaulting President Governor etc).,149,BNS,concordance_v1_internal,ipc_124,data/02_ground_truth/concordance_v1.csv,data/02_ground_truth/concordance_v1.csv,2025,punishment_lookup,A_ipc_bns_direct,renumbered,124,149,concordance_v1.csv + india_code,concordance_v1.csv row ipc_section=124,True,2026-09-04,True,template_expansion_current_law,
P7_0316,"Under current Indian criminal law, which section covers assaulting president governor etc. with intent to compel or restrain the exercise of any lawful power?","Under BNS 2023 (effective 1 July 2024), assaulting president governor etc. with intent to compel or restrain the exercise of any lawful power is governed by Section 149 (Assaulting President Governor etc).",149,BNS,concordance_v1_internal,ipc_124,data/02_ground_truth/concordance_v1.csv,data/02_ground_truth/concordance_v1.csv,2025,punishment_lookup,A_ipc_bns_direct,renumbered,124,149,concordance_v1.csv + india_code,concordance_v1.csv row ipc_section=124,True,2026-09-04,True,template_expansion_current_law,
P7_0317,Which IPC section did BNS Section 149 replace?,BNS Section 149 (Assaulting President Governor etc) replaced IPC Section 124 (Assaulting President Governor etc. with intent to compel or restrain the exercise of any lawful power).,124,IPC,concordance_v1_internal,bns_149,data/02_ground_truth/concordance_v1.csv,data/02_ground_truth/concordance_v1.csv,2025,reverse_lookup,A_ipc_bns_direct,renumbered,124,149,concordance_v1.csv + india_code,concordance_v1.csv row ipc_section=124,True,2026-09-04,True,template_expansion_reverse_lookup,
P7_0318,What was the old IPC provision corresponding to BNS Section 149?,BNS Section 149 (Assaulting President Governor etc) was enacted to replace IPC Section 124 (Assaulting President Governor etc. with intent to compel or restrain the exercise of any lawful power).,124,IPC,concordance_v1_internal,bns_149,data/02_ground_truth/concordance_v1.csv,data/02_ground_truth/concordance_v1.csv,2025,reverse_lookup,A_ipc_bns_direct,renumbered,124,149,concordance_v1.csv + india_code,concordance_v1.csv row ipc_section=124,True,2026-09-04,True,template_expansion_reverse_lookup,
P7_0319,Which section in BNS 2023 corresponds to IPC Section 141?,IPC Section 141 (Unlawful assembly) corresponds to BNS Section 189 (Unlawful assembly).,189,BNS,concordance_v1_internal,ipc_141,data/02_ground_truth/concordance_v1.csv,data/02_ground_truth/concordance_v1.csv,2025,transition,A_ipc_bns_direct,renumbered,141,189,concordance_v1.csv + india_code,concordance_v1.csv row ipc_section=141,True,2026-09-04,True,template_expansion_from_concordance_row,
P7_0320,What is the BNS 2023 equivalent of IPC Section 141?,"Under BNS 2023, IPC Section 141 (Unlawful assembly) has been renumbered/replaced by Section 189 (Unlawful assembly).",189,BNS,concordance_v1_internal,ipc_141,data/02_ground_truth/concordance_v1.csv,data/02_ground_truth/concordance_v1.csv,2025,transition,A_ipc_bns_direct,renumbered,141,189,concordance_v1.csv + india_code,concordance_v1.csv row ipc_section=141,True,2026-09-04,True,template_expansion_from_concordance_row,
P7_0321,"Under the Bharatiya Nyaya Sanhita 2023, which provision replaced IPC Section 141?",IPC Section 141 was replaced by BNS Section 189 (Unlawful assembly) with effect from 1 July 2024.,189,BNS,concordance_v1_internal,ipc_141,data/02_ground_truth/concordance_v1.csv,data/02_ground_truth/concordance_v1.csv,2025,transition,A_ipc_bns_direct,renumbered,141,189,concordance_v1.csv + india_code,concordance_v1.csv row ipc_section=141,True,2026-09-04,True,template_expansion_from_concordance_row,
P7_0322,What is the current BNS provision dealing with unlawful assembly?,The current provision dealing with unlawful assembly is BNS Section 189 (Unlawful assembly).,189,BNS,concordance_v1_internal,ipc_141,data/02_ground_truth/concordance_v1.csv,data/02_ground_truth/concordance_v1.csv,2025,punishment_lookup,A_ipc_bns_direct,renumbered,141,189,concordance_v1.csv + india_code,concordance_v1.csv row ipc_section=141,True,2026-09-04,True,template_expansion_current_law,
P7_0323,"Under current Indian criminal law, which section covers unlawful assembly?","Under BNS 2023 (effective 1 July 2024), unlawful assembly is governed by Section 189 (Unlawful assembly).",189,BNS,concordance_v1_internal,ipc_141,data/02_ground_truth/concordance_v1.csv,data/02_ground_truth/concordance_v1.csv,2025,punishment_lookup,A_ipc_bns_direct,renumbered,141,189,concordance_v1.csv + india_code,concordance_v1.csv row ipc_section=141,True,2026-09-04,True,template_expansion_current_law,
P7_0324,Which IPC section did BNS Section 189 replace?,BNS Section 189 (Unlawful assembly) replaced IPC Section 141 (Unlawful assembly).,141,IPC,concordance_v1_internal,bns_189,data/02_ground_truth/concordance_v1.csv,data/02_ground_truth/concordance_v1.csv,2025,reverse_lookup,A_ipc_bns_direct,renumbered,141,189,concordance_v1.csv + india_code,concordance_v1.csv row ipc_section=141,True,2026-09-04,True,template_expansion_reverse_lookup,
P7_0325,What was the old IPC provision corresponding to BNS Section 189?,BNS Section 189 (Unlawful assembly) was enacted to replace IPC Section 141 (Unlawful assembly).,141,IPC,concordance_v1_internal,bns_189,data/02_ground_truth/concordance_v1.csv,data/02_ground_truth/concordance_v1.csv,2025,reverse_lookup,A_ipc_bns_direct,renumbered,141,189,concordance_v1.csv + india_code,concordance_v1.csv row ipc_section=141,True,2026-09-04,True,template_expansion_reverse_lookup,
P7_0326,Which section in BNS 2023 corresponds to IPC Section 143?,IPC Section 143 (Punishment for being member of an unlawful assembly) corresponds to BNS Section 191 (Punishment for unlawful assembly).,191,BNS,concordance_v1_internal,ipc_143,data/02_ground_truth/concordance_v1.csv,data/02_ground_truth/concordance_v1.csv,2025,transition,A_ipc_bns_direct,renumbered,143,191,concordance_v1.csv + india_code,concordance_v1.csv row ipc_section=143,True,2026-09-04,True,template_expansion_from_concordance_row,
P7_0327,What is the BNS 2023 equivalent of IPC Section 143?,"Under BNS 2023, IPC Section 143 (Punishment for being member of an unlawful assembly) has been renumbered/replaced by Section 191 (Punishment for unlawful assembly).",191,BNS,concordance_v1_internal,ipc_143,data/02_ground_truth/concordance_v1.csv,data/02_ground_truth/concordance_v1.csv,2025,transition,A_ipc_bns_direct,renumbered,143,191,concordance_v1.csv + india_code,concordance_v1.csv row ipc_section=143,True,2026-09-04,True,template_expansion_from_concordance_row,
P7_0328,"Under the Bharatiya Nyaya Sanhita 2023, which provision replaced IPC Section 143?",IPC Section 143 was replaced by BNS Section 191 (Punishment for unlawful assembly) with effect from 1 July 2024.,191,BNS,concordance_v1_internal,ipc_143,data/02_ground_truth/concordance_v1.csv,data/02_ground_truth/concordance_v1.csv,2025,transition,A_ipc_bns_direct,renumbered,143,191,concordance_v1.csv + india_code,concordance_v1.csv row ipc_section=143,True,2026-09-04,True,template_expansion_from_concordance_row,
P7_0329,What is the current BNS provision dealing with punishment for being member of an unlawful assembly?,The current provision dealing with punishment for being member of an unlawful assembly is BNS Section 191 (Punishment for unlawful assembly).,191,BNS,concordance_v1_internal,ipc_143,data/02_ground_truth/concordance_v1.csv,data/02_ground_truth/concordance_v1.csv,2025,punishment_lookup,A_ipc_bns_direct,renumbered,143,191,concordance_v1.csv + india_code,concordance_v1.csv row ipc_section=143,True,2026-09-04,True,template_expansion_current_law,
P7_0330,"Under current Indian criminal law, which section covers punishment for being member of an unlawful assembly?","Under BNS 2023 (effective 1 July 2024), punishment for being member of an unlawful assembly is governed by Section 191 (Punishment for unlawful assembly).",191,BNS,concordance_v1_internal,ipc_143,data/02_ground_truth/concordance_v1.csv,data/02_ground_truth/concordance_v1.csv,2025,punishment_lookup,A_ipc_bns_direct,renumbered,143,191,concordance_v1.csv + india_code,concordance_v1.csv row ipc_section=143,True,2026-09-04,True,template_expansion_current_law,
P7_0331,Which IPC section did BNS Section 191 replace?,BNS Section 191 (Punishment for unlawful assembly) replaced IPC Section 143 (Punishment for being member of an unlawful assembly).,143,IPC,concordance_v1_internal,bns_191,data/02_ground_truth/concordance_v1.csv,data/02_ground_truth/concordance_v1.csv,2025,reverse_lookup,A_ipc_bns_direct,renumbered,143,191,concordance_v1.csv + india_code,concordance_v1.csv row ipc_section=143,True,2026-09-04,True,template_expansion_reverse_lookup,
P7_0332,What was the old IPC provision corresponding to BNS Section 191?,BNS Section 191 (Punishment for unlawful assembly) was enacted to replace IPC Section 143 (Punishment for being member of an unlawful assembly).,143,IPC,concordance_v1_internal,bns_191,data/02_ground_truth/concordance_v1.csv,data/02_ground_truth/concordance_v1.csv,2025,reverse_lookup,A_ipc_bns_direct,renumbered,143,191,concordance_v1.csv + india_code,concordance_v1.csv row ipc_section=143,True,2026-09-04,True,template_expansion_reverse_lookup,
P7_0333,Which section in BNS 2023 corresponds to IPC Section 146?,IPC Section 146 (Rioting) corresponds to BNS Section 190 (Every member of unlawful assembly guilty of offence committed in prosecution of common object).,190,BNS,concordance_v1_internal,ipc_146,data/02_ground_truth/concordance_v1.csv,data/02_ground_truth/concordance_v1.csv,2025,transition,A_ipc_bns_direct,renumbered,146,190,concordance_v1.csv + india_code,concordance_v1.csv row ipc_section=146,True,2026-09-04,True,template_expansion_from_concordance_row,
P7_0334,What is the BNS 2023 equivalent of IPC Section 146?,"Under BNS 2023, IPC Section 146 (Rioting) has been renumbered/replaced by Section 190 (Every member of unlawful assembly guilty of offence committed in prosecution of common object).",190,BNS,concordance_v1_internal,ipc_146,data/02_ground_truth/concordance_v1.csv,data/02_ground_truth/concordance_v1.csv,2025,transition,A_ipc_bns_direct,renumbered,146,190,concordance_v1.csv + india_code,concordance_v1.csv row ipc_section=146,True,2026-09-04,True,template_expansion_from_concordance_row,
P7_0335,"Under the Bharatiya Nyaya Sanhita 2023, which provision replaced IPC Section 146?",IPC Section 146 was replaced by BNS Section 190 (Every member of unlawful assembly guilty of offence committed in prosecution of common object) with effect from 1 July 2024.,190,BNS,concordance_v1_internal,ipc_146,data/02_ground_truth/concordance_v1.csv,data/02_ground_truth/concordance_v1.csv,2025,transition,A_ipc_bns_direct,renumbered,146,190,concordance_v1.csv + india_code,concordance_v1.csv row ipc_section=146,True,2026-09-04,True,template_expansion_from_concordance_row,
P7_0336,What is the current BNS provision dealing with rioting?,The current provision dealing with rioting is BNS Section 190 (Every member of unlawful assembly guilty of offence committed in prosecution of common object).,190,BNS,concordance_v1_internal,ipc_146,data/02_ground_truth/concordance_v1.csv,data/02_ground_truth/concordance_v1.csv,2025,punishment_lookup,A_ipc_bns_direct,renumbered,146,190,concordance_v1.csv + india_code,concordance_v1.csv row ipc_section=146,True,2026-09-04,True,template_expansion_current_law,
P7_0337,"Under current Indian criminal law, which section covers rioting?","Under BNS 2023 (effective 1 July 2024), rioting is governed by Section 190 (Every member of unlawful assembly guilty of offence committed in prosecution of common object).",190,BNS,concordance_v1_internal,ipc_146,data/02_ground_truth/concordance_v1.csv,data/02_ground_truth/concordance_v1.csv,2025,punishment_lookup,A_ipc_bns_direct,renumbered,146,190,concordance_v1.csv + india_code,concordance_v1.csv row ipc_section=146,True,2026-09-04,True,template_expansion_current_law,
P7_0338,Which IPC section did BNS Section 190 replace?,BNS Section 190 (Every member of unlawful assembly guilty of offence committed in prosecution of common object) replaced IPC Section 146 (Rioting).,146,IPC,concordance_v1_internal,bns_190,data/02_ground_truth/concordance_v1.csv,data/02_ground_truth/concordance_v1.csv,2025,reverse_lookup,A_ipc_bns_direct,renumbered,146,190,concordance_v1.csv + india_code,concordance_v1.csv row ipc_section=146,True,2026-09-04,True,template_expansion_reverse_lookup,
P7_0339,What was the old IPC provision corresponding to BNS Section 190?,BNS Section 190 (Every member of unlawful assembly guilty of offence committed in prosecution of common object) was enacted to replace IPC Section 146 (Rioting).,146,IPC,concordance_v1_internal,bns_190,data/02_ground_truth/concordance_v1.csv,data/02_ground_truth/concordance_v1.csv,2025,reverse_lookup,A_ipc_bns_direct,renumbered,146,190,concordance_v1.csv + india_code,concordance_v1.csv row ipc_section=146,True,2026-09-04,True,template_expansion_reverse_lookup,
P7_0340,Which section in BNS 2023 corresponds to IPC Section 147?,IPC Section 147 (Punishment for rioting) corresponds to BNS Section 194 (Punishment for rioting).,194,BNS,concordance_v1_internal,ipc_147,data/02_ground_truth/concordance_v1.csv,data/02_ground_truth/concordance_v1.csv,2025,transition,A_ipc_bns_direct,renumbered,147,194,concordance_v1.csv + india_code,concordance_v1.csv row ipc_section=147,True,2026-09-04,True,template_expansion_from_concordance_row,
P7_0341,What is the BNS 2023 equivalent of IPC Section 147?,"Under BNS 2023, IPC Section 147 (Punishment for rioting) has been renumbered/replaced by Section 194 (Punishment for rioting).",194,BNS,concordance_v1_internal,ipc_147,data/02_ground_truth/concordance_v1.csv,data/02_ground_truth/concordance_v1.csv,2025,transition,A_ipc_bns_direct,renumbered,147,194,concordance_v1.csv + india_code,concordance_v1.csv row ipc_section=147,True,2026-09-04,True,template_expansion_from_concordance_row,
P7_0342,"Under the Bharatiya Nyaya Sanhita 2023, which provision replaced IPC Section 147?",IPC Section 147 was replaced by BNS Section 194 (Punishment for rioting) with effect from 1 July 2024.,194,BNS,concordance_v1_internal,ipc_147,data/02_ground_truth/concordance_v1.csv,data/02_ground_truth/concordance_v1.csv,2025,transition,A_ipc_bns_direct,renumbered,147,194,concordance_v1.csv + india_code,concordance_v1.csv row ipc_section=147,True,2026-09-04,True,template_expansion_from_concordance_row,
P7_0343,What is the current BNS provision dealing with punishment for rioting?,The current provision dealing with punishment for rioting is BNS Section 194 (Punishment for rioting).,194,BNS,concordance_v1_internal,ipc_147,data/02_ground_truth/concordance_v1.csv,data/02_ground_truth/concordance_v1.csv,2025,punishment_lookup,A_ipc_bns_direct,renumbered,147,194,concordance_v1.csv + india_code,concordance_v1.csv row ipc_section=147,True,2026-09-04,True,template_expansion_current_law,
P7_0344,"Under current Indian criminal law, which section covers punishment for rioting?","Under BNS 2023 (effective 1 July 2024), punishment for rioting is governed by Section 194 (Punishment for rioting).",194,BNS,concordance_v1_internal,ipc_147,data/02_ground_truth/concordance_v1.csv,data/02_ground_truth/concordance_v1.csv,2025,punishment_lookup,A_ipc_bns_direct,renumbered,147,194,concordance_v1.csv + india_code,concordance_v1.csv row ipc_section=147,True,2026-09-04,True,template_expansion_current_law,
P7_0345,Which IPC section did BNS Section 194 replace?,BNS Section 194 (Punishment for rioting) replaced IPC Section 147 (Punishment for rioting).,147,IPC,concordance_v1_internal,bns_194,data/02_ground_truth/concordance_v1.csv,data/02_ground_truth/concordance_v1.csv,2025,reverse_lookup,A_ipc_bns_direct,renumbered,147,194,concordance_v1.csv + india_code,concordance_v1.csv row ipc_section=147,True,2026-09-04,True,template_expansion_reverse_lookup,
P7_0346,What was the old IPC provision corresponding to BNS Section 194?,BNS Section 194 (Punishment for rioting) was enacted to replace IPC Section 147 (Punishment for rioting).,147,IPC,concordance_v1_internal,bns_194,data/02_ground_truth/concordance_v1.csv,data/02_ground_truth/concordance_v1.csv,2025,reverse_lookup,A_ipc_bns_direct,renumbered,147,194,concordance_v1.csv + india_code,concordance_v1.csv row ipc_section=147,True,2026-09-04,True,template_expansion_reverse_lookup,
P7_0347,Which section in BNS 2023 corresponds to IPC Section 148?,IPC Section 148 (Rioting armed with deadly weapon) corresponds to BNS Section 195 (Rioting armed with deadly weapon).,195,BNS,concordance_v1_internal,ipc_148,data/02_ground_truth/concordance_v1.csv,data/02_ground_truth/concordance_v1.csv,2025,transition,A_ipc_bns_direct,renumbered,148,195,concordance_v1.csv + india_code,concordance_v1.csv row ipc_section=148,True,2026-09-04,True,template_expansion_from_concordance_row,
P7_0348,What is the BNS 2023 equivalent of IPC Section 148?,"Under BNS 2023, IPC Section 148 (Rioting armed with deadly weapon) has been renumbered/replaced by Section 195 (Rioting armed with deadly weapon).",195,BNS,concordance_v1_internal,ipc_148,data/02_ground_truth/concordance_v1.csv,data/02_ground_truth/concordance_v1.csv,2025,transition,A_ipc_bns_direct,renumbered,148,195,concordance_v1.csv + india_code,concordance_v1.csv row ipc_section=148,True,2026-09-04,True,template_expansion_from_concordance_row,
P7_0349,"Under the Bharatiya Nyaya Sanhita 2023, which provision replaced IPC Section 148?",IPC Section 148 was replaced by BNS Section 195 (Rioting armed with deadly weapon) with effect from 1 July 2024.,195,BNS,concordance_v1_internal,ipc_148,data/02_ground_truth/concordance_v1.csv,data/02_ground_truth/concordance_v1.csv,2025,transition,A_ipc_bns_direct,renumbered,148,195,concordance_v1.csv + india_code,concordance_v1.csv row ipc_section=148,True,2026-09-04,True,template_expansion_from_concordance_row,
P7_0350,What is the current BNS provision dealing with rioting armed with deadly weapon?,The current provision dealing with rioting armed with deadly weapon is BNS Section 195 (Rioting armed with deadly weapon).,195,BNS,concordance_v1_internal,ipc_148,data/02_ground_truth/concordance_v1.csv,data/02_ground_truth/concordance_v1.csv,2025,punishment_lookup,A_ipc_bns_direct,renumbered,148,195,concordance_v1.csv + india_code,concordance_v1.csv row ipc_section=148,True,2026-09-04,True,template_expansion_current_law,
P7_0351,"Under current Indian criminal law, which section covers rioting armed with deadly weapon?","Under BNS 2023 (effective 1 July 2024), rioting armed with deadly weapon is governed by Section 195 (Rioting armed with deadly weapon).",195,BNS,concordance_v1_internal,ipc_148,data/02_ground_truth/concordance_v1.csv,data/02_ground_truth/concordance_v1.csv,2025,punishment_lookup,A_ipc_bns_direct,renumbered,148,195,concordance_v1.csv + india_code,concordance_v1.csv row ipc_section=148,True,2026-09-04,True,template_expansion_current_law,
P7_0352,Which IPC section did BNS Section 195 replace?,BNS Section 195 (Rioting armed with deadly weapon) replaced IPC Section 148 (Rioting armed with deadly weapon).,148,IPC,concordance_v1_internal,bns_195,data/02_ground_truth/concordance_v1.csv,data/02_ground_truth/concordance_v1.csv,2025,reverse_lookup,A_ipc_bns_direct,renumbered,148,195,concordance_v1.csv + india_code,concordance_v1.csv row ipc_section=148,True,2026-09-04,True,template_expansion_reverse_lookup,
P7_0353,What was the old IPC provision corresponding to BNS Section 195?,BNS Section 195 (Rioting armed with deadly weapon) was enacted to replace IPC Section 148 (Rioting armed with deadly weapon).,148,IPC,concordance_v1_internal,bns_195,data/02_ground_truth/concordance_v1.csv,data/02_ground_truth/concordance_v1.csv,2025,reverse_lookup,A_ipc_bns_direct,renumbered,148,195,concordance_v1.csv + india_code,concordance_v1.csv row ipc_section=148,True,2026-09-04,True,template_expansion_reverse_lookup,
P7_0354,Which section in BNS 2023 corresponds to IPC Section 153A?,IPC Section 153A (Promoting enmity between different groups and acts prejudicial to maintenance of harmony) corresponds to BNS Section 196 (Promoting enmity between different groups on grounds of religion race place of birth residence language etc). Note: BNS expands scope and increases penalties,196,BNS,concordance_v1_internal,ipc_153A,data/02_ground_truth/concordance_v1.csv,data/02_ground_truth/concordance_v1.csv,2025,transition,A_ipc_bns_direct,modified,153A,196,concordance_v1.csv + india_code,concordance_v1.csv row ipc_section=153A,True,2026-09-04,True,template_expansion_from_concordance_row,
P7_0355,What is the BNS 2023 equivalent of IPC Section 153A?,"Under BNS 2023, IPC Section 153A (Promoting enmity between different groups and acts prejudicial to maintenance of harmony) has been renumbered/replaced by Section 196 (Promoting enmity between different groups on grounds of religion race place of birth residence language etc). Note: BNS expands scope and increases penalties",196,BNS,concordance_v1_internal,ipc_153A,data/02_ground_truth/concordance_v1.csv,data/02_ground_truth/concordance_v1.csv,2025,transition,A_ipc_bns_direct,modified,153A,196,concordance_v1.csv + india_code,concordance_v1.csv row ipc_section=153A,True,2026-09-04,True,template_expansion_from_concordance_row,
P7_0356,"Under the Bharatiya Nyaya Sanhita 2023, which provision replaced IPC Section 153A?",IPC Section 153A was replaced by BNS Section 196 (Promoting enmity between different groups on grounds of religion race place of birth residence language etc) with effect from 1 July 2024. Note: BNS expands scope and increases penalties,196,BNS,concordance_v1_internal,ipc_153A,data/02_ground_truth/concordance_v1.csv,data/02_ground_truth/concordance_v1.csv,2025,transition,A_ipc_bns_direct,modified,153A,196,concordance_v1.csv + india_code,concordance_v1.csv row ipc_section=153A,True,2026-09-04,True,template_expansion_from_concordance_row,
P7_0357,What is the current BNS provision dealing with promoting enmity between different groups and acts prejudicial to maintenance of harmony?,The current provision dealing with promoting enmity between different groups and acts prejudicial to maintenance of harmony is BNS Section 196 (Promoting enmity between different groups on grounds of religion race place of birth residence language etc).,196,BNS,concordance_v1_internal,ipc_153A,data/02_ground_truth/concordance_v1.csv,data/02_ground_truth/concordance_v1.csv,2025,punishment_lookup,A_ipc_bns_direct,modified,153A,196,concordance_v1.csv + india_code,concordance_v1.csv row ipc_section=153A,True,2026-09-04,True,template_expansion_current_law,
P7_0358,"Under current Indian criminal law, which section covers promoting enmity between different groups and acts prejudicial to maintenance of harmony?","Under BNS 2023 (effective 1 July 2024), promoting enmity between different groups and acts prejudicial to maintenance of harmony is governed by Section 196 (Promoting enmity between different groups on grounds of religion race place of birth residence language etc).",196,BNS,concordance_v1_internal,ipc_153A,data/02_ground_truth/concordance_v1.csv,data/02_ground_truth/concordance_v1.csv,2025,punishment_lookup,A_ipc_bns_direct,modified,153A,196,concordance_v1.csv + india_code,concordance_v1.csv row ipc_section=153A,True,2026-09-04,True,template_expansion_current_law,
P7_0359,Which IPC section did BNS Section 196 replace?,BNS Section 196 (Promoting enmity between different groups on grounds of religion race place of birth residence language etc) replaced IPC Section 153A (Promoting enmity between different groups and acts prejudicial to maintenance of harmony).,153A,IPC,concordance_v1_internal,bns_196,data/02_ground_truth/concordance_v1.csv,data/02_ground_truth/concordance_v1.csv,2025,reverse_lookup,A_ipc_bns_direct,modified,153A,196,concordance_v1.csv + india_code,concordance_v1.csv row ipc_section=153A,True,2026-09-04,True,template_expansion_reverse_lookup,
P7_0360,What was the old IPC provision corresponding to BNS Section 196?,BNS Section 196 (Promoting enmity between different groups on grounds of religion race place of birth residence language etc) was enacted to replace IPC Section 153A (Promoting enmity between different groups and acts prejudicial to maintenance of harmony).,153A,IPC,concordance_v1_internal,bns_196,data/02_ground_truth/concordance_v1.csv,data/02_ground_truth/concordance_v1.csv,2025,reverse_lookup,A_ipc_bns_direct,modified,153A,196,concordance_v1.csv + india_code,concordance_v1.csv row ipc_section=153A,True,2026-09-04,True,template_expansion_reverse_lookup,
P7_0361,Which section in BNS 2023 corresponds to IPC Section 171B?,IPC Section 171B (Bribery) corresponds to BNS Section 170 (Bribery at elections).,170,BNS,concordance_v1_internal,ipc_171B,data/02_ground_truth/concordance_v1.csv,data/02_ground_truth/concordance_v1.csv,2025,transition,A_ipc_bns_direct,renumbered,171B,170,concordance_v1.csv + india_code,concordance_v1.csv row ipc_section=171B,True,2026-09-04,True,template_expansion_from_concordance_row,
P7_0362,What is the BNS 2023 equivalent of IPC Section 171B?,"Under BNS 2023, IPC Section 171B (Bribery) has been renumbered/replaced by Section 170 (Bribery at elections).",170,BNS,concordance_v1_internal,ipc_171B,data/02_ground_truth/concordance_v1.csv,data/02_ground_truth/concordance_v1.csv,2025,transition,A_ipc_bns_direct,renumbered,171B,170,concordance_v1.csv + india_code,concordance_v1.csv row ipc_section=171B,True,2026-09-04,True,template_expansion_from_concordance_row,
P7_0363,"Under the Bharatiya Nyaya Sanhita 2023, which provision replaced IPC Section 171B?",IPC Section 171B was replaced by BNS Section 170 (Bribery at elections) with effect from 1 July 2024.,170,BNS,concordance_v1_internal,ipc_171B,data/02_ground_truth/concordance_v1.csv,data/02_ground_truth/concordance_v1.csv,2025,transition,A_ipc_bns_direct,renumbered,171B,170,concordance_v1.csv + india_code,concordance_v1.csv row ipc_section=171B,True,2026-09-04,True,template_expansion_from_concordance_row,
P7_0364,What is the current BNS provision dealing with bribery?,The current provision dealing with bribery is BNS Section 170 (Bribery at elections).,170,BNS,concordance_v1_internal,ipc_171B,data/02_ground_truth/concordance_v1.csv,data/02_ground_truth/concordance_v1.csv,2025,punishment_lookup,A_ipc_bns_direct,renumbered,171B,170,concordance_v1.csv + india_code,concordance_v1.csv row ipc_section=171B,True,2026-09-04,True,template_expansion_current_law,
P7_0365,"Under current Indian criminal law, which section covers bribery?","Under BNS 2023 (effective 1 July 2024), bribery is governed by Section 170 (Bribery at elections).",170,BNS,concordance_v1_internal,ipc_171B,data/02_ground_truth/concordance_v1.csv,data/02_ground_truth/concordance_v1.csv,2025,punishment_lookup,A_ipc_bns_direct,renumbered,171B,170,concordance_v1.csv + india_code,concordance_v1.csv row ipc_section=171B,True,2026-09-04,True,template_expansion_current_law,
P7_0366,Which IPC section did BNS Section 170 replace?,BNS Section 170 (Bribery at elections) replaced IPC Section 171B (Bribery).,171B,IPC,concordance_v1_internal,bns_170,data/02_ground_truth/concordance_v1.csv,data/02_ground_truth/concordance_v1.csv,2025,reverse_lookup,A_ipc_bns_direct,renumbered,171B,170,concordance_v1.csv + india_code,concordance_v1.csv row ipc_section=171B,True,2026-09-04,True,template_expansion_reverse_lookup,
P7_0367,What was the old IPC provision corresponding to BNS Section 170?,BNS Section 170 (Bribery at elections) was enacted to replace IPC Section 171B (Bribery).,171B,IPC,concordance_v1_internal,bns_170,data/02_ground_truth/concordance_v1.csv,data/02_ground_truth/concordance_v1.csv,2025,reverse_lookup,A_ipc_bns_direct,renumbered,171B,170,concordance_v1.csv + india_code,concordance_v1.csv row ipc_section=171B,True,2026-09-04,True,template_expansion_reverse_lookup,
P7_0368,Which section in BNS 2023 corresponds to IPC Section 186?,IPC Section 186 (Obstructing public servant in discharge of public functions) corresponds to BNS Section 220 (Obstructing public servant in discharge of public functions).,220,BNS,concordance_v1_internal,ipc_186,data/02_ground_truth/concordance_v1.csv,data/02_ground_truth/concordance_v1.csv,2025,transition,A_ipc_bns_direct,renumbered,186,220,concordance_v1.csv + india_code,concordance_v1.csv row ipc_section=186,True,2026-09-04,True,template_expansion_from_concordance_row,
P7_0369,What is the BNS 2023 equivalent of IPC Section 186?,"Under BNS 2023, IPC Section 186 (Obstructing public servant in discharge of public functions) has been renumbered/replaced by Section 220 (Obstructing public servant in discharge of public functions).",220,BNS,concordance_v1_internal,ipc_186,data/02_ground_truth/concordance_v1.csv,data/02_ground_truth/concordance_v1.csv,2025,transition,A_ipc_bns_direct,renumbered,186,220,concordance_v1.csv + india_code,concordance_v1.csv row ipc_section=186,True,2026-09-04,True,template_expansion_from_concordance_row,
P7_0370,"Under the Bharatiya Nyaya Sanhita 2023, which provision replaced IPC Section 186?",IPC Section 186 was replaced by BNS Section 220 (Obstructing public servant in discharge of public functions) with effect from 1 July 2024.,220,BNS,concordance_v1_internal,ipc_186,data/02_ground_truth/concordance_v1.csv,data/02_ground_truth/concordance_v1.csv,2025,transition,A_ipc_bns_direct,renumbered,186,220,concordance_v1.csv + india_code,concordance_v1.csv row ipc_section=186,True,2026-09-04,True,template_expansion_from_concordance_row,
P7_0371,What is the current BNS provision dealing with obstructing public servant in discharge of public functions?,The current provision dealing with obstructing public servant in discharge of public functions is BNS Section 220 (Obstructing public servant in discharge of public functions).,220,BNS,concordance_v1_internal,ipc_186,data/02_ground_truth/concordance_v1.csv,data/02_ground_truth/concordance_v1.csv,2025,punishment_lookup,A_ipc_bns_direct,renumbered,186,220,concordance_v1.csv + india_code,concordance_v1.csv row ipc_section=186,True,2026-09-04,True,template_expansion_current_law,
P7_0372,"Under current Indian criminal law, which section covers obstructing public servant in discharge of public functions?","Under BNS 2023 (effective 1 July 2024), obstructing public servant in discharge of public functions is governed by Section 220 (Obstructing public servant in discharge of public functions).",220,BNS,concordance_v1_internal,ipc_186,data/02_ground_truth/concordance_v1.csv,data/02_ground_truth/concordance_v1.csv,2025,punishment_lookup,A_ipc_bns_direct,renumbered,186,220,concordance_v1.csv + india_code,concordance_v1.csv row ipc_section=186,True,2026-09-04,True,template_expansion_current_law,
P7_0373,Which IPC section did BNS Section 220 replace?,BNS Section 220 (Obstructing public servant in discharge of public functions) replaced IPC Section 186 (Obstructing public servant in discharge of public functions).,186,IPC,concordance_v1_internal,bns_220,data/02_ground_truth/concordance_v1.csv,data/02_ground_truth/concordance_v1.csv,2025,reverse_lookup,A_ipc_bns_direct,renumbered,186,220,concordance_v1.csv + india_code,concordance_v1.csv row ipc_section=186,True,2026-09-04,True,template_expansion_reverse_lookup,
P7_0374,What was the old IPC provision corresponding to BNS Section 220?,BNS Section 220 (Obstructing public servant in discharge of public functions) was enacted to replace IPC Section 186 (Obstructing public servant in discharge of public functions).,186,IPC,concordance_v1_internal,bns_220,data/02_ground_truth/concordance_v1.csv,data/02_ground_truth/concordance_v1.csv,2025,reverse_lookup,A_ipc_bns_direct,renumbered,186,220,concordance_v1.csv + india_code,concordance_v1.csv row ipc_section=186,True,2026-09-04,True,template_expansion_reverse_lookup,
P7_0375,Which section in BNS 2023 corresponds to IPC Section 191?,IPC Section 191 (Giving false evidence) corresponds to BNS Section 229 (Giving false evidence).,229,BNS,concordance_v1_internal,ipc_191,data/02_ground_truth/concordance_v1.csv,data/02_ground_truth/concordance_v1.csv,2025,transition,A_ipc_bns_direct,renumbered,191,229,concordance_v1.csv + india_code,concordance_v1.csv row ipc_section=191,True,2026-09-04,True,template_expansion_from_concordance_row,
P7_0376,What is the BNS 2023 equivalent of IPC Section 191?,"Under BNS 2023, IPC Section 191 (Giving false evidence) has been renumbered/replaced by Section 229 (Giving false evidence).",229,BNS,concordance_v1_internal,ipc_191,data/02_ground_truth/concordance_v1.csv,data/02_ground_truth/concordance_v1.csv,2025,transition,A_ipc_bns_direct,renumbered,191,229,concordance_v1.csv + india_code,concordance_v1.csv row ipc_section=191,True,2026-09-04,True,template_expansion_from_concordance_row,
P7_0377,"Under the Bharatiya Nyaya Sanhita 2023, which provision replaced IPC Section 191?",IPC Section 191 was replaced by BNS Section 229 (Giving false evidence) with effect from 1 July 2024.,229,BNS,concordance_v1_internal,ipc_191,data/02_ground_truth/concordance_v1.csv,data/02_ground_truth/concordance_v1.csv,2025,transition,A_ipc_bns_direct,renumbered,191,229,concordance_v1.csv + india_code,concordance_v1.csv row ipc_section=191,True,2026-09-04,True,template_expansion_from_concordance_row,
P7_0378,What is the current BNS provision dealing with giving false evidence?,The current provision dealing with giving false evidence is BNS Section 229 (Giving false evidence).,229,BNS,concordance_v1_internal,ipc_191,data/02_ground_truth/concordance_v1.csv,data/02_ground_truth/concordance_v1.csv,2025,punishment_lookup,A_ipc_bns_direct,renumbered,191,229,concordance_v1.csv + india_code,concordance_v1.csv row ipc_section=191,True,2026-09-04,True,template_expansion_current_law,
P7_0379,"Under current Indian criminal law, which section covers giving false evidence?","Under BNS 2023 (effective 1 July 2024), giving false evidence is governed by Section 229 (Giving false evidence).",229,BNS,concordance_v1_internal,ipc_191,data/02_ground_truth/concordance_v1.csv,data/02_ground_truth/concordance_v1.csv,2025,punishment_lookup,A_ipc_bns_direct,renumbered,191,229,concordance_v1.csv + india_code,concordance_v1.csv row ipc_section=191,True,2026-09-04,True,template_expansion_current_law,
P7_0380,Which IPC section did BNS Section 229 replace?,BNS Section 229 (Giving false evidence) replaced IPC Section 191 (Giving false evidence).,191,IPC,concordance_v1_internal,bns_229,data/02_ground_truth/concordance_v1.csv,data/02_ground_truth/concordance_v1.csv,2025,reverse_lookup,A_ipc_bns_direct,renumbered,191,229,concordance_v1.csv + india_code,concordance_v1.csv row ipc_section=191,True,2026-09-04,True,template_expansion_reverse_lookup,
P7_0381,What was the old IPC provision corresponding to BNS Section 229?,BNS Section 229 (Giving false evidence) was enacted to replace IPC Section 191 (Giving false evidence).,191,IPC,concordance_v1_internal,bns_229,data/02_ground_truth/concordance_v1.csv,data/02_ground_truth/concordance_v1.csv,2025,reverse_lookup,A_ipc_bns_direct,renumbered,191,229,concordance_v1.csv + india_code,concordance_v1.csv row ipc_section=191,True,2026-09-04,True,template_expansion_reverse_lookup,
P7_0382,Which section in BNS 2023 corresponds to IPC Section 193?,IPC Section 193 (Punishment for false evidence) corresponds to BNS Section 230 (Punishment for false evidence).,230,BNS,concordance_v1_internal,ipc_193,data/02_ground_truth/concordance_v1.csv,data/02_ground_truth/concordance_v1.csv,2025,transition,A_ipc_bns_direct,renumbered,193,230,concordance_v1.csv + india_code,concordance_v1.csv row ipc_section=193,True,2026-09-04,True,template_expansion_from_concordance_row,
P7_0383,What is the BNS 2023 equivalent of IPC Section 193?,"Under BNS 2023, IPC Section 193 (Punishment for false evidence) has been renumbered/replaced by Section 230 (Punishment for false evidence).",230,BNS,concordance_v1_internal,ipc_193,data/02_ground_truth/concordance_v1.csv,data/02_ground_truth/concordance_v1.csv,2025,transition,A_ipc_bns_direct,renumbered,193,230,concordance_v1.csv + india_code,concordance_v1.csv row ipc_section=193,True,2026-09-04,True,template_expansion_from_concordance_row,
P7_0384,"Under the Bharatiya Nyaya Sanhita 2023, which provision replaced IPC Section 193?",IPC Section 193 was replaced by BNS Section 230 (Punishment for false evidence) with effect from 1 July 2024.,230,BNS,concordance_v1_internal,ipc_193,data/02_ground_truth/concordance_v1.csv,data/02_ground_truth/concordance_v1.csv,2025,transition,A_ipc_bns_direct,renumbered,193,230,concordance_v1.csv + india_code,concordance_v1.csv row ipc_section=193,True,2026-09-04,True,template_expansion_from_concordance_row,
P7_0385,What is the current BNS provision dealing with punishment for false evidence?,The current provision dealing with punishment for false evidence is BNS Section 230 (Punishment for false evidence).,230,BNS,concordance_v1_internal,ipc_193,data/02_ground_truth/concordance_v1.csv,data/02_ground_truth/concordance_v1.csv,2025,punishment_lookup,A_ipc_bns_direct,renumbered,193,230,concordance_v1.csv + india_code,concordance_v1.csv row ipc_section=193,True,2026-09-04,True,template_expansion_current_law,
P7_0386,"Under current Indian criminal law, which section covers punishment for false evidence?","Under BNS 2023 (effective 1 July 2024), punishment for false evidence is governed by Section 230 (Punishment for false evidence).",230,BNS,concordance_v1_internal,ipc_193,data/02_ground_truth/concordance_v1.csv,data/02_ground_truth/concordance_v1.csv,2025,punishment_lookup,A_ipc_bns_direct,renumbered,193,230,concordance_v1.csv + india_code,concordance_v1.csv row ipc_section=193,True,2026-09-04,True,template_expansion_current_law,
P7_0387,Which IPC section did BNS Section 230 replace?,BNS Section 230 (Punishment for false evidence) replaced IPC Section 193 (Punishment for false evidence).,193,IPC,concordance_v1_internal,bns_230,data/02_ground_truth/concordance_v1.csv,data/02_ground_truth/concordance_v1.csv,2025,reverse_lookup,A_ipc_bns_direct,renumbered,193,230,concordance_v1.csv + india_code,concordance_v1.csv row ipc_section=193,True,2026-09-04,True,template_expansion_reverse_lookup,
P7_0388,What was the old IPC provision corresponding to BNS Section 230?,BNS Section 230 (Punishment for false evidence) was enacted to replace IPC Section 193 (Punishment for false evidence).,193,IPC,concordance_v1_internal,bns_230,data/02_ground_truth/concordance_v1.csv,data/02_ground_truth/concordance_v1.csv,2025,reverse_lookup,A_ipc_bns_direct,renumbered,193,230,concordance_v1.csv + india_code,concordance_v1.csv row ipc_section=193,True,2026-09-04,True,template_expansion_reverse_lookup,
P7_0389,Which section in BNS 2023 corresponds to IPC Section 195?,IPC Section 195 (Giving or fabricating false evidence with intent to procure conviction of capital offence) corresponds to BNS Section 232 (Giving or fabricating false evidence with intent to procure conviction of offence punishable with imprisonment for life or imprisonment).,232,BNS,concordance_v1_internal,ipc_195,data/02_ground_truth/concordance_v1.csv,data/02_ground_truth/concordance_v1.csv,2025,transition,A_ipc_bns_direct,renumbered,195,232,concordance_v1.csv + india_code,concordance_v1.csv row ipc_section=195,True,2026-09-04,True,template_expansion_from_concordance_row,
P7_0390,What is the BNS 2023 equivalent of IPC Section 195?,"Under BNS 2023, IPC Section 195 (Giving or fabricating false evidence with intent to procure conviction of capital offence) has been renumbered/replaced by Section 232 (Giving or fabricating false evidence with intent to procure conviction of offence punishable with imprisonment for life or imprisonment).",232,BNS,concordance_v1_internal,ipc_195,data/02_ground_truth/concordance_v1.csv,data/02_ground_truth/concordance_v1.csv,2025,transition,A_ipc_bns_direct,renumbered,195,232,concordance_v1.csv + india_code,concordance_v1.csv row ipc_section=195,True,2026-09-04,True,template_expansion_from_concordance_row,
P7_0391,"Under the Bharatiya Nyaya Sanhita 2023, which provision replaced IPC Section 195?",IPC Section 195 was replaced by BNS Section 232 (Giving or fabricating false evidence with intent to procure conviction of offence punishable with imprisonment for life or imprisonment) with effect from 1 July 2024.,232,BNS,concordance_v1_internal,ipc_195,data/02_ground_truth/concordance_v1.csv,data/02_ground_truth/concordance_v1.csv,2025,transition,A_ipc_bns_direct,renumbered,195,232,concordance_v1.csv + india_code,concordance_v1.csv row ipc_section=195,True,2026-09-04,True,template_expansion_from_concordance_row,
P7_0392,What is the current BNS provision dealing with giving or fabricating false evidence with intent to procure conviction of capital offence?,The current provision dealing with giving or fabricating false evidence with intent to procure conviction of capital offence is BNS Section 232 (Giving or fabricating false evidence with intent to procure conviction of offence punishable with imprisonment for life or imprisonment).,232,BNS,concordance_v1_internal,ipc_195,data/02_ground_truth/concordance_v1.csv,data/02_ground_truth/concordance_v1.csv,2025,punishment_lookup,A_ipc_bns_direct,renumbered,195,232,concordance_v1.csv + india_code,concordance_v1.csv row ipc_section=195,True,2026-09-04,True,template_expansion_current_law,
P7_0393,"Under current Indian criminal law, which section covers giving or fabricating false evidence with intent to procure conviction of capital offence?","Under BNS 2023 (effective 1 July 2024), giving or fabricating false evidence with intent to procure conviction of capital offence is governed by Section 232 (Giving or fabricating false evidence with intent to procure conviction of offence punishable with imprisonment for life or imprisonment).",232,BNS,concordance_v1_internal,ipc_195,data/02_ground_truth/concordance_v1.csv,data/02_ground_truth/concordance_v1.csv,2025,punishment_lookup,A_ipc_bns_direct,renumbered,195,232,concordance_v1.csv + india_code,concordance_v1.csv row ipc_section=195,True,2026-09-04,True,template_expansion_current_law,
P7_0394,Which IPC section did BNS Section 232 replace?,BNS Section 232 (Giving or fabricating false evidence with intent to procure conviction of offence punishable with imprisonment for life or imprisonment) replaced IPC Section 195 (Giving or fabricating false evidence with intent to procure conviction of capital offence).,195,IPC,concordance_v1_internal,bns_232,data/02_ground_truth/concordance_v1.csv,data/02_ground_truth/concordance_v1.csv,2025,reverse_lookup,A_ipc_bns_direct,renumbered,195,232,concordance_v1.csv + india_code,concordance_v1.csv row ipc_section=195,True,2026-09-04,True,template_expansion_reverse_lookup,
P7_0395,What was the old IPC provision corresponding to BNS Section 232?,BNS Section 232 (Giving or fabricating false evidence with intent to procure conviction of offence punishable with imprisonment for life or imprisonment) was enacted to replace IPC Section 195 (Giving or fabricating false evidence with intent to procure conviction of capital offence).,195,IPC,concordance_v1_internal,bns_232,data/02_ground_truth/concordance_v1.csv,data/02_ground_truth/concordance_v1.csv,2025,reverse_lookup,A_ipc_bns_direct,renumbered,195,232,concordance_v1.csv + india_code,concordance_v1.csv row ipc_section=195,True,2026-09-04,True,template_expansion_reverse_lookup,
P7_0396,Which section in BNS 2023 corresponds to IPC Section 211?,IPC Section 211 (False charge of offence made with intent to injure) corresponds to BNS Section 248 (False charge of offence made with intent to injure).,248,BNS,concordance_v1_internal,ipc_211,data/02_ground_truth/concordance_v1.csv,data/02_ground_truth/concordance_v1.csv,2025,transition,A_ipc_bns_direct,renumbered,211,248,concordance_v1.csv + india_code,concordance_v1.csv row ipc_section=211,True,2026-09-04,True,template_expansion_from_concordance_row,
P7_0397,What is the BNS 2023 equivalent of IPC Section 211?,"Under BNS 2023, IPC Section 211 (False charge of offence made with intent to injure) has been renumbered/replaced by Section 248 (False charge of offence made with intent to injure).",248,BNS,concordance_v1_internal,ipc_211,data/02_ground_truth/concordance_v1.csv,data/02_ground_truth/concordance_v1.csv,2025,transition,A_ipc_bns_direct,renumbered,211,248,concordance_v1.csv + india_code,concordance_v1.csv row ipc_section=211,True,2026-09-04,True,template_expansion_from_concordance_row,
P7_0398,"Under the Bharatiya Nyaya Sanhita 2023, which provision replaced IPC Section 211?",IPC Section 211 was replaced by BNS Section 248 (False charge of offence made with intent to injure) with effect from 1 July 2024.,248,BNS,concordance_v1_internal,ipc_211,data/02_ground_truth/concordance_v1.csv,data/02_ground_truth/concordance_v1.csv,2025,transition,A_ipc_bns_direct,renumbered,211,248,concordance_v1.csv + india_code,concordance_v1.csv row ipc_section=211,True,2026-09-04,True,template_expansion_from_concordance_row,
P7_0399,What is the current BNS provision dealing with false charge of offence made with intent to injure?,The current provision dealing with false charge of offence made with intent to injure is BNS Section 248 (False charge of offence made with intent to injure).,248,BNS,concordance_v1_internal,ipc_211,data/02_ground_truth/concordance_v1.csv,data/02_ground_truth/concordance_v1.csv,2025,punishment_lookup,A_ipc_bns_direct,renumbered,211,248,concordance_v1.csv + india_code,concordance_v1.csv row ipc_section=211,True,2026-09-04,True,template_expansion_current_law,
P7_0400,"Under current Indian criminal law, which section covers false charge of offence made with intent to injure?","Under BNS 2023 (effective 1 July 2024), false charge of offence made with intent to injure is governed by Section 248 (False charge of offence made with intent to injure).",248,BNS,concordance_v1_internal,ipc_211,data/02_ground_truth/concordance_v1.csv,data/02_ground_truth/concordance_v1.csv,2025,punishment_lookup,A_ipc_bns_direct,renumbered,211,248,concordance_v1.csv + india_code,concordance_v1.csv row ipc_section=211,True,2026-09-04,True,template_expansion_current_law,
P7_0401,Which IPC section did BNS Section 248 replace?,BNS Section 248 (False charge of offence made with intent to injure) replaced IPC Section 211 (False charge of offence made with intent to injure).,211,IPC,concordance_v1_internal,bns_248,data/02_ground_truth/concordance_v1.csv,data/02_ground_truth/concordance_v1.csv,2025,reverse_lookup,A_ipc_bns_direct,renumbered,211,248,concordance_v1.csv + india_code,concordance_v1.csv row ipc_section=211,True,2026-09-04,True,template_expansion_reverse_lookup,
P7_0402,What was the old IPC provision corresponding to BNS Section 248?,BNS Section 248 (False charge of offence made with intent to injure) was enacted to replace IPC Section 211 (False charge of offence made with intent to injure).,211,IPC,concordance_v1_internal,bns_248,data/02_ground_truth/concordance_v1.csv,data/02_ground_truth/concordance_v1.csv,2025,reverse_lookup,A_ipc_bns_direct,renumbered,211,248,concordance_v1.csv + india_code,concordance_v1.csv row ipc_section=211,True,2026-09-04,True,template_expansion_reverse_lookup,
P7_0403,Which section in BNS 2023 corresponds to IPC Section 224?,IPC Section 224 (Resistance or obstruction by a person to his lawful apprehension) corresponds to BNS Section 260 (Resistance or obstruction by person to his lawful apprehension).,260,BNS,concordance_v1_internal,ipc_224,data/02_ground_truth/concordance_v1.csv,data/02_ground_truth/concordance_v1.csv,2025,transition,A_ipc_bns_direct,renumbered,224,260,concordance_v1.csv + india_code,concordance_v1.csv row ipc_section=224,True,2026-09-04,True,template_expansion_from_concordance_row,
P7_0404,What is the BNS 2023 equivalent of IPC Section 224?,"Under BNS 2023, IPC Section 224 (Resistance or obstruction by a person to his lawful apprehension) has been renumbered/replaced by Section 260 (Resistance or obstruction by person to his lawful apprehension).",260,BNS,concordance_v1_internal,ipc_224,data/02_ground_truth/concordance_v1.csv,data/02_ground_truth/concordance_v1.csv,2025,transition,A_ipc_bns_direct,renumbered,224,260,concordance_v1.csv + india_code,concordance_v1.csv row ipc_section=224,True,2026-09-04,True,template_expansion_from_concordance_row,
P7_0405,"Under the Bharatiya Nyaya Sanhita 2023, which provision replaced IPC Section 224?",IPC Section 224 was replaced by BNS Section 260 (Resistance or obstruction by person to his lawful apprehension) with effect from 1 July 2024.,260,BNS,concordance_v1_internal,ipc_224,data/02_ground_truth/concordance_v1.csv,data/02_ground_truth/concordance_v1.csv,2025,transition,A_ipc_bns_direct,renumbered,224,260,concordance_v1.csv + india_code,concordance_v1.csv row ipc_section=224,True,2026-09-04,True,template_expansion_from_concordance_row,
P7_0406,What is the current BNS provision dealing with resistance or obstruction by a person to his lawful apprehension?,The current provision dealing with resistance or obstruction by a person to his lawful apprehension is BNS Section 260 (Resistance or obstruction by person to his lawful apprehension).,260,BNS,concordance_v1_internal,ipc_224,data/02_ground_truth/concordance_v1.csv,data/02_ground_truth/concordance_v1.csv,2025,punishment_lookup,A_ipc_bns_direct,renumbered,224,260,concordance_v1.csv + india_code,concordance_v1.csv row ipc_section=224,True,2026-09-04,True,template_expansion_current_law,
P7_0407,"Under current Indian criminal law, which section covers resistance or obstruction by a person to his lawful apprehension?","Under BNS 2023 (effective 1 July 2024), resistance or obstruction by a person to his lawful apprehension is governed by Section 260 (Resistance or obstruction by person to his lawful apprehension).",260,BNS,concordance_v1_internal,ipc_224,data/02_ground_truth/concordance_v1.csv,data/02_ground_truth/concordance_v1.csv,2025,punishment_lookup,A_ipc_bns_direct,renumbered,224,260,concordance_v1.csv + india_code,concordance_v1.csv row ipc_section=224,True,2026-09-04,True,template_expansion_current_law,
P7_0408,Which IPC section did BNS Section 260 replace?,BNS Section 260 (Resistance or obstruction by person to his lawful apprehension) replaced IPC Section 224 (Resistance or obstruction by a person to his lawful apprehension).,224,IPC,concordance_v1_internal,bns_260,data/02_ground_truth/concordance_v1.csv,data/02_ground_truth/concordance_v1.csv,2025,reverse_lookup,A_ipc_bns_direct,renumbered,224,260,concordance_v1.csv + india_code,concordance_v1.csv row ipc_section=224,True,2026-09-04,True,template_expansion_reverse_lookup,
P7_0409,What was the old IPC provision corresponding to BNS Section 260?,BNS Section 260 (Resistance or obstruction by person to his lawful apprehension) was enacted to replace IPC Section 224 (Resistance or obstruction by a person to his lawful apprehension).,224,IPC,concordance_v1_internal,bns_260,data/02_ground_truth/concordance_v1.csv,data/02_ground_truth/concordance_v1.csv,2025,reverse_lookup,A_ipc_bns_direct,renumbered,224,260,concordance_v1.csv + india_code,concordance_v1.csv row ipc_section=224,True,2026-09-04,True,template_expansion_reverse_lookup,
P7_0410,Which section in BNS 2023 corresponds to IPC Section 228?,IPC Section 228 (Intentional insult or interruption to public servant sitting in judicial proceeding) corresponds to BNS Section 264 (Intentional insult or interruption to public servant sitting in judicial proceeding).,264,BNS,concordance_v1_internal,ipc_228,data/02_ground_truth/concordance_v1.csv,data/02_ground_truth/concordance_v1.csv,2025,transition,A_ipc_bns_direct,renumbered,228,264,concordance_v1.csv + india_code,concordance_v1.csv row ipc_section=228,True,2026-09-04,True,template_expansion_from_concordance_row,
P7_0411,What is the BNS 2023 equivalent of IPC Section 228?,"Under BNS 2023, IPC Section 228 (Intentional insult or interruption to public servant sitting in judicial proceeding) has been renumbered/replaced by Section 264 (Intentional insult or interruption to public servant sitting in judicial proceeding).",264,BNS,concordance_v1_internal,ipc_228,data/02_ground_truth/concordance_v1.csv,data/02_ground_truth/concordance_v1.csv,2025,transition,A_ipc_bns_direct,renumbered,228,264,concordance_v1.csv + india_code,concordance_v1.csv row ipc_section=228,True,2026-09-04,True,template_expansion_from_concordance_row,
P7_0412,"Under the Bharatiya Nyaya Sanhita 2023, which provision replaced IPC Section 228?",IPC Section 228 was replaced by BNS Section 264 (Intentional insult or interruption to public servant sitting in judicial proceeding) with effect from 1 July 2024.,264,BNS,concordance_v1_internal,ipc_228,data/02_ground_truth/concordance_v1.csv,data/02_ground_truth/concordance_v1.csv,2025,transition,A_ipc_bns_direct,renumbered,228,264,concordance_v1.csv + india_code,concordance_v1.csv row ipc_section=228,True,2026-09-04,True,template_expansion_from_concordance_row,
P7_0413,What is the current BNS provision dealing with intentional insult or interruption to public servant sitting in judicial proceeding?,The current provision dealing with intentional insult or interruption to public servant sitting in judicial proceeding is BNS Section 264 (Intentional insult or interruption to public servant sitting in judicial proceeding).,264,BNS,concordance_v1_internal,ipc_228,data/02_ground_truth/concordance_v1.csv,data/02_ground_truth/concordance_v1.csv,2025,punishment_lookup,A_ipc_bns_direct,renumbered,228,264,concordance_v1.csv + india_code,concordance_v1.csv row ipc_section=228,True,2026-09-04,True,template_expansion_current_law,
P7_0414,"Under current Indian criminal law, which section covers intentional insult or interruption to public servant sitting in judicial proceeding?","Under BNS 2023 (effective 1 July 2024), intentional insult or interruption to public servant sitting in judicial proceeding is governed by Section 264 (Intentional insult or interruption to public servant sitting in judicial proceeding).",264,BNS,concordance_v1_internal,ipc_228,data/02_ground_truth/concordance_v1.csv,data/02_ground_truth/concordance_v1.csv,2025,punishment_lookup,A_ipc_bns_direct,renumbered,228,264,concordance_v1.csv + india_code,concordance_v1.csv row ipc_section=228,True,2026-09-04,True,template_expansion_current_law,
P7_0415,Which IPC section did BNS Section 264 replace?,BNS Section 264 (Intentional insult or interruption to public servant sitting in judicial proceeding) replaced IPC Section 228 (Intentional insult or interruption to public servant sitting in judicial proceeding).,228,IPC,concordance_v1_internal,bns_264,data/02_ground_truth/concordance_v1.csv,data/02_ground_truth/concordance_v1.csv,2025,reverse_lookup,A_ipc_bns_direct,renumbered,228,264,concordance_v1.csv + india_code,concordance_v1.csv row ipc_section=228,True,2026-09-04,True,template_expansion_reverse_lookup,
P7_0416,What was the old IPC provision corresponding to BNS Section 264?,BNS Section 264 (Intentional insult or interruption to public servant sitting in judicial proceeding) was enacted to replace IPC Section 228 (Intentional insult or interruption to public servant sitting in judicial proceeding).,228,IPC,concordance_v1_internal,bns_264,data/02_ground_truth/concordance_v1.csv,data/02_ground_truth/concordance_v1.csv,2025,reverse_lookup,A_ipc_bns_direct,renumbered,228,264,concordance_v1.csv + india_code,concordance_v1.csv row ipc_section=228,True,2026-09-04,True,template_expansion_reverse_lookup,
P7_0417,Which section in BNS 2023 corresponds to IPC Section 268?,IPC Section 268 (Public nuisance) corresponds to BNS Section 271 (Public nuisance).,271,BNS,concordance_v1_internal,ipc_268,data/02_ground_truth/concordance_v1.csv,data/02_ground_truth/concordance_v1.csv,2025,transition,A_ipc_bns_direct,renumbered,268,271,concordance_v1.csv + india_code,concordance_v1.csv row ipc_section=268,True,2026-09-04,True,template_expansion_from_concordance_row,
P7_0418,What is the BNS 2023 equivalent of IPC Section 268?,"Under BNS 2023, IPC Section 268 (Public nuisance) has been renumbered/replaced by Section 271 (Public nuisance).",271,BNS,concordance_v1_internal,ipc_268,data/02_ground_truth/concordance_v1.csv,data/02_ground_truth/concordance_v1.csv,2025,transition,A_ipc_bns_direct,renumbered,268,271,concordance_v1.csv + india_code,concordance_v1.csv row ipc_section=268,True,2026-09-04,True,template_expansion_from_concordance_row,
P7_0419,"Under the Bharatiya Nyaya Sanhita 2023, which provision replaced IPC Section 268?",IPC Section 268 was replaced by BNS Section 271 (Public nuisance) with effect from 1 July 2024.,271,BNS,concordance_v1_internal,ipc_268,data/02_ground_truth/concordance_v1.csv,data/02_ground_truth/concordance_v1.csv,2025,transition,A_ipc_bns_direct,renumbered,268,271,concordance_v1.csv + india_code,concordance_v1.csv row ipc_section=268,True,2026-09-04,True,template_expansion_from_concordance_row,
P7_0420,What is the current BNS provision dealing with public nuisance?,The current provision dealing with public nuisance is BNS Section 271 (Public nuisance).,271,BNS,concordance_v1_internal,ipc_268,data/02_ground_truth/concordance_v1.csv,data/02_ground_truth/concordance_v1.csv,2025,punishment_lookup,A_ipc_bns_direct,renumbered,268,271,concordance_v1.csv + india_code,concordance_v1.csv row ipc_section=268,True,2026-09-04,True,template_expansion_current_law,
P7_0421,"Under current Indian criminal law, which section covers public nuisance?","Under BNS 2023 (effective 1 July 2024), public nuisance is governed by Section 271 (Public nuisance).",271,BNS,concordance_v1_internal,ipc_268,data/02_ground_truth/concordance_v1.csv,data/02_ground_truth/concordance_v1.csv,2025,punishment_lookup,A_ipc_bns_direct,renumbered,268,271,concordance_v1.csv + india_code,concordance_v1.csv row ipc_section=268,True,2026-09-04,True,template_expansion_current_law,
P7_0422,Which IPC section did BNS Section 271 replace?,BNS Section 271 (Public nuisance) replaced IPC Section 268 (Public nuisance).,268,IPC,concordance_v1_internal,bns_271,data/02_ground_truth/concordance_v1.csv,data/02_ground_truth/concordance_v1.csv,2025,reverse_lookup,A_ipc_bns_direct,renumbered,268,271,concordance_v1.csv + india_code,concordance_v1.csv row ipc_section=268,True,2026-09-04,True,template_expansion_reverse_lookup,
P7_0423,What was the old IPC provision corresponding to BNS Section 271?,BNS Section 271 (Public nuisance) was enacted to replace IPC Section 268 (Public nuisance).,268,IPC,concordance_v1_internal,bns_271,data/02_ground_truth/concordance_v1.csv,data/02_ground_truth/concordance_v1.csv,2025,reverse_lookup,A_ipc_bns_direct,renumbered,268,271,concordance_v1.csv + india_code,concordance_v1.csv row ipc_section=268,True,2026-09-04,True,template_expansion_reverse_lookup,
P7_0424,Which section in BNS 2023 corresponds to IPC Section 269?,IPC Section 269 (Negligent act likely to spread infection of disease dangerous to life) corresponds to BNS Section 272 (Negligent act likely to spread infection of disease dangerous to life).,272,BNS,concordance_v1_internal,ipc_269,data/02_ground_truth/concordance_v1.csv,data/02_ground_truth/concordance_v1.csv,2025,transition,A_ipc_bns_direct,renumbered,269,272,concordance_v1.csv + india_code,concordance_v1.csv row ipc_section=269,True,2026-09-04,True,template_expansion_from_concordance_row,
P7_0425,What is the BNS 2023 equivalent of IPC Section 269?,"Under BNS 2023, IPC Section 269 (Negligent act likely to spread infection of disease dangerous to life) has been renumbered/replaced by Section 272 (Negligent act likely to spread infection of disease dangerous to life).",272,BNS,concordance_v1_internal,ipc_269,data/02_ground_truth/concordance_v1.csv,data/02_ground_truth/concordance_v1.csv,2025,transition,A_ipc_bns_direct,renumbered,269,272,concordance_v1.csv + india_code,concordance_v1.csv row ipc_section=269,True,2026-09-04,True,template_expansion_from_concordance_row,
P7_0426,"Under the Bharatiya Nyaya Sanhita 2023, which provision replaced IPC Section 269?",IPC Section 269 was replaced by BNS Section 272 (Negligent act likely to spread infection of disease dangerous to life) with effect from 1 July 2024.,272,BNS,concordance_v1_internal,ipc_269,data/02_ground_truth/concordance_v1.csv,data/02_ground_truth/concordance_v1.csv,2025,transition,A_ipc_bns_direct,renumbered,269,272,concordance_v1.csv + india_code,concordance_v1.csv row ipc_section=269,True,2026-09-04,True,template_expansion_from_concordance_row,
P7_0427,What is the current BNS provision dealing with negligent act likely to spread infection of disease dangerous to life?,The current provision dealing with negligent act likely to spread infection of disease dangerous to life is BNS Section 272 (Negligent act likely to spread infection of disease dangerous to life).,272,BNS,concordance_v1_internal,ipc_269,data/02_ground_truth/concordance_v1.csv,data/02_ground_truth/concordance_v1.csv,2025,punishment_lookup,A_ipc_bns_direct,renumbered,269,272,concordance_v1.csv + india_code,concordance_v1.csv row ipc_section=269,True,2026-09-04,True,template_expansion_current_law,
P7_0428,"Under current Indian criminal law, which section covers negligent act likely to spread infection of disease dangerous to life?","Under BNS 2023 (effective 1 July 2024), negligent act likely to spread infection of disease dangerous to life is governed by Section 272 (Negligent act likely to spread infection of disease dangerous to life).",272,BNS,concordance_v1_internal,ipc_269,data/02_ground_truth/concordance_v1.csv,data/02_ground_truth/concordance_v1.csv,2025,punishment_lookup,A_ipc_bns_direct,renumbered,269,272,concordance_v1.csv + india_code,concordance_v1.csv row ipc_section=269,True,2026-09-04,True,template_expansion_current_law,
P7_0429,Which IPC section did BNS Section 272 replace?,BNS Section 272 (Negligent act likely to spread infection of disease dangerous to life) replaced IPC Section 269 (Negligent act likely to spread infection of disease dangerous to life).,269,IPC,concordance_v1_internal,bns_272,data/02_ground_truth/concordance_v1.csv,data/02_ground_truth/concordance_v1.csv,2025,reverse_lookup,A_ipc_bns_direct,renumbered,269,272,concordance_v1.csv + india_code,concordance_v1.csv row ipc_section=269,True,2026-09-04,True,template_expansion_reverse_lookup,
P7_0430,What was the old IPC provision corresponding to BNS Section 272?,BNS Section 272 (Negligent act likely to spread infection of disease dangerous to life) was enacted to replace IPC Section 269 (Negligent act likely to spread infection of disease dangerous to life).,269,IPC,concordance_v1_internal,bns_272,data/02_ground_truth/concordance_v1.csv,data/02_ground_truth/concordance_v1.csv,2025,reverse_lookup,A_ipc_bns_direct,renumbered,269,272,concordance_v1.csv + india_code,concordance_v1.csv row ipc_section=269,True,2026-09-04,True,template_expansion_reverse_lookup,
P7_0431,Which section in BNS 2023 corresponds to IPC Section 270?,IPC Section 270 (Malignant act likely to spread infection of disease dangerous to life) corresponds to BNS Section 273 (Malignant act likely to spread infection of disease dangerous to life).,273,BNS,concordance_v1_internal,ipc_270,data/02_ground_truth/concordance_v1.csv,data/02_ground_truth/concordance_v1.csv,2025,transition,A_ipc_bns_direct,renumbered,270,273,concordance_v1.csv + india_code,concordance_v1.csv row ipc_section=270,True,2026-09-04,True,template_expansion_from_concordance_row,
P7_0432,What is the BNS 2023 equivalent of IPC Section 270?,"Under BNS 2023, IPC Section 270 (Malignant act likely to spread infection of disease dangerous to life) has been renumbered/replaced by Section 273 (Malignant act likely to spread infection of disease dangerous to life).",273,BNS,concordance_v1_internal,ipc_270,data/02_ground_truth/concordance_v1.csv,data/02_ground_truth/concordance_v1.csv,2025,transition,A_ipc_bns_direct,renumbered,270,273,concordance_v1.csv + india_code,concordance_v1.csv row ipc_section=270,True,2026-09-04,True,template_expansion_from_concordance_row,
P7_0433,"Under the Bharatiya Nyaya Sanhita 2023, which provision replaced IPC Section 270?",IPC Section 270 was replaced by BNS Section 273 (Malignant act likely to spread infection of disease dangerous to life) with effect from 1 July 2024.,273,BNS,concordance_v1_internal,ipc_270,data/02_ground_truth/concordance_v1.csv,data/02_ground_truth/concordance_v1.csv,2025,transition,A_ipc_bns_direct,renumbered,270,273,concordance_v1.csv + india_code,concordance_v1.csv row ipc_section=270,True,2026-09-04,True,template_expansion_from_concordance_row,
P7_0434,What is the current BNS provision dealing with malignant act likely to spread infection of disease dangerous to life?,The current provision dealing with malignant act likely to spread infection of disease dangerous to life is BNS Section 273 (Malignant act likely to spread infection of disease dangerous to life).,273,BNS,concordance_v1_internal,ipc_270,data/02_ground_truth/concordance_v1.csv,data/02_ground_truth/concordance_v1.csv,2025,punishment_lookup,A_ipc_bns_direct,renumbered,270,273,concordance_v1.csv + india_code,concordance_v1.csv row ipc_section=270,True,2026-09-04,True,template_expansion_current_law,
P7_0435,"Under current Indian criminal law, which section covers malignant act likely to spread infection of disease dangerous to life?","Under BNS 2023 (effective 1 July 2024), malignant act likely to spread infection of disease dangerous to life is governed by Section 273 (Malignant act likely to spread infection of disease dangerous to life).",273,BNS,concordance_v1_internal,ipc_270,data/02_ground_truth/concordance_v1.csv,data/02_ground_truth/concordance_v1.csv,2025,punishment_lookup,A_ipc_bns_direct,renumbered,270,273,concordance_v1.csv + india_code,concordance_v1.csv row ipc_section=270,True,2026-09-04,True,template_expansion_current_law,
P7_0436,Which IPC section did BNS Section 273 replace?,BNS Section 273 (Malignant act likely to spread infection of disease dangerous to life) replaced IPC Section 270 (Malignant act likely to spread infection of disease dangerous to life).,270,IPC,concordance_v1_internal,bns_273,data/02_ground_truth/concordance_v1.csv,data/02_ground_truth/concordance_v1.csv,2025,reverse_lookup,A_ipc_bns_direct,renumbered,270,273,concordance_v1.csv + india_code,concordance_v1.csv row ipc_section=270,True,2026-09-04,True,template_expansion_reverse_lookup,
P7_0437,What was the old IPC provision corresponding to BNS Section 273?,BNS Section 273 (Malignant act likely to spread infection of disease dangerous to life) was enacted to replace IPC Section 270 (Malignant act likely to spread infection of disease dangerous to life).,270,IPC,concordance_v1_internal,bns_273,data/02_ground_truth/concordance_v1.csv,data/02_ground_truth/concordance_v1.csv,2025,reverse_lookup,A_ipc_bns_direct,renumbered,270,273,concordance_v1.csv + india_code,concordance_v1.csv row ipc_section=270,True,2026-09-04,True,template_expansion_reverse_lookup,
P7_0438,Which section in BNS 2023 corresponds to IPC Section 279?,IPC Section 279 (Rash driving or riding on a public way) corresponds to BNS Section 281 (Rash driving or riding on a public way).,281,BNS,concordance_v1_internal,ipc_279,data/02_ground_truth/concordance_v1.csv,data/02_ground_truth/concordance_v1.csv,2025,transition,A_ipc_bns_direct,renumbered,279,281,concordance_v1.csv + india_code,concordance_v1.csv row ipc_section=279,True,2026-09-04,True,template_expansion_from_concordance_row,
P7_0439,What is the BNS 2023 equivalent of IPC Section 279?,"Under BNS 2023, IPC Section 279 (Rash driving or riding on a public way) has been renumbered/replaced by Section 281 (Rash driving or riding on a public way).",281,BNS,concordance_v1_internal,ipc_279,data/02_ground_truth/concordance_v1.csv,data/02_ground_truth/concordance_v1.csv,2025,transition,A_ipc_bns_direct,renumbered,279,281,concordance_v1.csv + india_code,concordance_v1.csv row ipc_section=279,True,2026-09-04,True,template_expansion_from_concordance_row,
P7_0440,"Under the Bharatiya Nyaya Sanhita 2023, which provision replaced IPC Section 279?",IPC Section 279 was replaced by BNS Section 281 (Rash driving or riding on a public way) with effect from 1 July 2024.,281,BNS,concordance_v1_internal,ipc_279,data/02_ground_truth/concordance_v1.csv,data/02_ground_truth/concordance_v1.csv,2025,transition,A_ipc_bns_direct,renumbered,279,281,concordance_v1.csv + india_code,concordance_v1.csv row ipc_section=279,True,2026-09-04,True,template_expansion_from_concordance_row,
P7_0441,What is the current BNS provision dealing with rash driving or riding on a public way?,The current provision dealing with rash driving or riding on a public way is BNS Section 281 (Rash driving or riding on a public way).,281,BNS,concordance_v1_internal,ipc_279,data/02_ground_truth/concordance_v1.csv,data/02_ground_truth/concordance_v1.csv,2025,punishment_lookup,A_ipc_bns_direct,renumbered,279,281,concordance_v1.csv + india_code,concordance_v1.csv row ipc_section=279,True,2026-09-04,True,template_expansion_current_law,
P7_0442,"Under current Indian criminal law, which section covers rash driving or riding on a public way?","Under BNS 2023 (effective 1 July 2024), rash driving or riding on a public way is governed by Section 281 (Rash driving or riding on a public way).",281,BNS,concordance_v1_internal,ipc_279,data/02_ground_truth/concordance_v1.csv,data/02_ground_truth/concordance_v1.csv,2025,punishment_lookup,A_ipc_bns_direct,renumbered,279,281,concordance_v1.csv + india_code,concordance_v1.csv row ipc_section=279,True,2026-09-04,True,template_expansion_current_law,
P7_0443,Which IPC section did BNS Section 281 replace?,BNS Section 281 (Rash driving or riding on a public way) replaced IPC Section 279 (Rash driving or riding on a public way).,279,IPC,concordance_v1_internal,bns_281,data/02_ground_truth/concordance_v1.csv,data/02_ground_truth/concordance_v1.csv,2025,reverse_lookup,A_ipc_bns_direct,renumbered,279,281,concordance_v1.csv + india_code,concordance_v1.csv row ipc_section=279,True,2026-09-04,True,template_expansion_reverse_lookup,
P7_0444,What was the old IPC provision corresponding to BNS Section 281?,BNS Section 281 (Rash driving or riding on a public way) was enacted to replace IPC Section 279 (Rash driving or riding on a public way).,279,IPC,concordance_v1_internal,bns_281,data/02_ground_truth/concordance_v1.csv,data/02_ground_truth/concordance_v1.csv,2025,reverse_lookup,A_ipc_bns_direct,renumbered,279,281,concordance_v1.csv + india_code,concordance_v1.csv row ipc_section=279,True,2026-09-04,True,template_expansion_reverse_lookup,
P7_0445,Which section in BNS 2023 corresponds to IPC Section 292?,IPC Section 292 (Sale etc of obscene books) corresponds to BNS Section 294 (Sale etc of obscene material). Note: Expanded to cover digital/electronic obscene material,294,BNS,concordance_v1_internal,ipc_292,data/02_ground_truth/concordance_v1.csv,data/02_ground_truth/concordance_v1.csv,2025,transition,A_ipc_bns_direct,modified,292,294,concordance_v1.csv + india_code,concordance_v1.csv row ipc_section=292,True,2026-09-04,True,template_expansion_from_concordance_row,
P7_0446,What is the BNS 2023 equivalent of IPC Section 292?,"Under BNS 2023, IPC Section 292 (Sale etc of obscene books) has been renumbered/replaced by Section 294 (Sale etc of obscene material). Note: Expanded to cover digital/electronic obscene material",294,BNS,concordance_v1_internal,ipc_292,data/02_ground_truth/concordance_v1.csv,data/02_ground_truth/concordance_v1.csv,2025,transition,A_ipc_bns_direct,modified,292,294,concordance_v1.csv + india_code,concordance_v1.csv row ipc_section=292,True,2026-09-04,True,template_expansion_from_concordance_row,
P7_0447,"Under the Bharatiya Nyaya Sanhita 2023, which provision replaced IPC Section 292?",IPC Section 292 was replaced by BNS Section 294 (Sale etc of obscene material) with effect from 1 July 2024. Note: Expanded to cover digital/electronic obscene material,294,BNS,concordance_v1_internal,ipc_292,data/02_ground_truth/concordance_v1.csv,data/02_ground_truth/concordance_v1.csv,2025,transition,A_ipc_bns_direct,modified,292,294,concordance_v1.csv + india_code,concordance_v1.csv row ipc_section=292,True,2026-09-04,True,template_expansion_from_concordance_row,
P7_0448,What is the current BNS provision dealing with sale etc of obscene books?,The current provision dealing with sale etc of obscene books is BNS Section 294 (Sale etc of obscene material).,294,BNS,concordance_v1_internal,ipc_292,data/02_ground_truth/concordance_v1.csv,data/02_ground_truth/concordance_v1.csv,2025,punishment_lookup,A_ipc_bns_direct,modified,292,294,concordance_v1.csv + india_code,concordance_v1.csv row ipc_section=292,True,2026-09-04,True,template_expansion_current_law,
P7_0449,"Under current Indian criminal law, which section covers sale etc of obscene books?","Under BNS 2023 (effective 1 July 2024), sale etc of obscene books is governed by Section 294 (Sale etc of obscene material).",294,BNS,concordance_v1_internal,ipc_292,data/02_ground_truth/concordance_v1.csv,data/02_ground_truth/concordance_v1.csv,2025,punishment_lookup,A_ipc_bns_direct,modified,292,294,concordance_v1.csv + india_code,concordance_v1.csv row ipc_section=292,True,2026-09-04,True,template_expansion_current_law,
P7_0450,Which IPC section did BNS Section 294 replace?,BNS Section 294 (Sale etc of obscene material) replaced IPC Section 292 (Sale etc of obscene books).,292,IPC,concordance_v1_internal,bns_294,data/02_ground_truth/concordance_v1.csv,data/02_ground_truth/concordance_v1.csv,2025,reverse_lookup,A_ipc_bns_direct,modified,292,294,concordance_v1.csv + india_code,concordance_v1.csv row ipc_section=292,True,2026-09-04,True,template_expansion_reverse_lookup,
P7_0451,What was the old IPC provision corresponding to BNS Section 294?,BNS Section 294 (Sale etc of obscene material) was enacted to replace IPC Section 292 (Sale etc of obscene books).,292,IPC,concordance_v1_internal,bns_294,data/02_ground_truth/concordance_v1.csv,data/02_ground_truth/concordance_v1.csv,2025,reverse_lookup,A_ipc_bns_direct,modified,292,294,concordance_v1.csv + india_code,concordance_v1.csv row ipc_section=292,True,2026-09-04,True,template_expansion_reverse_lookup,
P7_0452,Which section in BNS 2023 corresponds to IPC Section 295A?,IPC Section 295A (Deliberate and malicious acts intended to outrage religious feelings) corresponds to BNS Section 299 (Deliberate and malicious acts intended to outrage religious feelings).,299,BNS,concordance_v1_internal,ipc_295A,data/02_ground_truth/concordance_v1.csv,data/02_ground_truth/concordance_v1.csv,2025,transition,A_ipc_bns_direct,renumbered,295A,299,concordance_v1.csv + india_code,concordance_v1.csv row ipc_section=295A,True,2026-09-04,True,template_expansion_from_concordance_row,
P7_0453,What is the BNS 2023 equivalent of IPC Section 295A?,"Under BNS 2023, IPC Section 295A (Deliberate and malicious acts intended to outrage religious feelings) has been renumbered/replaced by Section 299 (Deliberate and malicious acts intended to outrage religious feelings).",299,BNS,concordance_v1_internal,ipc_295A,data/02_ground_truth/concordance_v1.csv,data/02_ground_truth/concordance_v1.csv,2025,transition,A_ipc_bns_direct,renumbered,295A,299,concordance_v1.csv + india_code,concordance_v1.csv row ipc_section=295A,True,2026-09-04,True,template_expansion_from_concordance_row,
P7_0454,"Under the Bharatiya Nyaya Sanhita 2023, which provision replaced IPC Section 295A?",IPC Section 295A was replaced by BNS Section 299 (Deliberate and malicious acts intended to outrage religious feelings) with effect from 1 July 2024.,299,BNS,concordance_v1_internal,ipc_295A,data/02_ground_truth/concordance_v1.csv,data/02_ground_truth/concordance_v1.csv,2025,transition,A_ipc_bns_direct,renumbered,295A,299,concordance_v1.csv + india_code,concordance_v1.csv row ipc_section=295A,True,2026-09-04,True,template_expansion_from_concordance_row,
P7_0455,What is the current BNS provision dealing with deliberate and malicious acts intended to outrage religious feelings?,The current provision dealing with deliberate and malicious acts intended to outrage religious feelings is BNS Section 299 (Deliberate and malicious acts intended to outrage religious feelings).,299,BNS,concordance_v1_internal,ipc_295A,data/02_ground_truth/concordance_v1.csv,data/02_ground_truth/concordance_v1.csv,2025,punishment_lookup,A_ipc_bns_direct,renumbered,295A,299,concordance_v1.csv + india_code,concordance_v1.csv row ipc_section=295A,True,2026-09-04,True,template_expansion_current_law,
P7_0456,"Under current Indian criminal law, which section covers deliberate and malicious acts intended to outrage religious feelings?","Under BNS 2023 (effective 1 July 2024), deliberate and malicious acts intended to outrage religious feelings is governed by Section 299 (Deliberate and malicious acts intended to outrage religious feelings).",299,BNS,concordance_v1_internal,ipc_295A,data/02_ground_truth/concordance_v1.csv,data/02_ground_truth/concordance_v1.csv,2025,punishment_lookup,A_ipc_bns_direct,renumbered,295A,299,concordance_v1.csv + india_code,concordance_v1.csv row ipc_section=295A,True,2026-09-04,True,template_expansion_current_law,
P7_0457,Which IPC section did BNS Section 299 replace?,BNS Section 299 (Deliberate and malicious acts intended to outrage religious feelings) replaced IPC Section 295A (Deliberate and malicious acts intended to outrage religious feelings).,295A,IPC,concordance_v1_internal,bns_299,data/02_ground_truth/concordance_v1.csv,data/02_ground_truth/concordance_v1.csv,2025,reverse_lookup,A_ipc_bns_direct,renumbered,295A,299,concordance_v1.csv + india_code,concordance_v1.csv row ipc_section=295A,True,2026-09-04,True,template_expansion_reverse_lookup,
P7_0458,What was the old IPC provision corresponding to BNS Section 299?,BNS Section 299 (Deliberate and malicious acts intended to outrage religious feelings) was enacted to replace IPC Section 295A (Deliberate and malicious acts intended to outrage religious feelings).,295A,IPC,concordance_v1_internal,bns_299,data/02_ground_truth/concordance_v1.csv,data/02_ground_truth/concordance_v1.csv,2025,reverse_lookup,A_ipc_bns_direct,renumbered,295A,299,concordance_v1.csv + india_code,concordance_v1.csv row ipc_section=295A,True,2026-09-04,True,template_expansion_reverse_lookup,
P7_0459,Which section in BNS 2023 corresponds to IPC Section 299?,IPC Section 299 (Culpable homicide) corresponds to BNS Section 100 (Culpable homicide). Note: Similar definition; BNS provides more detailed explanations,100,BNS,concordance_v1_internal,ipc_299,data/02_ground_truth/concordance_v1.csv,data/02_ground_truth/concordance_v1.csv,2025,transition,A_ipc_bns_direct,renumbered,299,100,concordance_v1.csv + india_code,concordance_v1.csv row ipc_section=299,True,2026-09-04,True,template_expansion_from_concordance_row,
P7_0460,What is the BNS 2023 equivalent of IPC Section 299?,"Under BNS 2023, IPC Section 299 (Culpable homicide) has been renumbered/replaced by Section 100 (Culpable homicide). Note: Similar definition; BNS provides more detailed explanations",100,BNS,concordance_v1_internal,ipc_299,data/02_ground_truth/concordance_v1.csv,data/02_ground_truth/concordance_v1.csv,2025,transition,A_ipc_bns_direct,renumbered,299,100,concordance_v1.csv + india_code,concordance_v1.csv row ipc_section=299,True,2026-09-04,True,template_expansion_from_concordance_row,
P7_0461,"Under the Bharatiya Nyaya Sanhita 2023, which provision replaced IPC Section 299?",IPC Section 299 was replaced by BNS Section 100 (Culpable homicide) with effect from 1 July 2024. Note: Similar definition; BNS provides more detailed explanations,100,BNS,concordance_v1_internal,ipc_299,data/02_ground_truth/concordance_v1.csv,data/02_ground_truth/concordance_v1.csv,2025,transition,A_ipc_bns_direct,renumbered,299,100,concordance_v1.csv + india_code,concordance_v1.csv row ipc_section=299,True,2026-09-04,True,template_expansion_from_concordance_row,
P7_0462,What is the current BNS provision dealing with culpable homicide?,The current provision dealing with culpable homicide is BNS Section 100 (Culpable homicide).,100,BNS,concordance_v1_internal,ipc_299,data/02_ground_truth/concordance_v1.csv,data/02_ground_truth/concordance_v1.csv,2025,punishment_lookup,A_ipc_bns_direct,renumbered,299,100,concordance_v1.csv + india_code,concordance_v1.csv row ipc_section=299,True,2026-09-04,True,template_expansion_current_law,
P7_0463,"Under current Indian criminal law, which section covers culpable homicide?","Under BNS 2023 (effective 1 July 2024), culpable homicide is governed by Section 100 (Culpable homicide).",100,BNS,concordance_v1_internal,ipc_299,data/02_ground_truth/concordance_v1.csv,data/02_ground_truth/concordance_v1.csv,2025,punishment_lookup,A_ipc_bns_direct,renumbered,299,100,concordance_v1.csv + india_code,concordance_v1.csv row ipc_section=299,True,2026-09-04,True,template_expansion_current_law,
P7_0464,Which IPC section did BNS Section 100 replace?,BNS Section 100 (Culpable homicide) replaced IPC Section 299 (Culpable homicide).,299,IPC,concordance_v1_internal,bns_100,data/02_ground_truth/concordance_v1.csv,data/02_ground_truth/concordance_v1.csv,2025,reverse_lookup,A_ipc_bns_direct,renumbered,299,100,concordance_v1.csv + india_code,concordance_v1.csv row ipc_section=299,True,2026-09-04,True,template_expansion_reverse_lookup,
P7_0465,What was the old IPC provision corresponding to BNS Section 100?,BNS Section 100 (Culpable homicide) was enacted to replace IPC Section 299 (Culpable homicide).,299,IPC,concordance_v1_internal,bns_100,data/02_ground_truth/concordance_v1.csv,data/02_ground_truth/concordance_v1.csv,2025,reverse_lookup,A_ipc_bns_direct,renumbered,299,100,concordance_v1.csv + india_code,concordance_v1.csv row ipc_section=299,True,2026-09-04,True,template_expansion_reverse_lookup,
P7_0466,Which section in BNS 2023 corresponds to IPC Section 300?,IPC Section 300 (Murder) corresponds to BNS Section 101 (Murder).,101,BNS,concordance_v1_internal,ipc_300,data/02_ground_truth/concordance_v1.csv,data/02_ground_truth/concordance_v1.csv,2025,transition,A_ipc_bns_direct,renumbered,300,101,concordance_v1.csv + india_code,concordance_v1.csv row ipc_section=300,True,2026-09-04,True,template_expansion_from_concordance_row,
P7_0467,What is the BNS 2023 equivalent of IPC Section 300?,"Under BNS 2023, IPC Section 300 (Murder) has been renumbered/replaced by Section 101 (Murder).",101,BNS,concordance_v1_internal,ipc_300,data/02_ground_truth/concordance_v1.csv,data/02_ground_truth/concordance_v1.csv,2025,transition,A_ipc_bns_direct,renumbered,300,101,concordance_v1.csv + india_code,concordance_v1.csv row ipc_section=300,True,2026-09-04,True,template_expansion_from_concordance_row,
P7_0468,"Under the Bharatiya Nyaya Sanhita 2023, which provision replaced IPC Section 300?",IPC Section 300 was replaced by BNS Section 101 (Murder) with effect from 1 July 2024.,101,BNS,concordance_v1_internal,ipc_300,data/02_ground_truth/concordance_v1.csv,data/02_ground_truth/concordance_v1.csv,2025,transition,A_ipc_bns_direct,renumbered,300,101,concordance_v1.csv + india_code,concordance_v1.csv row ipc_section=300,True,2026-09-04,True,template_expansion_from_concordance_row,
P7_0469,What is the current BNS provision dealing with murder?,The current provision dealing with murder is BNS Section 101 (Murder).,101,BNS,concordance_v1_internal,ipc_300,data/02_ground_truth/concordance_v1.csv,data/02_ground_truth/concordance_v1.csv,2025,punishment_lookup,A_ipc_bns_direct,renumbered,300,101,concordance_v1.csv + india_code,concordance_v1.csv row ipc_section=300,True,2026-09-04,True,template_expansion_current_law,
P7_0470,"Under current Indian criminal law, which section covers murder?","Under BNS 2023 (effective 1 July 2024), murder is governed by Section 101 (Murder).",101,BNS,concordance_v1_internal,ipc_300,data/02_ground_truth/concordance_v1.csv,data/02_ground_truth/concordance_v1.csv,2025,punishment_lookup,A_ipc_bns_direct,renumbered,300,101,concordance_v1.csv + india_code,concordance_v1.csv row ipc_section=300,True,2026-09-04,True,template_expansion_current_law,
P7_0471,Which IPC section did BNS Section 101 replace?,BNS Section 101 (Murder) replaced IPC Section 300 (Murder).,300,IPC,concordance_v1_internal,bns_101,data/02_ground_truth/concordance_v1.csv,data/02_ground_truth/concordance_v1.csv,2025,reverse_lookup,A_ipc_bns_direct,renumbered,300,101,concordance_v1.csv + india_code,concordance_v1.csv row ipc_section=300,True,2026-09-04,True,template_expansion_reverse_lookup,
P7_0472,What was the old IPC provision corresponding to BNS Section 101?,BNS Section 101 (Murder) was enacted to replace IPC Section 300 (Murder).,300,IPC,concordance_v1_internal,bns_101,data/02_ground_truth/concordance_v1.csv,data/02_ground_truth/concordance_v1.csv,2025,reverse_lookup,A_ipc_bns_direct,renumbered,300,101,concordance_v1.csv + india_code,concordance_v1.csv row ipc_section=300,True,2026-09-04,True,template_expansion_reverse_lookup,
P7_0473,Which section in BNS 2023 corresponds to IPC Section 301?,IPC Section 301 (Culpable homicide by causing death of person other than person whose death was intended) corresponds to BNS Section 102 (Culpable homicide by causing death of person other than person whose death was intended).,102,BNS,concordance_v1_internal,ipc_301,data/02_ground_truth/concordance_v1.csv,data/02_ground_truth/concordance_v1.csv,2025,transition,A_ipc_bns_direct,renumbered,301,102,concordance_v1.csv + india_code,concordance_v1.csv row ipc_section=301,True,2026-09-04,True,template_expansion_from_concordance_row,
P7_0474,What is the BNS 2023 equivalent of IPC Section 301?,"Under BNS 2023, IPC Section 301 (Culpable homicide by causing death of person other than person whose death was intended) has been renumbered/replaced by Section 102 (Culpable homicide by causing death of person other than person whose death was intended).",102,BNS,concordance_v1_internal,ipc_301,data/02_ground_truth/concordance_v1.csv,data/02_ground_truth/concordance_v1.csv,2025,transition,A_ipc_bns_direct,renumbered,301,102,concordance_v1.csv + india_code,concordance_v1.csv row ipc_section=301,True,2026-09-04,True,template_expansion_from_concordance_row,
P7_0475,"Under the Bharatiya Nyaya Sanhita 2023, which provision replaced IPC Section 301?",IPC Section 301 was replaced by BNS Section 102 (Culpable homicide by causing death of person other than person whose death was intended) with effect from 1 July 2024.,102,BNS,concordance_v1_internal,ipc_301,data/02_ground_truth/concordance_v1.csv,data/02_ground_truth/concordance_v1.csv,2025,transition,A_ipc_bns_direct,renumbered,301,102,concordance_v1.csv + india_code,concordance_v1.csv row ipc_section=301,True,2026-09-04,True,template_expansion_from_concordance_row,
P7_0476,What is the current BNS provision dealing with culpable homicide by causing death of person other than person whose death was intended?,The current provision dealing with culpable homicide by causing death of person other than person whose death was intended is BNS Section 102 (Culpable homicide by causing death of person other than person whose death was intended).,102,BNS,concordance_v1_internal,ipc_301,data/02_ground_truth/concordance_v1.csv,data/02_ground_truth/concordance_v1.csv,2025,punishment_lookup,A_ipc_bns_direct,renumbered,301,102,concordance_v1.csv + india_code,concordance_v1.csv row ipc_section=301,True,2026-09-04,True,template_expansion_current_law,
P7_0477,"Under current Indian criminal law, which section covers culpable homicide by causing death of person other than person whose death was intended?","Under BNS 2023 (effective 1 July 2024), culpable homicide by causing death of person other than person whose death was intended is governed by Section 102 (Culpable homicide by causing death of person other than person whose death was intended).",102,BNS,concordance_v1_internal,ipc_301,data/02_ground_truth/concordance_v1.csv,data/02_ground_truth/concordance_v1.csv,2025,punishment_lookup,A_ipc_bns_direct,renumbered,301,102,concordance_v1.csv + india_code,concordance_v1.csv row ipc_section=301,True,2026-09-04,True,template_expansion_current_law,
P7_0478,Which IPC section did BNS Section 102 replace?,BNS Section 102 (Culpable homicide by causing death of person other than person whose death was intended) replaced IPC Section 301 (Culpable homicide by causing death of person other than person whose death was intended).,301,IPC,concordance_v1_internal,bns_102,data/02_ground_truth/concordance_v1.csv,data/02_ground_truth/concordance_v1.csv,2025,reverse_lookup,A_ipc_bns_direct,renumbered,301,102,concordance_v1.csv + india_code,concordance_v1.csv row ipc_section=301,True,2026-09-04,True,template_expansion_reverse_lookup,
P7_0479,What was the old IPC provision corresponding to BNS Section 102?,BNS Section 102 (Culpable homicide by causing death of person other than person whose death was intended) was enacted to replace IPC Section 301 (Culpable homicide by causing death of person other than person whose death was intended).,301,IPC,concordance_v1_internal,bns_102,data/02_ground_truth/concordance_v1.csv,data/02_ground_truth/concordance_v1.csv,2025,reverse_lookup,A_ipc_bns_direct,renumbered,301,102,concordance_v1.csv + india_code,concordance_v1.csv row ipc_section=301,True,2026-09-04,True,template_expansion_reverse_lookup,
P7_0480,Which section in BNS 2023 corresponds to IPC Section 302?,IPC Section 302 (Punishment for murder) corresponds to BNS Section 103 (Punishment for murder). Note: BNS adds harsher punishment for murder on grounds of race/caste etc and mob lynching,103,BNS,concordance_v1_internal,ipc_302,data/02_ground_truth/concordance_v1.csv,data/02_ground_truth/concordance_v1.csv,2025,transition,A_ipc_bns_direct,renumbered,302,103,concordance_v1.csv + india_code,concordance_v1.csv row ipc_section=302,True,2026-09-04,True,template_expansion_from_concordance_row,
P7_0481,What is the BNS 2023 equivalent of IPC Section 302?,"Under BNS 2023, IPC Section 302 (Punishment for murder) has been renumbered/replaced by Section 103 (Punishment for murder). Note: BNS adds harsher punishment for murder on grounds of race/caste etc and mob lynching",103,BNS,concordance_v1_internal,ipc_302,data/02_ground_truth/concordance_v1.csv,data/02_ground_truth/concordance_v1.csv,2025,transition,A_ipc_bns_direct,renumbered,302,103,concordance_v1.csv + india_code,concordance_v1.csv row ipc_section=302,True,2026-09-04,True,template_expansion_from_concordance_row,
P7_0482,"Under the Bharatiya Nyaya Sanhita 2023, which provision replaced IPC Section 302?",IPC Section 302 was replaced by BNS Section 103 (Punishment for murder) with effect from 1 July 2024. Note: BNS adds harsher punishment for murder on grounds of race/caste etc and mob lynching,103,BNS,concordance_v1_internal,ipc_302,data/02_ground_truth/concordance_v1.csv,data/02_ground_truth/concordance_v1.csv,2025,transition,A_ipc_bns_direct,renumbered,302,103,concordance_v1.csv + india_code,concordance_v1.csv row ipc_section=302,True,2026-09-04,True,template_expansion_from_concordance_row,
P7_0483,What is the current BNS provision dealing with punishment for murder?,The current provision dealing with punishment for murder is BNS Section 103 (Punishment for murder).,103,BNS,concordance_v1_internal,ipc_302,data/02_ground_truth/concordance_v1.csv,data/02_ground_truth/concordance_v1.csv,2025,punishment_lookup,A_ipc_bns_direct,renumbered,302,103,concordance_v1.csv + india_code,concordance_v1.csv row ipc_section=302,True,2026-09-04,True,template_expansion_current_law,
P7_0484,"Under current Indian criminal law, which section covers punishment for murder?","Under BNS 2023 (effective 1 July 2024), punishment for murder is governed by Section 103 (Punishment for murder).",103,BNS,concordance_v1_internal,ipc_302,data/02_ground_truth/concordance_v1.csv,data/02_ground_truth/concordance_v1.csv,2025,punishment_lookup,A_ipc_bns_direct,renumbered,302,103,concordance_v1.csv + india_code,concordance_v1.csv row ipc_section=302,True,2026-09-04,True,template_expansion_current_law,
P7_0485,Which IPC section did BNS Section 103 replace?,BNS Section 103 (Punishment for murder) replaced IPC Section 302 (Punishment for murder).,302,IPC,concordance_v1_internal,bns_103,data/02_ground_truth/concordance_v1.csv,data/02_ground_truth/concordance_v1.csv,2025,reverse_lookup,A_ipc_bns_direct,renumbered,302,103,concordance_v1.csv + india_code,concordance_v1.csv row ipc_section=302,True,2026-09-04,True,template_expansion_reverse_lookup,
P7_0486,What was the old IPC provision corresponding to BNS Section 103?,BNS Section 103 (Punishment for murder) was enacted to replace IPC Section 302 (Punishment for murder).,302,IPC,concordance_v1_internal,bns_103,data/02_ground_truth/concordance_v1.csv,data/02_ground_truth/concordance_v1.csv,2025,reverse_lookup,A_ipc_bns_direct,renumbered,302,103,concordance_v1.csv + india_code,concordance_v1.csv row ipc_section=302,True,2026-09-04,True,template_expansion_reverse_lookup,
P7_0487,Which section in BNS 2023 corresponds to IPC Section 304?,IPC Section 304 (Punishment for culpable homicide not amounting to murder) corresponds to BNS Section 105 (Punishment for culpable homicide not amounting to murder).,105,BNS,concordance_v1_internal,ipc_304,data/02_ground_truth/concordance_v1.csv,data/02_ground_truth/concordance_v1.csv,2025,transition,A_ipc_bns_direct,renumbered,304,105,concordance_v1.csv + india_code,concordance_v1.csv row ipc_section=304,True,2026-09-04,True,template_expansion_from_concordance_row,
P7_0488,What is the BNS 2023 equivalent of IPC Section 304?,"Under BNS 2023, IPC Section 304 (Punishment for culpable homicide not amounting to murder) has been renumbered/replaced by Section 105 (Punishment for culpable homicide not amounting to murder).",105,BNS,concordance_v1_internal,ipc_304,data/02_ground_truth/concordance_v1.csv,data/02_ground_truth/concordance_v1.csv,2025,transition,A_ipc_bns_direct,renumbered,304,105,concordance_v1.csv + india_code,concordance_v1.csv row ipc_section=304,True,2026-09-04,True,template_expansion_from_concordance_row,
P7_0489,"Under the Bharatiya Nyaya Sanhita 2023, which provision replaced IPC Section 304?",IPC Section 304 was replaced by BNS Section 105 (Punishment for culpable homicide not amounting to murder) with effect from 1 July 2024.,105,BNS,concordance_v1_internal,ipc_304,data/02_ground_truth/concordance_v1.csv,data/02_ground_truth/concordance_v1.csv,2025,transition,A_ipc_bns_direct,renumbered,304,105,concordance_v1.csv + india_code,concordance_v1.csv row ipc_section=304,True,2026-09-04,True,template_expansion_from_concordance_row,
P7_0490,What is the current BNS provision dealing with punishment for culpable homicide not amounting to murder?,The current provision dealing with punishment for culpable homicide not amounting to murder is BNS Section 105 (Punishment for culpable homicide not amounting to murder).,105,BNS,concordance_v1_internal,ipc_304,data/02_ground_truth/concordance_v1.csv,data/02_ground_truth/concordance_v1.csv,2025,punishment_lookup,A_ipc_bns_direct,renumbered,304,105,concordance_v1.csv + india_code,concordance_v1.csv row ipc_section=304,True,2026-09-04,True,template_expansion_current_law,
P7_0491,"Under current Indian criminal law, which section covers punishment for culpable homicide not amounting to murder?","Under BNS 2023 (effective 1 July 2024), punishment for culpable homicide not amounting to murder is governed by Section 105 (Punishment for culpable homicide not amounting to murder).",105,BNS,concordance_v1_internal,ipc_304,data/02_ground_truth/concordance_v1.csv,data/02_ground_truth/concordance_v1.csv,2025,punishment_lookup,A_ipc_bns_direct,renumbered,304,105,concordance_v1.csv + india_code,concordance_v1.csv row ipc_section=304,True,2026-09-04,True,template_expansion_current_law,
P7_0492,Which IPC section did BNS Section 105 replace?,BNS Section 105 (Punishment for culpable homicide not amounting to murder) replaced IPC Section 304 (Punishment for culpable homicide not amounting to murder).,304,IPC,concordance_v1_internal,bns_105,data/02_ground_truth/concordance_v1.csv,data/02_ground_truth/concordance_v1.csv,2025,reverse_lookup,A_ipc_bns_direct,renumbered,304,105,concordance_v1.csv + india_code,concordance_v1.csv row ipc_section=304,True,2026-09-04,True,template_expansion_reverse_lookup,
P7_0493,What was the old IPC provision corresponding to BNS Section 105?,BNS Section 105 (Punishment for culpable homicide not amounting to murder) was enacted to replace IPC Section 304 (Punishment for culpable homicide not amounting to murder).,304,IPC,concordance_v1_internal,bns_105,data/02_ground_truth/concordance_v1.csv,data/02_ground_truth/concordance_v1.csv,2025,reverse_lookup,A_ipc_bns_direct,renumbered,304,105,concordance_v1.csv + india_code,concordance_v1.csv row ipc_section=304,True,2026-09-04,True,template_expansion_reverse_lookup,
P7_0494,Which section in BNS 2023 corresponds to IPC Section 304A?,IPC Section 304A (Causing death by negligence) corresponds to BNS Section 106 (Causing death by negligence). Note: BNS enhances punishment for death caused by rash/negligent driving — up to 10 years,106,BNS,concordance_v1_internal,ipc_304A,data/02_ground_truth/concordance_v1.csv,data/02_ground_truth/concordance_v1.csv,2025,transition,A_ipc_bns_direct,modified,304A,106,concordance_v1.csv + india_code,concordance_v1.csv row ipc_section=304A,True,2026-09-04,True,template_expansion_from_concordance_row,
P7_0495,What is the BNS 2023 equivalent of IPC Section 304A?,"Under BNS 2023, IPC Section 304A (Causing death by negligence) has been renumbered/replaced by Section 106 (Causing death by negligence). Note: BNS enhances punishment for death caused by rash/negligent driving — up to 10 years",106,BNS,concordance_v1_internal,ipc_304A,data/02_ground_truth/concordance_v1.csv,data/02_ground_truth/concordance_v1.csv,2025,transition,A_ipc_bns_direct,modified,304A,106,concordance_v1.csv + india_code,concordance_v1.csv row ipc_section=304A,True,2026-09-04,True,template_expansion_from_concordance_row,
P7_0496,"Under the Bharatiya Nyaya Sanhita 2023, which provision replaced IPC Section 304A?",IPC Section 304A was replaced by BNS Section 106 (Causing death by negligence) with effect from 1 July 2024. Note: BNS enhances punishment for death caused by rash/negligent driving — up to 10 years,106,BNS,concordance_v1_internal,ipc_304A,data/02_ground_truth/concordance_v1.csv,data/02_ground_truth/concordance_v1.csv,2025,transition,A_ipc_bns_direct,modified,304A,106,concordance_v1.csv + india_code,concordance_v1.csv row ipc_section=304A,True,2026-09-04,True,template_expansion_from_concordance_row,
P7_0497,What is the current BNS provision dealing with causing death by negligence?,The current provision dealing with causing death by negligence is BNS Section 106 (Causing death by negligence).,106,BNS,concordance_v1_internal,ipc_304A,data/02_ground_truth/concordance_v1.csv,data/02_ground_truth/concordance_v1.csv,2025,punishment_lookup,A_ipc_bns_direct,modified,304A,106,concordance_v1.csv + india_code,concordance_v1.csv row ipc_section=304A,True,2026-09-04,True,template_expansion_current_law,
P7_0498,"Under current Indian criminal law, which section covers causing death by negligence?","Under BNS 2023 (effective 1 July 2024), causing death by negligence is governed by Section 106 (Causing death by negligence).",106,BNS,concordance_v1_internal,ipc_304A,data/02_ground_truth/concordance_v1.csv,data/02_ground_truth/concordance_v1.csv,2025,punishment_lookup,A_ipc_bns_direct,modified,304A,106,concordance_v1.csv + india_code,concordance_v1.csv row ipc_section=304A,True,2026-09-04,True,template_expansion_current_law,
P7_0499,Which IPC section did BNS Section 106 replace?,BNS Section 106 (Causing death by negligence) replaced IPC Section 304A (Causing death by negligence).,304A,IPC,concordance_v1_internal,bns_106,data/02_ground_truth/concordance_v1.csv,data/02_ground_truth/concordance_v1.csv,2025,reverse_lookup,A_ipc_bns_direct,modified,304A,106,concordance_v1.csv + india_code,concordance_v1.csv row ipc_section=304A,True,2026-09-04,True,template_expansion_reverse_lookup,
P7_0500,What was the old IPC provision corresponding to BNS Section 106?,BNS Section 106 (Causing death by negligence) was enacted to replace IPC Section 304A (Causing death by negligence).,304A,IPC,concordance_v1_internal,bns_106,data/02_ground_truth/concordance_v1.csv,data/02_ground_truth/concordance_v1.csv,2025,reverse_lookup,A_ipc_bns_direct,modified,304A,106,concordance_v1.csv + india_code,concordance_v1.csv row ipc_section=304A,True,2026-09-04,True,template_expansion_reverse_lookup,
P7_0501,Which section in BNS 2023 corresponds to IPC Section 304B?,IPC Section 304B (Dowry death) corresponds to BNS Section 80 (Dowry death).,80,BNS,concordance_v1_internal,ipc_304B,data/02_ground_truth/concordance_v1.csv,data/02_ground_truth/concordance_v1.csv,2025,transition,A_ipc_bns_direct,renumbered,304B,80,concordance_v1.csv + india_code,concordance_v1.csv row ipc_section=304B,True,2026-09-04,True,template_expansion_from_concordance_row,
P7_0502,What is the BNS 2023 equivalent of IPC Section 304B?,"Under BNS 2023, IPC Section 304B (Dowry death) has been renumbered/replaced by Section 80 (Dowry death).",80,BNS,concordance_v1_internal,ipc_304B,data/02_ground_truth/concordance_v1.csv,data/02_ground_truth/concordance_v1.csv,2025,transition,A_ipc_bns_direct,renumbered,304B,80,concordance_v1.csv + india_code,concordance_v1.csv row ipc_section=304B,True,2026-09-04,True,template_expansion_from_concordance_row,
P7_0503,"Under the Bharatiya Nyaya Sanhita 2023, which provision replaced IPC Section 304B?",IPC Section 304B was replaced by BNS Section 80 (Dowry death) with effect from 1 July 2024.,80,BNS,concordance_v1_internal,ipc_304B,data/02_ground_truth/concordance_v1.csv,data/02_ground_truth/concordance_v1.csv,2025,transition,A_ipc_bns_direct,renumbered,304B,80,concordance_v1.csv + india_code,concordance_v1.csv row ipc_section=304B,True,2026-09-04,True,template_expansion_from_concordance_row,
P7_0504,What is the current BNS provision dealing with dowry death?,The current provision dealing with dowry death is BNS Section 80 (Dowry death).,80,BNS,concordance_v1_internal,ipc_304B,data/02_ground_truth/concordance_v1.csv,data/02_ground_truth/concordance_v1.csv,2025,punishment_lookup,A_ipc_bns_direct,renumbered,304B,80,concordance_v1.csv + india_code,concordance_v1.csv row ipc_section=304B,True,2026-09-04,True,template_expansion_current_law,
P7_0505,"Under current Indian criminal law, which section covers dowry death?","Under BNS 2023 (effective 1 July 2024), dowry death is governed by Section 80 (Dowry death).",80,BNS,concordance_v1_internal,ipc_304B,data/02_ground_truth/concordance_v1.csv,data/02_ground_truth/concordance_v1.csv,2025,punishment_lookup,A_ipc_bns_direct,renumbered,304B,80,concordance_v1.csv + india_code,concordance_v1.csv row ipc_section=304B,True,2026-09-04,True,template_expansion_current_law,
P7_0506,Which IPC section did BNS Section 80 replace?,BNS Section 80 (Dowry death) replaced IPC Section 304B (Dowry death).,304B,IPC,concordance_v1_internal,bns_80,data/02_ground_truth/concordance_v1.csv,data/02_ground_truth/concordance_v1.csv,2025,reverse_lookup,A_ipc_bns_direct,renumbered,304B,80,concordance_v1.csv + india_code,concordance_v1.csv row ipc_section=304B,True,2026-09-04,True,template_expansion_reverse_lookup,
P7_0507,What was the old IPC provision corresponding to BNS Section 80?,BNS Section 80 (Dowry death) was enacted to replace IPC Section 304B (Dowry death).,304B,IPC,concordance_v1_internal,bns_80,data/02_ground_truth/concordance_v1.csv,data/02_ground_truth/concordance_v1.csv,2025,reverse_lookup,A_ipc_bns_direct,renumbered,304B,80,concordance_v1.csv + india_code,concordance_v1.csv row ipc_section=304B,True,2026-09-04,True,template_expansion_reverse_lookup,
P7_0508,Which section in BNS 2023 corresponds to IPC Section 306?,IPC Section 306 (Abetment of suicide) corresponds to BNS Section 108 (Abetment of suicide).,108,BNS,concordance_v1_internal,ipc_306,data/02_ground_truth/concordance_v1.csv,data/02_ground_truth/concordance_v1.csv,2025,transition,A_ipc_bns_direct,renumbered,306,108,concordance_v1.csv + india_code,concordance_v1.csv row ipc_section=306,True,2026-09-04,True,template_expansion_from_concordance_row,
P7_0509,What is the BNS 2023 equivalent of IPC Section 306?,"Under BNS 2023, IPC Section 306 (Abetment of suicide) has been renumbered/replaced by Section 108 (Abetment of suicide).",108,BNS,concordance_v1_internal,ipc_306,data/02_ground_truth/concordance_v1.csv,data/02_ground_truth/concordance_v1.csv,2025,transition,A_ipc_bns_direct,renumbered,306,108,concordance_v1.csv + india_code,concordance_v1.csv row ipc_section=306,True,2026-09-04,True,template_expansion_from_concordance_row,
P7_0510,"Under the Bharatiya Nyaya Sanhita 2023, which provision replaced IPC Section 306?",IPC Section 306 was replaced by BNS Section 108 (Abetment of suicide) with effect from 1 July 2024.,108,BNS,concordance_v1_internal,ipc_306,data/02_ground_truth/concordance_v1.csv,data/02_ground_truth/concordance_v1.csv,2025,transition,A_ipc_bns_direct,renumbered,306,108,concordance_v1.csv + india_code,concordance_v1.csv row ipc_section=306,True,2026-09-04,True,template_expansion_from_concordance_row,
P7_0511,What is the current BNS provision dealing with abetment of suicide?,The current provision dealing with abetment of suicide is BNS Section 108 (Abetment of suicide).,108,BNS,concordance_v1_internal,ipc_306,data/02_ground_truth/concordance_v1.csv,data/02_ground_truth/concordance_v1.csv,2025,punishment_lookup,A_ipc_bns_direct,renumbered,306,108,concordance_v1.csv + india_code,concordance_v1.csv row ipc_section=306,True,2026-09-04,True,template_expansion_current_law,
P7_0512,"Under current Indian criminal law, which section covers abetment of suicide?","Under BNS 2023 (effective 1 July 2024), abetment of suicide is governed by Section 108 (Abetment of suicide).",108,BNS,concordance_v1_internal,ipc_306,data/02_ground_truth/concordance_v1.csv,data/02_ground_truth/concordance_v1.csv,2025,punishment_lookup,A_ipc_bns_direct,renumbered,306,108,concordance_v1.csv + india_code,concordance_v1.csv row ipc_section=306,True,2026-09-04,True,template_expansion_current_law,
P7_0513,Which IPC section did BNS Section 108 replace?,BNS Section 108 (Abetment of suicide) replaced IPC Section 306 (Abetment of suicide).,306,IPC,concordance_v1_internal,bns_108,data/02_ground_truth/concordance_v1.csv,data/02_ground_truth/concordance_v1.csv,2025,reverse_lookup,A_ipc_bns_direct,renumbered,306,108,concordance_v1.csv + india_code,concordance_v1.csv row ipc_section=306,True,2026-09-04,True,template_expansion_reverse_lookup,
P7_0514,What was the old IPC provision corresponding to BNS Section 108?,BNS Section 108 (Abetment of suicide) was enacted to replace IPC Section 306 (Abetment of suicide).,306,IPC,concordance_v1_internal,bns_108,data/02_ground_truth/concordance_v1.csv,data/02_ground_truth/concordance_v1.csv,2025,reverse_lookup,A_ipc_bns_direct,renumbered,306,108,concordance_v1.csv + india_code,concordance_v1.csv row ipc_section=306,True,2026-09-04,True,template_expansion_reverse_lookup,
P7_0515,Which section in BNS 2023 corresponds to IPC Section 307?,IPC Section 307 (Attempt to murder) corresponds to BNS Section 109 (Attempt to murder).,109,BNS,concordance_v1_internal,ipc_307,data/02_ground_truth/concordance_v1.csv,data/02_ground_truth/concordance_v1.csv,2025,transition,A_ipc_bns_direct,renumbered,307,109,concordance_v1.csv + india_code,concordance_v1.csv row ipc_section=307,True,2026-09-04,True,template_expansion_from_concordance_row,
P7_0516,What is the BNS 2023 equivalent of IPC Section 307?,"Under BNS 2023, IPC Section 307 (Attempt to murder) has been renumbered/replaced by Section 109 (Attempt to murder).",109,BNS,concordance_v1_internal,ipc_307,data/02_ground_truth/concordance_v1.csv,data/02_ground_truth/concordance_v1.csv,2025,transition,A_ipc_bns_direct,renumbered,307,109,concordance_v1.csv + india_code,concordance_v1.csv row ipc_section=307,True,2026-09-04,True,template_expansion_from_concordance_row,
P7_0517,"Under the Bharatiya Nyaya Sanhita 2023, which provision replaced IPC Section 307?",IPC Section 307 was replaced by BNS Section 109 (Attempt to murder) with effect from 1 July 2024.,109,BNS,concordance_v1_internal,ipc_307,data/02_ground_truth/concordance_v1.csv,data/02_ground_truth/concordance_v1.csv,2025,transition,A_ipc_bns_direct,renumbered,307,109,concordance_v1.csv + india_code,concordance_v1.csv row ipc_section=307,True,2026-09-04,True,template_expansion_from_concordance_row,
P7_0518,What is the current BNS provision dealing with attempt to murder?,The current provision dealing with attempt to murder is BNS Section 109 (Attempt to murder).,109,BNS,concordance_v1_internal,ipc_307,data/02_ground_truth/concordance_v1.csv,data/02_ground_truth/concordance_v1.csv,2025,punishment_lookup,A_ipc_bns_direct,renumbered,307,109,concordance_v1.csv + india_code,concordance_v1.csv row ipc_section=307,True,2026-09-04,True,template_expansion_current_law,
P7_0519,"Under current Indian criminal law, which section covers attempt to murder?","Under BNS 2023 (effective 1 July 2024), attempt to murder is governed by Section 109 (Attempt to murder).",109,BNS,concordance_v1_internal,ipc_307,data/02_ground_truth/concordance_v1.csv,data/02_ground_truth/concordance_v1.csv,2025,punishment_lookup,A_ipc_bns_direct,renumbered,307,109,concordance_v1.csv + india_code,concordance_v1.csv row ipc_section=307,True,2026-09-04,True,template_expansion_current_law,
P7_0520,Which IPC section did BNS Section 109 replace?,BNS Section 109 (Attempt to murder) replaced IPC Section 307 (Attempt to murder).,307,IPC,concordance_v1_internal,bns_109,data/02_ground_truth/concordance_v1.csv,data/02_ground_truth/concordance_v1.csv,2025,reverse_lookup,A_ipc_bns_direct,renumbered,307,109,concordance_v1.csv + india_code,concordance_v1.csv row ipc_section=307,True,2026-09-04,True,template_expansion_reverse_lookup,
P7_0521,What was the old IPC provision corresponding to BNS Section 109?,BNS Section 109 (Attempt to murder) was enacted to replace IPC Section 307 (Attempt to murder).,307,IPC,concordance_v1_internal,bns_109,data/02_ground_truth/concordance_v1.csv,data/02_ground_truth/concordance_v1.csv,2025,reverse_lookup,A_ipc_bns_direct,renumbered,307,109,concordance_v1.csv + india_code,concordance_v1.csv row ipc_section=307,True,2026-09-04,True,template_expansion_reverse_lookup,
P7_0522,Which section in BNS 2023 corresponds to IPC Section 308?,IPC Section 308 (Attempt to commit culpable homicide) corresponds to BNS Section 110 (Attempt to commit culpable homicide).,110,BNS,concordance_v1_internal,ipc_308,data/02_ground_truth/concordance_v1.csv,data/02_ground_truth/concordance_v1.csv,2025,transition,A_ipc_bns_direct,renumbered,308,110,concordance_v1.csv + india_code,concordance_v1.csv row ipc_section=308,True,2026-09-04,True,template_expansion_from_concordance_row,
P7_0523,What is the BNS 2023 equivalent of IPC Section 308?,"Under BNS 2023, IPC Section 308 (Attempt to commit culpable homicide) has been renumbered/replaced by Section 110 (Attempt to commit culpable homicide).",110,BNS,concordance_v1_internal,ipc_308,data/02_ground_truth/concordance_v1.csv,data/02_ground_truth/concordance_v1.csv,2025,transition,A_ipc_bns_direct,renumbered,308,110,concordance_v1.csv + india_code,concordance_v1.csv row ipc_section=308,True,2026-09-04,True,template_expansion_from_concordance_row,
P7_0524,"Under the Bharatiya Nyaya Sanhita 2023, which provision replaced IPC Section 308?",IPC Section 308 was replaced by BNS Section 110 (Attempt to commit culpable homicide) with effect from 1 July 2024.,110,BNS,concordance_v1_internal,ipc_308,data/02_ground_truth/concordance_v1.csv,data/02_ground_truth/concordance_v1.csv,2025,transition,A_ipc_bns_direct,renumbered,308,110,concordance_v1.csv + india_code,concordance_v1.csv row ipc_section=308,True,2026-09-04,True,template_expansion_from_concordance_row,
P7_0525,What is the current BNS provision dealing with attempt to commit culpable homicide?,The current provision dealing with attempt to commit culpable homicide is BNS Section 110 (Attempt to commit culpable homicide).,110,BNS,concordance_v1_internal,ipc_308,data/02_ground_truth/concordance_v1.csv,data/02_ground_truth/concordance_v1.csv,2025,punishment_lookup,A_ipc_bns_direct,renumbered,308,110,concordance_v1.csv + india_code,concordance_v1.csv row ipc_section=308,True,2026-09-04,True,template_expansion_current_law,
P7_0526,"Under current Indian criminal law, which section covers attempt to commit culpable homicide?","Under BNS 2023 (effective 1 July 2024), attempt to commit culpable homicide is governed by Section 110 (Attempt to commit culpable homicide).",110,BNS,concordance_v1_internal,ipc_308,data/02_ground_truth/concordance_v1.csv,data/02_ground_truth/concordance_v1.csv,2025,punishment_lookup,A_ipc_bns_direct,renumbered,308,110,concordance_v1.csv + india_code,concordance_v1.csv row ipc_section=308,True,2026-09-04,True,template_expansion_current_law,
P7_0527,Which IPC section did BNS Section 110 replace?,BNS Section 110 (Attempt to commit culpable homicide) replaced IPC Section 308 (Attempt to commit culpable homicide).,308,IPC,concordance_v1_internal,bns_110,data/02_ground_truth/concordance_v1.csv,data/02_ground_truth/concordance_v1.csv,2025,reverse_lookup,A_ipc_bns_direct,renumbered,308,110,concordance_v1.csv + india_code,concordance_v1.csv row ipc_section=308,True,2026-09-04,True,template_expansion_reverse_lookup,
P7_0528,What was the old IPC provision corresponding to BNS Section 110?,BNS Section 110 (Attempt to commit culpable homicide) was enacted to replace IPC Section 308 (Attempt to commit culpable homicide).,308,IPC,concordance_v1_internal,bns_110,data/02_ground_truth/concordance_v1.csv,data/02_ground_truth/concordance_v1.csv,2025,reverse_lookup,A_ipc_bns_direct,renumbered,308,110,concordance_v1.csv + india_code,concordance_v1.csv row ipc_section=308,True,2026-09-04,True,template_expansion_reverse_lookup,
P7_0529,Which section in BNS 2023 corresponds to IPC Section 312?,IPC Section 312 (Causing miscarriage) corresponds to BNS Section 88 (Causing miscarriage).,88,BNS,concordance_v1_internal,ipc_312,data/02_ground_truth/concordance_v1.csv,data/02_ground_truth/concordance_v1.csv,2025,transition,A_ipc_bns_direct,renumbered,312,88,concordance_v1.csv + india_code,concordance_v1.csv row ipc_section=312,True,2026-09-04,True,template_expansion_from_concordance_row,
P7_0530,What is the BNS 2023 equivalent of IPC Section 312?,"Under BNS 2023, IPC Section 312 (Causing miscarriage) has been renumbered/replaced by Section 88 (Causing miscarriage).",88,BNS,concordance_v1_internal,ipc_312,data/02_ground_truth/concordance_v1.csv,data/02_ground_truth/concordance_v1.csv,2025,transition,A_ipc_bns_direct,renumbered,312,88,concordance_v1.csv + india_code,concordance_v1.csv row ipc_section=312,True,2026-09-04,True,template_expansion_from_concordance_row,
P7_0531,"Under the Bharatiya Nyaya Sanhita 2023, which provision replaced IPC Section 312?",IPC Section 312 was replaced by BNS Section 88 (Causing miscarriage) with effect from 1 July 2024.,88,BNS,concordance_v1_internal,ipc_312,data/02_ground_truth/concordance_v1.csv,data/02_ground_truth/concordance_v1.csv,2025,transition,A_ipc_bns_direct,renumbered,312,88,concordance_v1.csv + india_code,concordance_v1.csv row ipc_section=312,True,2026-09-04,True,template_expansion_from_concordance_row,
P7_0532,What is the current BNS provision dealing with causing miscarriage?,The current provision dealing with causing miscarriage is BNS Section 88 (Causing miscarriage).,88,BNS,concordance_v1_internal,ipc_312,data/02_ground_truth/concordance_v1.csv,data/02_ground_truth/concordance_v1.csv,2025,punishment_lookup,A_ipc_bns_direct,renumbered,312,88,concordance_v1.csv + india_code,concordance_v1.csv row ipc_section=312,True,2026-09-04,True,template_expansion_current_law,
P7_0533,"Under current Indian criminal law, which section covers causing miscarriage?","Under BNS 2023 (effective 1 July 2024), causing miscarriage is governed by Section 88 (Causing miscarriage).",88,BNS,concordance_v1_internal,ipc_312,data/02_ground_truth/concordance_v1.csv,data/02_ground_truth/concordance_v1.csv,2025,punishment_lookup,A_ipc_bns_direct,renumbered,312,88,concordance_v1.csv + india_code,concordance_v1.csv row ipc_section=312,True,2026-09-04,True,template_expansion_current_law,
P7_0534,Which IPC section did BNS Section 88 replace?,BNS Section 88 (Causing miscarriage) replaced IPC Section 312 (Causing miscarriage).,312,IPC,concordance_v1_internal,bns_88,data/02_ground_truth/concordance_v1.csv,data/02_ground_truth/concordance_v1.csv,2025,reverse_lookup,A_ipc_bns_direct,renumbered,312,88,concordance_v1.csv + india_code,concordance_v1.csv row ipc_section=312,True,2026-09-04,True,template_expansion_reverse_lookup,
P7_0535,What was the old IPC provision corresponding to BNS Section 88?,BNS Section 88 (Causing miscarriage) was enacted to replace IPC Section 312 (Causing miscarriage).,312,IPC,concordance_v1_internal,bns_88,data/02_ground_truth/concordance_v1.csv,data/02_ground_truth/concordance_v1.csv,2025,reverse_lookup,A_ipc_bns_direct,renumbered,312,88,concordance_v1.csv + india_code,concordance_v1.csv row ipc_section=312,True,2026-09-04,True,template_expansion_reverse_lookup,
P7_0536,Which section in BNS 2023 corresponds to IPC Section 319?,IPC Section 319 (Hurt) corresponds to BNS Section 114 (Hurt).,114,BNS,concordance_v1_internal,ipc_319,data/02_ground_truth/concordance_v1.csv,data/02_ground_truth/concordance_v1.csv,2025,transition,A_ipc_bns_direct,renumbered,319,114,concordance_v1.csv + india_code,concordance_v1.csv row ipc_section=319,True,2026-09-04,True,template_expansion_from_concordance_row,
P7_0537,What is the BNS 2023 equivalent of IPC Section 319?,"Under BNS 2023, IPC Section 319 (Hurt) has been renumbered/replaced by Section 114 (Hurt).",114,BNS,concordance_v1_internal,ipc_319,data/02_ground_truth/concordance_v1.csv,data/02_ground_truth/concordance_v1.csv,2025,transition,A_ipc_bns_direct,renumbered,319,114,concordance_v1.csv + india_code,concordance_v1.csv row ipc_section=319,True,2026-09-04,True,template_expansion_from_concordance_row,
P7_0538,"Under the Bharatiya Nyaya Sanhita 2023, which provision replaced IPC Section 319?",IPC Section 319 was replaced by BNS Section 114 (Hurt) with effect from 1 July 2024.,114,BNS,concordance_v1_internal,ipc_319,data/02_ground_truth/concordance_v1.csv,data/02_ground_truth/concordance_v1.csv,2025,transition,A_ipc_bns_direct,renumbered,319,114,concordance_v1.csv + india_code,concordance_v1.csv row ipc_section=319,True,2026-09-04,True,template_expansion_from_concordance_row,
P7_0539,What is the current BNS provision dealing with hurt?,The current provision dealing with hurt is BNS Section 114 (Hurt).,114,BNS,concordance_v1_internal,ipc_319,data/02_ground_truth/concordance_v1.csv,data/02_ground_truth/concordance_v1.csv,2025,punishment_lookup,A_ipc_bns_direct,renumbered,319,114,concordance_v1.csv + india_code,concordance_v1.csv row ipc_section=319,True,2026-09-04,True,template_expansion_current_law,
P7_0540,"Under current Indian criminal law, which section covers hurt?","Under BNS 2023 (effective 1 July 2024), hurt is governed by Section 114 (Hurt).",114,BNS,concordance_v1_internal,ipc_319,data/02_ground_truth/concordance_v1.csv,data/02_ground_truth/concordance_v1.csv,2025,punishment_lookup,A_ipc_bns_direct,renumbered,319,114,concordance_v1.csv + india_code,concordance_v1.csv row ipc_section=319,True,2026-09-04,True,template_expansion_current_law,
P7_0541,Which IPC section did BNS Section 114 replace?,BNS Section 114 (Hurt) replaced IPC Section 319 (Hurt).,319,IPC,concordance_v1_internal,bns_114,data/02_ground_truth/concordance_v1.csv,data/02_ground_truth/concordance_v1.csv,2025,reverse_lookup,A_ipc_bns_direct,renumbered,319,114,concordance_v1.csv + india_code,concordance_v1.csv row ipc_section=319,True,2026-09-04,True,template_expansion_reverse_lookup,
P7_0542,What was the old IPC provision corresponding to BNS Section 114?,BNS Section 114 (Hurt) was enacted to replace IPC Section 319 (Hurt).,319,IPC,concordance_v1_internal,bns_114,data/02_ground_truth/concordance_v1.csv,data/02_ground_truth/concordance_v1.csv,2025,reverse_lookup,A_ipc_bns_direct,renumbered,319,114,concordance_v1.csv + india_code,concordance_v1.csv row ipc_section=319,True,2026-09-04,True,template_expansion_reverse_lookup,
P7_0543,Which section in BNS 2023 corresponds to IPC Section 320?,IPC Section 320 (Grievous hurt) corresponds to BNS Section 115 (Grievous hurt).,115,BNS,concordance_v1_internal,ipc_320,data/02_ground_truth/concordance_v1.csv,data/02_ground_truth/concordance_v1.csv,2025,transition,A_ipc_bns_direct,renumbered,320,115,concordance_v1.csv + india_code,concordance_v1.csv row ipc_section=320,True,2026-09-04,True,template_expansion_from_concordance_row,
P7_0544,What is the BNS 2023 equivalent of IPC Section 320?,"Under BNS 2023, IPC Section 320 (Grievous hurt) has been renumbered/replaced by Section 115 (Grievous hurt).",115,BNS,concordance_v1_internal,ipc_320,data/02_ground_truth/concordance_v1.csv,data/02_ground_truth/concordance_v1.csv,2025,transition,A_ipc_bns_direct,renumbered,320,115,concordance_v1.csv + india_code,concordance_v1.csv row ipc_section=320,True,2026-09-04,True,template_expansion_from_concordance_row,
P7_0545,"Under the Bharatiya Nyaya Sanhita 2023, which provision replaced IPC Section 320?",IPC Section 320 was replaced by BNS Section 115 (Grievous hurt) with effect from 1 July 2024.,115,BNS,concordance_v1_internal,ipc_320,data/02_ground_truth/concordance_v1.csv,data/02_ground_truth/concordance_v1.csv,2025,transition,A_ipc_bns_direct,renumbered,320,115,concordance_v1.csv + india_code,concordance_v1.csv row ipc_section=320,True,2026-09-04,True,template_expansion_from_concordance_row,
P7_0546,What is the current BNS provision dealing with grievous hurt?,The current provision dealing with grievous hurt is BNS Section 115 (Grievous hurt).,115,BNS,concordance_v1_internal,ipc_320,data/02_ground_truth/concordance_v1.csv,data/02_ground_truth/concordance_v1.csv,2025,punishment_lookup,A_ipc_bns_direct,renumbered,320,115,concordance_v1.csv + india_code,concordance_v1.csv row ipc_section=320,True,2026-09-04,True,template_expansion_current_law,
P7_0547,"Under current Indian criminal law, which section covers grievous hurt?","Under BNS 2023 (effective 1 July 2024), grievous hurt is governed by Section 115 (Grievous hurt).",115,BNS,concordance_v1_internal,ipc_320,data/02_ground_truth/concordance_v1.csv,data/02_ground_truth/concordance_v1.csv,2025,punishment_lookup,A_ipc_bns_direct,renumbered,320,115,concordance_v1.csv + india_code,concordance_v1.csv row ipc_section=320,True,2026-09-04,True,template_expansion_current_law,
P7_0548,Which IPC section did BNS Section 115 replace?,BNS Section 115 (Grievous hurt) replaced IPC Section 320 (Grievous hurt).,320,IPC,concordance_v1_internal,bns_115,data/02_ground_truth/concordance_v1.csv,data/02_ground_truth/concordance_v1.csv,2025,reverse_lookup,A_ipc_bns_direct,renumbered,320,115,concordance_v1.csv + india_code,concordance_v1.csv row ipc_section=320,True,2026-09-04,True,template_expansion_reverse_lookup,
P7_0549,What was the old IPC provision corresponding to BNS Section 115?,BNS Section 115 (Grievous hurt) was enacted to replace IPC Section 320 (Grievous hurt).,320,IPC,concordance_v1_internal,bns_115,data/02_ground_truth/concordance_v1.csv,data/02_ground_truth/concordance_v1.csv,2025,reverse_lookup,A_ipc_bns_direct,renumbered,320,115,concordance_v1.csv + india_code,concordance_v1.csv row ipc_section=320,True,2026-09-04,True,template_expansion_reverse_lookup,
P7_0550,Which section in BNS 2023 corresponds to IPC Section 321?,IPC Section 321 (Voluntarily causing hurt) corresponds to BNS Section 115 (Voluntarily causing hurt).,115,BNS,concordance_v1_internal,ipc_321,data/02_ground_truth/concordance_v1.csv,data/02_ground_truth/concordance_v1.csv,2025,transition,A_ipc_bns_direct,renumbered,321,115,concordance_v1.csv + india_code,concordance_v1.csv row ipc_section=321,True,2026-09-04,True,template_expansion_from_concordance_row,
P7_0551,What is the BNS 2023 equivalent of IPC Section 321?,"Under BNS 2023, IPC Section 321 (Voluntarily causing hurt) has been renumbered/replaced by Section 115 (Voluntarily causing hurt).",115,BNS,concordance_v1_internal,ipc_321,data/02_ground_truth/concordance_v1.csv,data/02_ground_truth/concordance_v1.csv,2025,transition,A_ipc_bns_direct,renumbered,321,115,concordance_v1.csv + india_code,concordance_v1.csv row ipc_section=321,True,2026-09-04,True,template_expansion_from_concordance_row,
P7_0552,"Under the Bharatiya Nyaya Sanhita 2023, which provision replaced IPC Section 321?",IPC Section 321 was replaced by BNS Section 115 (Voluntarily causing hurt) with effect from 1 July 2024.,115,BNS,concordance_v1_internal,ipc_321,data/02_ground_truth/concordance_v1.csv,data/02_ground_truth/concordance_v1.csv,2025,transition,A_ipc_bns_direct,renumbered,321,115,concordance_v1.csv + india_code,concordance_v1.csv row ipc_section=321,True,2026-09-04,True,template_expansion_from_concordance_row,
P7_0553,What is the current BNS provision dealing with voluntarily causing hurt?,The current provision dealing with voluntarily causing hurt is BNS Section 115 (Voluntarily causing hurt).,115,BNS,concordance_v1_internal,ipc_321,data/02_ground_truth/concordance_v1.csv,data/02_ground_truth/concordance_v1.csv,2025,punishment_lookup,A_ipc_bns_direct,renumbered,321,115,concordance_v1.csv + india_code,concordance_v1.csv row ipc_section=321,True,2026-09-04,True,template_expansion_current_law,
P7_0554,"Under current Indian criminal law, which section covers voluntarily causing hurt?","Under BNS 2023 (effective 1 July 2024), voluntarily causing hurt is governed by Section 115 (Voluntarily causing hurt).",115,BNS,concordance_v1_internal,ipc_321,data/02_ground_truth/concordance_v1.csv,data/02_ground_truth/concordance_v1.csv,2025,punishment_lookup,A_ipc_bns_direct,renumbered,321,115,concordance_v1.csv + india_code,concordance_v1.csv row ipc_section=321,True,2026-09-04,True,template_expansion_current_law,
P7_0555,Which section in BNS 2023 corresponds to IPC Section 322?,IPC Section 322 (Voluntarily causing grievous hurt) corresponds to BNS Section 117 (Voluntarily causing grievous hurt).,117,BNS,concordance_v1_internal,ipc_322,data/02_ground_truth/concordance_v1.csv,data/02_ground_truth/concordance_v1.csv,2025,transition,A_ipc_bns_direct,renumbered,322,117,concordance_v1.csv + india_code,concordance_v1.csv row ipc_section=322,True,2026-09-04,True,template_expansion_from_concordance_row,
P7_0556,What is the BNS 2023 equivalent of IPC Section 322?,"Under BNS 2023, IPC Section 322 (Voluntarily causing grievous hurt) has been renumbered/replaced by Section 117 (Voluntarily causing grievous hurt).",117,BNS,concordance_v1_internal,ipc_322,data/02_ground_truth/concordance_v1.csv,data/02_ground_truth/concordance_v1.csv,2025,transition,A_ipc_bns_direct,renumbered,322,117,concordance_v1.csv + india_code,concordance_v1.csv row ipc_section=322,True,2026-09-04,True,template_expansion_from_concordance_row,
P7_0557,"Under the Bharatiya Nyaya Sanhita 2023, which provision replaced IPC Section 322?",IPC Section 322 was replaced by BNS Section 117 (Voluntarily causing grievous hurt) with effect from 1 July 2024.,117,BNS,concordance_v1_internal,ipc_322,data/02_ground_truth/concordance_v1.csv,data/02_ground_truth/concordance_v1.csv,2025,transition,A_ipc_bns_direct,renumbered,322,117,concordance_v1.csv + india_code,concordance_v1.csv row ipc_section=322,True,2026-09-04,True,template_expansion_from_concordance_row,
P7_0558,What is the current BNS provision dealing with voluntarily causing grievous hurt?,The current provision dealing with voluntarily causing grievous hurt is BNS Section 117 (Voluntarily causing grievous hurt).,117,BNS,concordance_v1_internal,ipc_322,data/02_ground_truth/concordance_v1.csv,data/02_ground_truth/concordance_v1.csv,2025,punishment_lookup,A_ipc_bns_direct,renumbered,322,117,concordance_v1.csv + india_code,concordance_v1.csv row ipc_section=322,True,2026-09-04,True,template_expansion_current_law,
P7_0559,"Under current Indian criminal law, which section covers voluntarily causing grievous hurt?","Under BNS 2023 (effective 1 July 2024), voluntarily causing grievous hurt is governed by Section 117 (Voluntarily causing grievous hurt).",117,BNS,concordance_v1_internal,ipc_322,data/02_ground_truth/concordance_v1.csv,data/02_ground_truth/concordance_v1.csv,2025,punishment_lookup,A_ipc_bns_direct,renumbered,322,117,concordance_v1.csv + india_code,concordance_v1.csv row ipc_section=322,True,2026-09-04,True,template_expansion_current_law,
P7_0560,Which IPC section did BNS Section 117 replace?,BNS Section 117 (Voluntarily causing grievous hurt) replaced IPC Section 322 (Voluntarily causing grievous hurt).,322,IPC,concordance_v1_internal,bns_117,data/02_ground_truth/concordance_v1.csv,data/02_ground_truth/concordance_v1.csv,2025,reverse_lookup,A_ipc_bns_direct,renumbered,322,117,concordance_v1.csv + india_code,concordance_v1.csv row ipc_section=322,True,2026-09-04,True,template_expansion_reverse_lookup,
P7_0561,What was the old IPC provision corresponding to BNS Section 117?,BNS Section 117 (Voluntarily causing grievous hurt) was enacted to replace IPC Section 322 (Voluntarily causing grievous hurt).,322,IPC,concordance_v1_internal,bns_117,data/02_ground_truth/concordance_v1.csv,data/02_ground_truth/concordance_v1.csv,2025,reverse_lookup,A_ipc_bns_direct,renumbered,322,117,concordance_v1.csv + india_code,concordance_v1.csv row ipc_section=322,True,2026-09-04,True,template_expansion_reverse_lookup,
P7_0562,Which section in BNS 2023 corresponds to IPC Section 323?,IPC Section 323 (Punishment for voluntarily causing hurt) corresponds to BNS Section 115 (Punishment for voluntarily causing hurt).,115,BNS,concordance_v1_internal,ipc_323,data/02_ground_truth/concordance_v1.csv,data/02_ground_truth/concordance_v1.csv,2025,transition,A_ipc_bns_direct,renumbered,323,115,concordance_v1.csv + india_code,concordance_v1.csv row ipc_section=323,True,2026-09-04,True,template_expansion_from_concordance_row,
P7_0563,What is the BNS 2023 equivalent of IPC Section 323?,"Under BNS 2023, IPC Section 323 (Punishment for voluntarily causing hurt) has been renumbered/replaced by Section 115 (Punishment for voluntarily causing hurt).",115,BNS,concordance_v1_internal,ipc_323,data/02_ground_truth/concordance_v1.csv,data/02_ground_truth/concordance_v1.csv,2025,transition,A_ipc_bns_direct,renumbered,323,115,concordance_v1.csv + india_code,concordance_v1.csv row ipc_section=323,True,2026-09-04,True,template_expansion_from_concordance_row,
P7_0564,"Under the Bharatiya Nyaya Sanhita 2023, which provision replaced IPC Section 323?",IPC Section 323 was replaced by BNS Section 115 (Punishment for voluntarily causing hurt) with effect from 1 July 2024.,115,BNS,concordance_v1_internal,ipc_323,data/02_ground_truth/concordance_v1.csv,data/02_ground_truth/concordance_v1.csv,2025,transition,A_ipc_bns_direct,renumbered,323,115,concordance_v1.csv + india_code,concordance_v1.csv row ipc_section=323,True,2026-09-04,True,template_expansion_from_concordance_row,
P7_0565,What is the current BNS provision dealing with punishment for voluntarily causing hurt?,The current provision dealing with punishment for voluntarily causing hurt is BNS Section 115 (Punishment for voluntarily causing hurt).,115,BNS,concordance_v1_internal,ipc_323,data/02_ground_truth/concordance_v1.csv,data/02_ground_truth/concordance_v1.csv,2025,punishment_lookup,A_ipc_bns_direct,renumbered,323,115,concordance_v1.csv + india_code,concordance_v1.csv row ipc_section=323,True,2026-09-04,True,template_expansion_current_law,
P7_0566,"Under current Indian criminal law, which section covers punishment for voluntarily causing hurt?","Under BNS 2023 (effective 1 July 2024), punishment for voluntarily causing hurt is governed by Section 115 (Punishment for voluntarily causing hurt).",115,BNS,concordance_v1_internal,ipc_323,data/02_ground_truth/concordance_v1.csv,data/02_ground_truth/concordance_v1.csv,2025,punishment_lookup,A_ipc_bns_direct,renumbered,323,115,concordance_v1.csv + india_code,concordance_v1.csv row ipc_section=323,True,2026-09-04,True,template_expansion_current_law,
P7_0567,Which section in BNS 2023 corresponds to IPC Section 324?,IPC Section 324 (Voluntarily causing hurt by dangerous weapons or means) corresponds to BNS Section 118 (Voluntarily causing hurt by dangerous weapons or means).,118,BNS,concordance_v1_internal,ipc_324,data/02_ground_truth/concordance_v1.csv,data/02_ground_truth/concordance_v1.csv,2025,transition,A_ipc_bns_direct,renumbered,324,118,concordance_v1.csv + india_code,concordance_v1.csv row ipc_section=324,True,2026-09-04,True,template_expansion_from_concordance_row,
P7_0568,What is the BNS 2023 equivalent of IPC Section 324?,"Under BNS 2023, IPC Section 324 (Voluntarily causing hurt by dangerous weapons or means) has been renumbered/replaced by Section 118 (Voluntarily causing hurt by dangerous weapons or means).",118,BNS,concordance_v1_internal,ipc_324,data/02_ground_truth/concordance_v1.csv,data/02_ground_truth/concordance_v1.csv,2025,transition,A_ipc_bns_direct,renumbered,324,118,concordance_v1.csv + india_code,concordance_v1.csv row ipc_section=324,True,2026-09-04,True,template_expansion_from_concordance_row,
P7_0569,"Under the Bharatiya Nyaya Sanhita 2023, which provision replaced IPC Section 324?",IPC Section 324 was replaced by BNS Section 118 (Voluntarily causing hurt by dangerous weapons or means) with effect from 1 July 2024.,118,BNS,concordance_v1_internal,ipc_324,data/02_ground_truth/concordance_v1.csv,data/02_ground_truth/concordance_v1.csv,2025,transition,A_ipc_bns_direct,renumbered,324,118,concordance_v1.csv + india_code,concordance_v1.csv row ipc_section=324,True,2026-09-04,True,template_expansion_from_concordance_row,
P7_0570,What is the current BNS provision dealing with voluntarily causing hurt by dangerous weapons or means?,The current provision dealing with voluntarily causing hurt by dangerous weapons or means is BNS Section 118 (Voluntarily causing hurt by dangerous weapons or means).,118,BNS,concordance_v1_internal,ipc_324,data/02_ground_truth/concordance_v1.csv,data/02_ground_truth/concordance_v1.csv,2025,punishment_lookup,A_ipc_bns_direct,renumbered,324,118,concordance_v1.csv + india_code,concordance_v1.csv row ipc_section=324,True,2026-09-04,True,template_expansion_current_law,
P7_0571,"Under current Indian criminal law, which section covers voluntarily causing hurt by dangerous weapons or means?","Under BNS 2023 (effective 1 July 2024), voluntarily causing hurt by dangerous weapons or means is governed by Section 118 (Voluntarily causing hurt by dangerous weapons or means).",118,BNS,concordance_v1_internal,ipc_324,data/02_ground_truth/concordance_v1.csv,data/02_ground_truth/concordance_v1.csv,2025,punishment_lookup,A_ipc_bns_direct,renumbered,324,118,concordance_v1.csv + india_code,concordance_v1.csv row ipc_section=324,True,2026-09-04,True,template_expansion_current_law,
P7_0572,Which IPC section did BNS Section 118 replace?,BNS Section 118 (Voluntarily causing hurt by dangerous weapons or means) replaced IPC Section 324 (Voluntarily causing hurt by dangerous weapons or means).,324,IPC,concordance_v1_internal,bns_118,data/02_ground_truth/concordance_v1.csv,data/02_ground_truth/concordance_v1.csv,2025,reverse_lookup,A_ipc_bns_direct,renumbered,324,118,concordance_v1.csv + india_code,concordance_v1.csv row ipc_section=324,True,2026-09-04,True,template_expansion_reverse_lookup,
P7_0573,What was the old IPC provision corresponding to BNS Section 118?,BNS Section 118 (Voluntarily causing hurt by dangerous weapons or means) was enacted to replace IPC Section 324 (Voluntarily causing hurt by dangerous weapons or means).,324,IPC,concordance_v1_internal,bns_118,data/02_ground_truth/concordance_v1.csv,data/02_ground_truth/concordance_v1.csv,2025,reverse_lookup,A_ipc_bns_direct,renumbered,324,118,concordance_v1.csv + india_code,concordance_v1.csv row ipc_section=324,True,2026-09-04,True,template_expansion_reverse_lookup,
P7_0574,Which section in BNS 2023 corresponds to IPC Section 326?,IPC Section 326 (Voluntarily causing grievous hurt by dangerous weapons or means) corresponds to BNS Section 118 (Voluntarily causing grievous hurt by dangerous weapons or means). Note: Needs verification — possible merge with 324 mapping,118,BNS,concordance_v1_internal,ipc_326,data/02_ground_truth/concordance_v1.csv,data/02_ground_truth/concordance_v1.csv,2025,transition,A_ipc_bns_direct,renumbered,326,118,concordance_v1.csv + india_code,concordance_v1.csv row ipc_section=326,True,2026-09-04,True,template_expansion_from_concordance_row,
P7_0575,What is the BNS 2023 equivalent of IPC Section 326?,"Under BNS 2023, IPC Section 326 (Voluntarily causing grievous hurt by dangerous weapons or means) has been renumbered/replaced by Section 118 (Voluntarily causing grievous hurt by dangerous weapons or means). Note: Needs verification — possible merge with 324 mapping",118,BNS,concordance_v1_internal,ipc_326,data/02_ground_truth/concordance_v1.csv,data/02_ground_truth/concordance_v1.csv,2025,transition,A_ipc_bns_direct,renumbered,326,118,concordance_v1.csv + india_code,concordance_v1.csv row ipc_section=326,True,2026-09-04,True,template_expansion_from_concordance_row,
P7_0576,"Under the Bharatiya Nyaya Sanhita 2023, which provision replaced IPC Section 326?",IPC Section 326 was replaced by BNS Section 118 (Voluntarily causing grievous hurt by dangerous weapons or means) with effect from 1 July 2024. Note: Needs verification — possible merge with 324 mapping,118,BNS,concordance_v1_internal,ipc_326,data/02_ground_truth/concordance_v1.csv,data/02_ground_truth/concordance_v1.csv,2025,transition,A_ipc_bns_direct,renumbered,326,118,concordance_v1.csv + india_code,concordance_v1.csv row ipc_section=326,True,2026-09-04,True,template_expansion_from_concordance_row,
P7_0577,What is the current BNS provision dealing with voluntarily causing grievous hurt by dangerous weapons or means?,The current provision dealing with voluntarily causing grievous hurt by dangerous weapons or means is BNS Section 118 (Voluntarily causing grievous hurt by dangerous weapons or means).,118,BNS,concordance_v1_internal,ipc_326,data/02_ground_truth/concordance_v1.csv,data/02_ground_truth/concordance_v1.csv,2025,punishment_lookup,A_ipc_bns_direct,renumbered,326,118,concordance_v1.csv + india_code,concordance_v1.csv row ipc_section=326,True,2026-09-04,True,template_expansion_current_law,
P7_0578,"Under current Indian criminal law, which section covers voluntarily causing grievous hurt by dangerous weapons or means?","Under BNS 2023 (effective 1 July 2024), voluntarily causing grievous hurt by dangerous weapons or means is governed by Section 118 (Voluntarily causing grievous hurt by dangerous weapons or means).",118,BNS,concordance_v1_internal,ipc_326,data/02_ground_truth/concordance_v1.csv,data/02_ground_truth/concordance_v1.csv,2025,punishment_lookup,A_ipc_bns_direct,renumbered,326,118,concordance_v1.csv + india_code,concordance_v1.csv row ipc_section=326,True,2026-09-04,True,template_expansion_current_law,
P7_0579,Which section in BNS 2023 corresponds to IPC Section 354?,IPC Section 354 (Assault or criminal force to woman with intent to outrage her modesty) corresponds to BNS Section 74 (Assault or use of criminal force to woman with intent to outrage her modesty).,74,BNS,concordance_v1_internal,ipc_354,data/02_ground_truth/concordance_v1.csv,data/02_ground_truth/concordance_v1.csv,2025,transition,A_ipc_bns_direct,renumbered,354,74,concordance_v1.csv + india_code,concordance_v1.csv row ipc_section=354,True,2026-09-04,True,template_expansion_from_concordance_row,
P7_0580,What is the BNS 2023 equivalent of IPC Section 354?,"Under BNS 2023, IPC Section 354 (Assault or criminal force to woman with intent to outrage her modesty) has been renumbered/replaced by Section 74 (Assault or use of criminal force to woman with intent to outrage her modesty).",74,BNS,concordance_v1_internal,ipc_354,data/02_ground_truth/concordance_v1.csv,data/02_ground_truth/concordance_v1.csv,2025,transition,A_ipc_bns_direct,renumbered,354,74,concordance_v1.csv + india_code,concordance_v1.csv row ipc_section=354,True,2026-09-04,True,template_expansion_from_concordance_row,
P7_0581,"Under the Bharatiya Nyaya Sanhita 2023, which provision replaced IPC Section 354?",IPC Section 354 was replaced by BNS Section 74 (Assault or use of criminal force to woman with intent to outrage her modesty) with effect from 1 July 2024.,74,BNS,concordance_v1_internal,ipc_354,data/02_ground_truth/concordance_v1.csv,data/02_ground_truth/concordance_v1.csv,2025,transition,A_ipc_bns_direct,renumbered,354,74,concordance_v1.csv + india_code,concordance_v1.csv row ipc_section=354,True,2026-09-04,True,template_expansion_from_concordance_row,
P7_0582,What is the current BNS provision dealing with assault or criminal force to woman with intent to outrage her modesty?,The current provision dealing with assault or criminal force to woman with intent to outrage her modesty is BNS Section 74 (Assault or use of criminal force to woman with intent to outrage her modesty).,74,BNS,concordance_v1_internal,ipc_354,data/02_ground_truth/concordance_v1.csv,data/02_ground_truth/concordance_v1.csv,2025,punishment_lookup,A_ipc_bns_direct,renumbered,354,74,concordance_v1.csv + india_code,concordance_v1.csv row ipc_section=354,True,2026-09-04,True,template_expansion_current_law,
P7_0583,"Under current Indian criminal law, which section covers assault or criminal force to woman with intent to outrage her modesty?","Under BNS 2023 (effective 1 July 2024), assault or criminal force to woman with intent to outrage her modesty is governed by Section 74 (Assault or use of criminal force to woman with intent to outrage her modesty).",74,BNS,concordance_v1_internal,ipc_354,data/02_ground_truth/concordance_v1.csv,data/02_ground_truth/concordance_v1.csv,2025,punishment_lookup,A_ipc_bns_direct,renumbered,354,74,concordance_v1.csv + india_code,concordance_v1.csv row ipc_section=354,True,2026-09-04,True,template_expansion_current_law,
P7_0584,Which IPC section did BNS Section 74 replace?,BNS Section 74 (Assault or use of criminal force to woman with intent to outrage her modesty) replaced IPC Section 354 (Assault or criminal force to woman with intent to outrage her modesty).,354,IPC,concordance_v1_internal,bns_74,data/02_ground_truth/concordance_v1.csv,data/02_ground_truth/concordance_v1.csv,2025,reverse_lookup,A_ipc_bns_direct,renumbered,354,74,concordance_v1.csv + india_code,concordance_v1.csv row ipc_section=354,True,2026-09-04,True,template_expansion_reverse_lookup,
P7_0585,What was the old IPC provision corresponding to BNS Section 74?,BNS Section 74 (Assault or use of criminal force to woman with intent to outrage her modesty) was enacted to replace IPC Section 354 (Assault or criminal force to woman with intent to outrage her modesty).,354,IPC,concordance_v1_internal,bns_74,data/02_ground_truth/concordance_v1.csv,data/02_ground_truth/concordance_v1.csv,2025,reverse_lookup,A_ipc_bns_direct,renumbered,354,74,concordance_v1.csv + india_code,concordance_v1.csv row ipc_section=354,True,2026-09-04,True,template_expansion_reverse_lookup,
P7_0586,Which section in BNS 2023 corresponds to IPC Section 354A?,IPC Section 354A (Sexual harassment) corresponds to BNS Section 75 (Sexual harassment and punishment for sexual harassment).,75,BNS,concordance_v1_internal,ipc_354A,data/02_ground_truth/concordance_v1.csv,data/02_ground_truth/concordance_v1.csv,2025,transition,A_ipc_bns_direct,renumbered,354A,75,concordance_v1.csv + india_code,concordance_v1.csv row ipc_section=354A,True,2026-09-04,True,template_expansion_from_concordance_row,
P7_0587,What is the BNS 2023 equivalent of IPC Section 354A?,"Under BNS 2023, IPC Section 354A (Sexual harassment) has been renumbered/replaced by Section 75 (Sexual harassment and punishment for sexual harassment).",75,BNS,concordance_v1_internal,ipc_354A,data/02_ground_truth/concordance_v1.csv,data/02_ground_truth/concordance_v1.csv,2025,transition,A_ipc_bns_direct,renumbered,354A,75,concordance_v1.csv + india_code,concordance_v1.csv row ipc_section=354A,True,2026-09-04,True,template_expansion_from_concordance_row,
P7_0588,"Under the Bharatiya Nyaya Sanhita 2023, which provision replaced IPC Section 354A?",IPC Section 354A was replaced by BNS Section 75 (Sexual harassment and punishment for sexual harassment) with effect from 1 July 2024.,75,BNS,concordance_v1_internal,ipc_354A,data/02_ground_truth/concordance_v1.csv,data/02_ground_truth/concordance_v1.csv,2025,transition,A_ipc_bns_direct,renumbered,354A,75,concordance_v1.csv + india_code,concordance_v1.csv row ipc_section=354A,True,2026-09-04,True,template_expansion_from_concordance_row,
P7_0589,What is the current BNS provision dealing with sexual harassment?,The current provision dealing with sexual harassment is BNS Section 75 (Sexual harassment and punishment for sexual harassment).,75,BNS,concordance_v1_internal,ipc_354A,data/02_ground_truth/concordance_v1.csv,data/02_ground_truth/concordance_v1.csv,2025,punishment_lookup,A_ipc_bns_direct,renumbered,354A,75,concordance_v1.csv + india_code,concordance_v1.csv row ipc_section=354A,True,2026-09-04,True,template_expansion_current_law,
P7_0590,"Under current Indian criminal law, which section covers sexual harassment?","Under BNS 2023 (effective 1 July 2024), sexual harassment is governed by Section 75 (Sexual harassment and punishment for sexual harassment).",75,BNS,concordance_v1_internal,ipc_354A,data/02_ground_truth/concordance_v1.csv,data/02_ground_truth/concordance_v1.csv,2025,punishment_lookup,A_ipc_bns_direct,renumbered,354A,75,concordance_v1.csv + india_code,concordance_v1.csv row ipc_section=354A,True,2026-09-04,True,template_expansion_current_law,
P7_0591,Which IPC section did BNS Section 75 replace?,BNS Section 75 (Sexual harassment and punishment for sexual harassment) replaced IPC Section 354A (Sexual harassment).,354A,IPC,concordance_v1_internal,bns_75,data/02_ground_truth/concordance_v1.csv,data/02_ground_truth/concordance_v1.csv,2025,reverse_lookup,A_ipc_bns_direct,renumbered,354A,75,concordance_v1.csv + india_code,concordance_v1.csv row ipc_section=354A,True,2026-09-04,True,template_expansion_reverse_lookup,
P7_0592,What was the old IPC provision corresponding to BNS Section 75?,BNS Section 75 (Sexual harassment and punishment for sexual harassment) was enacted to replace IPC Section 354A (Sexual harassment).,354A,IPC,concordance_v1_internal,bns_75,data/02_ground_truth/concordance_v1.csv,data/02_ground_truth/concordance_v1.csv,2025,reverse_lookup,A_ipc_bns_direct,renumbered,354A,75,concordance_v1.csv + india_code,concordance_v1.csv row ipc_section=354A,True,2026-09-04,True,template_expansion_reverse_lookup,
P7_0593,Which section in BNS 2023 corresponds to IPC Section 354B?,IPC Section 354B (Assault or use of criminal force to woman with intent to disrobe) corresponds to BNS Section 76 (Assault or use of criminal force to woman with intent to disrobe).,76,BNS,concordance_v1_internal,ipc_354B,data/02_ground_truth/concordance_v1.csv,data/02_ground_truth/concordance_v1.csv,2025,transition,A_ipc_bns_direct,renumbered,354B,76,concordance_v1.csv + india_code,concordance_v1.csv row ipc_section=354B,True,2026-09-04,True,template_expansion_from_concordance_row,
P7_0594,What is the BNS 2023 equivalent of IPC Section 354B?,"Under BNS 2023, IPC Section 354B (Assault or use of criminal force to woman with intent to disrobe) has been renumbered/replaced by Section 76 (Assault or use of criminal force to woman with intent to disrobe).",76,BNS,concordance_v1_internal,ipc_354B,data/02_ground_truth/concordance_v1.csv,data/02_ground_truth/concordance_v1.csv,2025,transition,A_ipc_bns_direct,renumbered,354B,76,concordance_v1.csv + india_code,concordance_v1.csv row ipc_section=354B,True,2026-09-04,True,template_expansion_from_concordance_row,
P7_0595,"Under the Bharatiya Nyaya Sanhita 2023, which provision replaced IPC Section 354B?",IPC Section 354B was replaced by BNS Section 76 (Assault or use of criminal force to woman with intent to disrobe) with effect from 1 July 2024.,76,BNS,concordance_v1_internal,ipc_354B,data/02_ground_truth/concordance_v1.csv,data/02_ground_truth/concordance_v1.csv,2025,transition,A_ipc_bns_direct,renumbered,354B,76,concordance_v1.csv + india_code,concordance_v1.csv row ipc_section=354B,True,2026-09-04,True,template_expansion_from_concordance_row,
P7_0596,What is the current BNS provision dealing with assault or use of criminal force to woman with intent to disrobe?,The current provision dealing with assault or use of criminal force to woman with intent to disrobe is BNS Section 76 (Assault or use of criminal force to woman with intent to disrobe).,76,BNS,concordance_v1_internal,ipc_354B,data/02_ground_truth/concordance_v1.csv,data/02_ground_truth/concordance_v1.csv,2025,punishment_lookup,A_ipc_bns_direct,renumbered,354B,76,concordance_v1.csv + india_code,concordance_v1.csv row ipc_section=354B,True,2026-09-04,True,template_expansion_current_law,
P7_0597,"Under current Indian criminal law, which section covers assault or use of criminal force to woman with intent to disrobe?","Under BNS 2023 (effective 1 July 2024), assault or use of criminal force to woman with intent to disrobe is governed by Section 76 (Assault or use of criminal force to woman with intent to disrobe).",76,BNS,concordance_v1_internal,ipc_354B,data/02_ground_truth/concordance_v1.csv,data/02_ground_truth/concordance_v1.csv,2025,punishment_lookup,A_ipc_bns_direct,renumbered,354B,76,concordance_v1.csv + india_code,concordance_v1.csv row ipc_section=354B,True,2026-09-04,True,template_expansion_current_law,
P7_0598,Which IPC section did BNS Section 76 replace?,BNS Section 76 (Assault or use of criminal force to woman with intent to disrobe) replaced IPC Section 354B (Assault or use of criminal force to woman with intent to disrobe).,354B,IPC,concordance_v1_internal,bns_76,data/02_ground_truth/concordance_v1.csv,data/02_ground_truth/concordance_v1.csv,2025,reverse_lookup,A_ipc_bns_direct,renumbered,354B,76,concordance_v1.csv + india_code,concordance_v1.csv row ipc_section=354B,True,2026-09-04,True,template_expansion_reverse_lookup,
P7_0599,What was the old IPC provision corresponding to BNS Section 76?,BNS Section 76 (Assault or use of criminal force to woman with intent to disrobe) was enacted to replace IPC Section 354B (Assault or use of criminal force to woman with intent to disrobe).,354B,IPC,concordance_v1_internal,bns_76,data/02_ground_truth/concordance_v1.csv,data/02_ground_truth/concordance_v1.csv,2025,reverse_lookup,A_ipc_bns_direct,renumbered,354B,76,concordance_v1.csv + india_code,concordance_v1.csv row ipc_section=354B,True,2026-09-04,True,template_expansion_reverse_lookup,
P7_0600,Which section in BNS 2023 corresponds to IPC Section 354C?,IPC Section 354C (Voyeurism) corresponds to BNS Section 77 (Voyeurism).,77,BNS,concordance_v1_internal,ipc_354C,data/02_ground_truth/concordance_v1.csv,data/02_ground_truth/concordance_v1.csv,2025,transition,A_ipc_bns_direct,renumbered,354C,77,concordance_v1.csv + india_code,concordance_v1.csv row ipc_section=354C,True,2026-09-04,True,template_expansion_from_concordance_row,
P7_0601,What is the BNS 2023 equivalent of IPC Section 354C?,"Under BNS 2023, IPC Section 354C (Voyeurism) has been renumbered/replaced by Section 77 (Voyeurism).",77,BNS,concordance_v1_internal,ipc_354C,data/02_ground_truth/concordance_v1.csv,data/02_ground_truth/concordance_v1.csv,2025,transition,A_ipc_bns_direct,renumbered,354C,77,concordance_v1.csv + india_code,concordance_v1.csv row ipc_section=354C,True,2026-09-04,True,template_expansion_from_concordance_row,
P7_0602,"Under the Bharatiya Nyaya Sanhita 2023, which provision replaced IPC Section 354C?",IPC Section 354C was replaced by BNS Section 77 (Voyeurism) with effect from 1 July 2024.,77,BNS,concordance_v1_internal,ipc_354C,data/02_ground_truth/concordance_v1.csv,data/02_ground_truth/concordance_v1.csv,2025,transition,A_ipc_bns_direct,renumbered,354C,77,concordance_v1.csv + india_code,concordance_v1.csv row ipc_section=354C,True,2026-09-04,True,template_expansion_from_concordance_row,
P7_0603,What is the current BNS provision dealing with voyeurism?,The current provision dealing with voyeurism is BNS Section 77 (Voyeurism).,77,BNS,concordance_v1_internal,ipc_354C,data/02_ground_truth/concordance_v1.csv,data/02_ground_truth/concordance_v1.csv,2025,punishment_lookup,A_ipc_bns_direct,renumbered,354C,77,concordance_v1.csv + india_code,concordance_v1.csv row ipc_section=354C,True,2026-09-04,True,template_expansion_current_law,
P7_0604,"Under current Indian criminal law, which section covers voyeurism?","Under BNS 2023 (effective 1 July 2024), voyeurism is governed by Section 77 (Voyeurism).",77,BNS,concordance_v1_internal,ipc_354C,data/02_ground_truth/concordance_v1.csv,data/02_ground_truth/concordance_v1.csv,2025,punishment_lookup,A_ipc_bns_direct,renumbered,354C,77,concordance_v1.csv + india_code,concordance_v1.csv row ipc_section=354C,True,2026-09-04,True,template_expansion_current_law,
P7_0605,Which IPC section did BNS Section 77 replace?,BNS Section 77 (Voyeurism) replaced IPC Section 354C (Voyeurism).,354C,IPC,concordance_v1_internal,bns_77,data/02_ground_truth/concordance_v1.csv,data/02_ground_truth/concordance_v1.csv,2025,reverse_lookup,A_ipc_bns_direct,renumbered,354C,77,concordance_v1.csv + india_code,concordance_v1.csv row ipc_section=354C,True,2026-09-04,True,template_expansion_reverse_lookup,
P7_0606,What was the old IPC provision corresponding to BNS Section 77?,BNS Section 77 (Voyeurism) was enacted to replace IPC Section 354C (Voyeurism).,354C,IPC,concordance_v1_internal,bns_77,data/02_ground_truth/concordance_v1.csv,data/02_ground_truth/concordance_v1.csv,2025,reverse_lookup,A_ipc_bns_direct,renumbered,354C,77,concordance_v1.csv + india_code,concordance_v1.csv row ipc_section=354C,True,2026-09-04,True,template_expansion_reverse_lookup,
P7_0607,Which section in BNS 2023 corresponds to IPC Section 354D?,IPC Section 354D (Stalking) corresponds to BNS Section 78 (Stalking).,78,BNS,concordance_v1_internal,ipc_354D,data/02_ground_truth/concordance_v1.csv,data/02_ground_truth/concordance_v1.csv,2025,transition,A_ipc_bns_direct,renumbered,354D,78,concordance_v1.csv + india_code,concordance_v1.csv row ipc_section=354D,True,2026-09-04,True,template_expansion_from_concordance_row,
P7_0608,What is the BNS 2023 equivalent of IPC Section 354D?,"Under BNS 2023, IPC Section 354D (Stalking) has been renumbered/replaced by Section 78 (Stalking).",78,BNS,concordance_v1_internal,ipc_354D,data/02_ground_truth/concordance_v1.csv,data/02_ground_truth/concordance_v1.csv,2025,transition,A_ipc_bns_direct,renumbered,354D,78,concordance_v1.csv + india_code,concordance_v1.csv row ipc_section=354D,True,2026-09-04,True,template_expansion_from_concordance_row,
P7_0609,"Under the Bharatiya Nyaya Sanhita 2023, which provision replaced IPC Section 354D?",IPC Section 354D was replaced by BNS Section 78 (Stalking) with effect from 1 July 2024.,78,BNS,concordance_v1_internal,ipc_354D,data/02_ground_truth/concordance_v1.csv,data/02_ground_truth/concordance_v1.csv,2025,transition,A_ipc_bns_direct,renumbered,354D,78,concordance_v1.csv + india_code,concordance_v1.csv row ipc_section=354D,True,2026-09-04,True,template_expansion_from_concordance_row,
P7_0610,What is the current BNS provision dealing with stalking?,The current provision dealing with stalking is BNS Section 78 (Stalking).,78,BNS,concordance_v1_internal,ipc_354D,data/02_ground_truth/concordance_v1.csv,data/02_ground_truth/concordance_v1.csv,2025,punishment_lookup,A_ipc_bns_direct,renumbered,354D,78,concordance_v1.csv + india_code,concordance_v1.csv row ipc_section=354D,True,2026-09-04,True,template_expansion_current_law,
P7_0611,"Under current Indian criminal law, which section covers stalking?","Under BNS 2023 (effective 1 July 2024), stalking is governed by Section 78 (Stalking).",78,BNS,concordance_v1_internal,ipc_354D,data/02_ground_truth/concordance_v1.csv,data/02_ground_truth/concordance_v1.csv,2025,punishment_lookup,A_ipc_bns_direct,renumbered,354D,78,concordance_v1.csv + india_code,concordance_v1.csv row ipc_section=354D,True,2026-09-04,True,template_expansion_current_law,
P7_0612,Which IPC section did BNS Section 78 replace?,BNS Section 78 (Stalking) replaced IPC Section 354D (Stalking).,354D,IPC,concordance_v1_internal,bns_78,data/02_ground_truth/concordance_v1.csv,data/02_ground_truth/concordance_v1.csv,2025,reverse_lookup,A_ipc_bns_direct,renumbered,354D,78,concordance_v1.csv + india_code,concordance_v1.csv row ipc_section=354D,True,2026-09-04,True,template_expansion_reverse_lookup,
P7_0613,What was the old IPC provision corresponding to BNS Section 78?,BNS Section 78 (Stalking) was enacted to replace IPC Section 354D (Stalking).,354D,IPC,concordance_v1_internal,bns_78,data/02_ground_truth/concordance_v1.csv,data/02_ground_truth/concordance_v1.csv,2025,reverse_lookup,A_ipc_bns_direct,renumbered,354D,78,concordance_v1.csv + india_code,concordance_v1.csv row ipc_section=354D,True,2026-09-04,True,template_expansion_reverse_lookup,
P7_0614,Which section in BNS 2023 corresponds to IPC Section 359?,IPC Section 359 (Kidnapping) corresponds to BNS Section 137 (Kidnapping).,137,BNS,concordance_v1_internal,ipc_359,data/02_ground_truth/concordance_v1.csv,data/02_ground_truth/concordance_v1.csv,2025,transition,A_ipc_bns_direct,renumbered,359,137,concordance_v1.csv + india_code,concordance_v1.csv row ipc_section=359,True,2026-09-04,True,template_expansion_from_concordance_row,
P7_0615,What is the BNS 2023 equivalent of IPC Section 359?,"Under BNS 2023, IPC Section 359 (Kidnapping) has been renumbered/replaced by Section 137 (Kidnapping).",137,BNS,concordance_v1_internal,ipc_359,data/02_ground_truth/concordance_v1.csv,data/02_ground_truth/concordance_v1.csv,2025,transition,A_ipc_bns_direct,renumbered,359,137,concordance_v1.csv + india_code,concordance_v1.csv row ipc_section=359,True,2026-09-04,True,template_expansion_from_concordance_row,
P7_0616,"Under the Bharatiya Nyaya Sanhita 2023, which provision replaced IPC Section 359?",IPC Section 359 was replaced by BNS Section 137 (Kidnapping) with effect from 1 July 2024.,137,BNS,concordance_v1_internal,ipc_359,data/02_ground_truth/concordance_v1.csv,data/02_ground_truth/concordance_v1.csv,2025,transition,A_ipc_bns_direct,renumbered,359,137,concordance_v1.csv + india_code,concordance_v1.csv row ipc_section=359,True,2026-09-04,True,template_expansion_from_concordance_row,
P7_0617,What is the current BNS provision dealing with kidnapping?,The current provision dealing with kidnapping is BNS Section 137 (Kidnapping).,137,BNS,concordance_v1_internal,ipc_359,data/02_ground_truth/concordance_v1.csv,data/02_ground_truth/concordance_v1.csv,2025,punishment_lookup,A_ipc_bns_direct,renumbered,359,137,concordance_v1.csv + india_code,concordance_v1.csv row ipc_section=359,True,2026-09-04,True,template_expansion_current_law,
P7_0618,"Under current Indian criminal law, which section covers kidnapping?","Under BNS 2023 (effective 1 July 2024), kidnapping is governed by Section 137 (Kidnapping).",137,BNS,concordance_v1_internal,ipc_359,data/02_ground_truth/concordance_v1.csv,data/02_ground_truth/concordance_v1.csv,2025,punishment_lookup,A_ipc_bns_direct,renumbered,359,137,concordance_v1.csv + india_code,concordance_v1.csv row ipc_section=359,True,2026-09-04,True,template_expansion_current_law,
P7_0619,Which IPC section did BNS Section 137 replace?,BNS Section 137 (Kidnapping) replaced IPC Section 359 (Kidnapping).,359,IPC,concordance_v1_internal,bns_137,data/02_ground_truth/concordance_v1.csv,data/02_ground_truth/concordance_v1.csv,2025,reverse_lookup,A_ipc_bns_direct,renumbered,359,137,concordance_v1.csv + india_code,concordance_v1.csv row ipc_section=359,True,2026-09-04,True,template_expansion_reverse_lookup,
P7_0620,What was the old IPC provision corresponding to BNS Section 137?,BNS Section 137 (Kidnapping) was enacted to replace IPC Section 359 (Kidnapping).,359,IPC,concordance_v1_internal,bns_137,data/02_ground_truth/concordance_v1.csv,data/02_ground_truth/concordance_v1.csv,2025,reverse_lookup,A_ipc_bns_direct,renumbered,359,137,concordance_v1.csv + india_code,concordance_v1.csv row ipc_section=359,True,2026-09-04,True,template_expansion_reverse_lookup,
P7_0621,Which section in BNS 2023 corresponds to IPC Section 362?,IPC Section 362 (Abduction) corresponds to BNS Section 138 (Abduction).,138,BNS,concordance_v1_internal,ipc_362,data/02_ground_truth/concordance_v1.csv,data/02_ground_truth/concordance_v1.csv,2025,transition,A_ipc_bns_direct,renumbered,362,138,concordance_v1.csv + india_code,concordance_v1.csv row ipc_section=362,True,2026-09-04,True,template_expansion_from_concordance_row,
P7_0622,What is the BNS 2023 equivalent of IPC Section 362?,"Under BNS 2023, IPC Section 362 (Abduction) has been renumbered/replaced by Section 138 (Abduction).",138,BNS,concordance_v1_internal,ipc_362,data/02_ground_truth/concordance_v1.csv,data/02_ground_truth/concordance_v1.csv,2025,transition,A_ipc_bns_direct,renumbered,362,138,concordance_v1.csv + india_code,concordance_v1.csv row ipc_section=362,True,2026-09-04,True,template_expansion_from_concordance_row,
P7_0623,"Under the Bharatiya Nyaya Sanhita 2023, which provision replaced IPC Section 362?",IPC Section 362 was replaced by BNS Section 138 (Abduction) with effect from 1 July 2024.,138,BNS,concordance_v1_internal,ipc_362,data/02_ground_truth/concordance_v1.csv,data/02_ground_truth/concordance_v1.csv,2025,transition,A_ipc_bns_direct,renumbered,362,138,concordance_v1.csv + india_code,concordance_v1.csv row ipc_section=362,True,2026-09-04,True,template_expansion_from_concordance_row,
P7_0624,What is the current BNS provision dealing with abduction?,The current provision dealing with abduction is BNS Section 138 (Abduction).,138,BNS,concordance_v1_internal,ipc_362,data/02_ground_truth/concordance_v1.csv,data/02_ground_truth/concordance_v1.csv,2025,punishment_lookup,A_ipc_bns_direct,renumbered,362,138,concordance_v1.csv + india_code,concordance_v1.csv row ipc_section=362,True,2026-09-04,True,template_expansion_current_law,
P7_0625,"Under current Indian criminal law, which section covers abduction?","Under BNS 2023 (effective 1 July 2024), abduction is governed by Section 138 (Abduction).",138,BNS,concordance_v1_internal,ipc_362,data/02_ground_truth/concordance_v1.csv,data/02_ground_truth/concordance_v1.csv,2025,punishment_lookup,A_ipc_bns_direct,renumbered,362,138,concordance_v1.csv + india_code,concordance_v1.csv row ipc_section=362,True,2026-09-04,True,template_expansion_current_law,
P7_0626,Which IPC section did BNS Section 138 replace?,BNS Section 138 (Abduction) replaced IPC Section 362 (Abduction).,362,IPC,concordance_v1_internal,bns_138,data/02_ground_truth/concordance_v1.csv,data/02_ground_truth/concordance_v1.csv,2025,reverse_lookup,A_ipc_bns_direct,renumbered,362,138,concordance_v1.csv + india_code,concordance_v1.csv row ipc_section=362,True,2026-09-04,True,template_expansion_reverse_lookup,
P7_0627,What was the old IPC provision corresponding to BNS Section 138?,BNS Section 138 (Abduction) was enacted to replace IPC Section 362 (Abduction).,362,IPC,concordance_v1_internal,bns_138,data/02_ground_truth/concordance_v1.csv,data/02_ground_truth/concordance_v1.csv,2025,reverse_lookup,A_ipc_bns_direct,renumbered,362,138,concordance_v1.csv + india_code,concordance_v1.csv row ipc_section=362,True,2026-09-04,True,template_expansion_reverse_lookup,
P7_0628,Which section in BNS 2023 corresponds to IPC Section 363?,IPC Section 363 (Punishment for kidnapping) corresponds to BNS Section 139 (Punishment for kidnapping).,139,BNS,concordance_v1_internal,ipc_363,data/02_ground_truth/concordance_v1.csv,data/02_ground_truth/concordance_v1.csv,2025,transition,A_ipc_bns_direct,renumbered,363,139,concordance_v1.csv + india_code,concordance_v1.csv row ipc_section=363,True,2026-09-04,True,template_expansion_from_concordance_row,
P7_0629,What is the BNS 2023 equivalent of IPC Section 363?,"Under BNS 2023, IPC Section 363 (Punishment for kidnapping) has been renumbered/replaced by Section 139 (Punishment for kidnapping).",139,BNS,concordance_v1_internal,ipc_363,data/02_ground_truth/concordance_v1.csv,data/02_ground_truth/concordance_v1.csv,2025,transition,A_ipc_bns_direct,renumbered,363,139,concordance_v1.csv + india_code,concordance_v1.csv row ipc_section=363,True,2026-09-04,True,template_expansion_from_concordance_row,
P7_0630,"Under the Bharatiya Nyaya Sanhita 2023, which provision replaced IPC Section 363?",IPC Section 363 was replaced by BNS Section 139 (Punishment for kidnapping) with effect from 1 July 2024.,139,BNS,concordance_v1_internal,ipc_363,data/02_ground_truth/concordance_v1.csv,data/02_ground_truth/concordance_v1.csv,2025,transition,A_ipc_bns_direct,renumbered,363,139,concordance_v1.csv + india_code,concordance_v1.csv row ipc_section=363,True,2026-09-04,True,template_expansion_from_concordance_row,
P7_0631,What is the current BNS provision dealing with punishment for kidnapping?,The current provision dealing with punishment for kidnapping is BNS Section 139 (Punishment for kidnapping).,139,BNS,concordance_v1_internal,ipc_363,data/02_ground_truth/concordance_v1.csv,data/02_ground_truth/concordance_v1.csv,2025,punishment_lookup,A_ipc_bns_direct,renumbered,363,139,concordance_v1.csv + india_code,concordance_v1.csv row ipc_section=363,True,2026-09-04,True,template_expansion_current_law,
P7_0632,"Under current Indian criminal law, which section covers punishment for kidnapping?","Under BNS 2023 (effective 1 July 2024), punishment for kidnapping is governed by Section 139 (Punishment for kidnapping).",139,BNS,concordance_v1_internal,ipc_363,data/02_ground_truth/concordance_v1.csv,data/02_ground_truth/concordance_v1.csv,2025,punishment_lookup,A_ipc_bns_direct,renumbered,363,139,concordance_v1.csv + india_code,concordance_v1.csv row ipc_section=363,True,2026-09-04,True,template_expansion_current_law,
P7_0633,Which IPC section did BNS Section 139 replace?,BNS Section 139 (Punishment for kidnapping) replaced IPC Section 363 (Punishment for kidnapping).,363,IPC,concordance_v1_internal,bns_139,data/02_ground_truth/concordance_v1.csv,data/02_ground_truth/concordance_v1.csv,2025,reverse_lookup,A_ipc_bns_direct,renumbered,363,139,concordance_v1.csv + india_code,concordance_v1.csv row ipc_section=363,True,2026-09-04,True,template_expansion_reverse_lookup,
P7_0634,What was the old IPC provision corresponding to BNS Section 139?,BNS Section 139 (Punishment for kidnapping) was enacted to replace IPC Section 363 (Punishment for kidnapping).,363,IPC,concordance_v1_internal,bns_139,data/02_ground_truth/concordance_v1.csv,data/02_ground_truth/concordance_v1.csv,2025,reverse_lookup,A_ipc_bns_direct,renumbered,363,139,concordance_v1.csv + india_code,concordance_v1.csv row ipc_section=363,True,2026-09-04,True,template_expansion_reverse_lookup,
P7_0635,Which section in BNS 2023 corresponds to IPC Section 363A?,IPC Section 363A (Kidnapping or maiming a minor for purposes of begging) corresponds to BNS Section 140 (Kidnapping or maiming a minor for purposes of begging).,140,BNS,concordance_v1_internal,ipc_363A,data/02_ground_truth/concordance_v1.csv,data/02_ground_truth/concordance_v1.csv,2025,transition,A_ipc_bns_direct,renumbered,363A,140,concordance_v1.csv + india_code,concordance_v1.csv row ipc_section=363A,True,2026-09-04,True,template_expansion_from_concordance_row,
P7_0636,What is the BNS 2023 equivalent of IPC Section 363A?,"Under BNS 2023, IPC Section 363A (Kidnapping or maiming a minor for purposes of begging) has been renumbered/replaced by Section 140 (Kidnapping or maiming a minor for purposes of begging).",140,BNS,concordance_v1_internal,ipc_363A,data/02_ground_truth/concordance_v1.csv,data/02_ground_truth/concordance_v1.csv,2025,transition,A_ipc_bns_direct,renumbered,363A,140,concordance_v1.csv + india_code,concordance_v1.csv row ipc_section=363A,True,2026-09-04,True,template_expansion_from_concordance_row,
P7_0637,"Under the Bharatiya Nyaya Sanhita 2023, which provision replaced IPC Section 363A?",IPC Section 363A was replaced by BNS Section 140 (Kidnapping or maiming a minor for purposes of begging) with effect from 1 July 2024.,140,BNS,concordance_v1_internal,ipc_363A,data/02_ground_truth/concordance_v1.csv,data/02_ground_truth/concordance_v1.csv,2025,transition,A_ipc_bns_direct,renumbered,363A,140,concordance_v1.csv + india_code,concordance_v1.csv row ipc_section=363A,True,2026-09-04,True,template_expansion_from_concordance_row,
P7_0638,What is the current BNS provision dealing with kidnapping or maiming a minor for purposes of begging?,The current provision dealing with kidnapping or maiming a minor for purposes of begging is BNS Section 140 (Kidnapping or maiming a minor for purposes of begging).,140,BNS,concordance_v1_internal,ipc_363A,data/02_ground_truth/concordance_v1.csv,data/02_ground_truth/concordance_v1.csv,2025,punishment_lookup,A_ipc_bns_direct,renumbered,363A,140,concordance_v1.csv + india_code,concordance_v1.csv row ipc_section=363A,True,2026-09-04,True,template_expansion_current_law,
P7_0639,"Under current Indian criminal law, which section covers kidnapping or maiming a minor for purposes of begging?","Under BNS 2023 (effective 1 July 2024), kidnapping or maiming a minor for purposes of begging is governed by Section 140 (Kidnapping or maiming a minor for purposes of begging).",140,BNS,concordance_v1_internal,ipc_363A,data/02_ground_truth/concordance_v1.csv,data/02_ground_truth/concordance_v1.csv,2025,punishment_lookup,A_ipc_bns_direct,renumbered,363A,140,concordance_v1.csv + india_code,concordance_v1.csv row ipc_section=363A,True,2026-09-04,True,template_expansion_current_law,
P7_0640,Which IPC section did BNS Section 140 replace?,BNS Section 140 (Kidnapping or maiming a minor for purposes of begging) replaced IPC Section 363A (Kidnapping or maiming a minor for purposes of begging).,363A,IPC,concordance_v1_internal,bns_140,data/02_ground_truth/concordance_v1.csv,data/02_ground_truth/concordance_v1.csv,2025,reverse_lookup,A_ipc_bns_direct,renumbered,363A,140,concordance_v1.csv + india_code,concordance_v1.csv row ipc_section=363A,True,2026-09-04,True,template_expansion_reverse_lookup,
P7_0641,What was the old IPC provision corresponding to BNS Section 140?,BNS Section 140 (Kidnapping or maiming a minor for purposes of begging) was enacted to replace IPC Section 363A (Kidnapping or maiming a minor for purposes of begging).,363A,IPC,concordance_v1_internal,bns_140,data/02_ground_truth/concordance_v1.csv,data/02_ground_truth/concordance_v1.csv,2025,reverse_lookup,A_ipc_bns_direct,renumbered,363A,140,concordance_v1.csv + india_code,concordance_v1.csv row ipc_section=363A,True,2026-09-04,True,template_expansion_reverse_lookup,
P7_0642,Which section in BNS 2023 corresponds to IPC Section 364A?,IPC Section 364A (Kidnapping for ransom) corresponds to BNS Section 140 (Kidnapping for ransom etc). Note: BNS increases minimum punishment,140,BNS,concordance_v1_internal,ipc_364A,data/02_ground_truth/concordance_v1.csv,data/02_ground_truth/concordance_v1.csv,2025,transition,A_ipc_bns_direct,modified,364A,140,concordance_v1.csv + india_code,concordance_v1.csv row ipc_section=364A,True,2026-09-04,True,template_expansion_from_concordance_row,
P7_0643,What is the BNS 2023 equivalent of IPC Section 364A?,"Under BNS 2023, IPC Section 364A (Kidnapping for ransom) has been renumbered/replaced by Section 140 (Kidnapping for ransom etc). Note: BNS increases minimum punishment",140,BNS,concordance_v1_internal,ipc_364A,data/02_ground_truth/concordance_v1.csv,data/02_ground_truth/concordance_v1.csv,2025,transition,A_ipc_bns_direct,modified,364A,140,concordance_v1.csv + india_code,concordance_v1.csv row ipc_section=364A,True,2026-09-04,True,template_expansion_from_concordance_row,
P7_0644,"Under the Bharatiya Nyaya Sanhita 2023, which provision replaced IPC Section 364A?",IPC Section 364A was replaced by BNS Section 140 (Kidnapping for ransom etc) with effect from 1 July 2024. Note: BNS increases minimum punishment,140,BNS,concordance_v1_internal,ipc_364A,data/02_ground_truth/concordance_v1.csv,data/02_ground_truth/concordance_v1.csv,2025,transition,A_ipc_bns_direct,modified,364A,140,concordance_v1.csv + india_code,concordance_v1.csv row ipc_section=364A,True,2026-09-04,True,template_expansion_from_concordance_row,
P7_0645,What is the current BNS provision dealing with kidnapping for ransom?,The current provision dealing with kidnapping for ransom is BNS Section 140 (Kidnapping for ransom etc).,140,BNS,concordance_v1_internal,ipc_364A,data/02_ground_truth/concordance_v1.csv,data/02_ground_truth/concordance_v1.csv,2025,punishment_lookup,A_ipc_bns_direct,modified,364A,140,concordance_v1.csv + india_code,concordance_v1.csv row ipc_section=364A,True,2026-09-04,True,template_expansion_current_law,
P7_0646,"Under current Indian criminal law, which section covers kidnapping for ransom?","Under BNS 2023 (effective 1 July 2024), kidnapping for ransom is governed by Section 140 (Kidnapping for ransom etc).",140,BNS,concordance_v1_internal,ipc_364A,data/02_ground_truth/concordance_v1.csv,data/02_ground_truth/concordance_v1.csv,2025,punishment_lookup,A_ipc_bns_direct,modified,364A,140,concordance_v1.csv + india_code,concordance_v1.csv row ipc_section=364A,True,2026-09-04,True,template_expansion_current_law,
P7_0647,Which section in BNS 2023 corresponds to IPC Section 370?,IPC Section 370 (Trafficking of person) corresponds to BNS Section 143 (Trafficking of person). Note: BNS broadens definition and increases punishment,143,BNS,concordance_v1_internal,ipc_370,data/02_ground_truth/concordance_v1.csv,data/02_ground_truth/concordance_v1.csv,2025,transition,A_ipc_bns_direct,modified,370,143,concordance_v1.csv + india_code,concordance_v1.csv row ipc_section=370,True,2026-09-04,True,template_expansion_from_concordance_row,
P7_0648,What is the BNS 2023 equivalent of IPC Section 370?,"Under BNS 2023, IPC Section 370 (Trafficking of person) has been renumbered/replaced by Section 143 (Trafficking of person). Note: BNS broadens definition and increases punishment",143,BNS,concordance_v1_internal,ipc_370,data/02_ground_truth/concordance_v1.csv,data/02_ground_truth/concordance_v1.csv,2025,transition,A_ipc_bns_direct,modified,370,143,concordance_v1.csv + india_code,concordance_v1.csv row ipc_section=370,True,2026-09-04,True,template_expansion_from_concordance_row,
P7_0649,"Under the Bharatiya Nyaya Sanhita 2023, which provision replaced IPC Section 370?",IPC Section 370 was replaced by BNS Section 143 (Trafficking of person) with effect from 1 July 2024. Note: BNS broadens definition and increases punishment,143,BNS,concordance_v1_internal,ipc_370,data/02_ground_truth/concordance_v1.csv,data/02_ground_truth/concordance_v1.csv,2025,transition,A_ipc_bns_direct,modified,370,143,concordance_v1.csv + india_code,concordance_v1.csv row ipc_section=370,True,2026-09-04,True,template_expansion_from_concordance_row,
P7_0650,What is the current BNS provision dealing with trafficking of person?,The current provision dealing with trafficking of person is BNS Section 143 (Trafficking of person).,143,BNS,concordance_v1_internal,ipc_370,data/02_ground_truth/concordance_v1.csv,data/02_ground_truth/concordance_v1.csv,2025,punishment_lookup,A_ipc_bns_direct,modified,370,143,concordance_v1.csv + india_code,concordance_v1.csv row ipc_section=370,True,2026-09-04,True,template_expansion_current_law,
P7_0651,"Under current Indian criminal law, which section covers trafficking of person?","Under BNS 2023 (effective 1 July 2024), trafficking of person is governed by Section 143 (Trafficking of person).",143,BNS,concordance_v1_internal,ipc_370,data/02_ground_truth/concordance_v1.csv,data/02_ground_truth/concordance_v1.csv,2025,punishment_lookup,A_ipc_bns_direct,modified,370,143,concordance_v1.csv + india_code,concordance_v1.csv row ipc_section=370,True,2026-09-04,True,template_expansion_current_law,
P7_0652,Which IPC section did BNS Section 143 replace?,BNS Section 143 (Trafficking of person) replaced IPC Section 370 (Trafficking of person).,370,IPC,concordance_v1_internal,bns_143,data/02_ground_truth/concordance_v1.csv,data/02_ground_truth/concordance_v1.csv,2025,reverse_lookup,A_ipc_bns_direct,modified,370,143,concordance_v1.csv + india_code,concordance_v1.csv row ipc_section=370,True,2026-09-04,True,template_expansion_reverse_lookup,
P7_0653,What was the old IPC provision corresponding to BNS Section 143?,BNS Section 143 (Trafficking of person) was enacted to replace IPC Section 370 (Trafficking of person).,370,IPC,concordance_v1_internal,bns_143,data/02_ground_truth/concordance_v1.csv,data/02_ground_truth/concordance_v1.csv,2025,reverse_lookup,A_ipc_bns_direct,modified,370,143,concordance_v1.csv + india_code,concordance_v1.csv row ipc_section=370,True,2026-09-04,True,template_expansion_reverse_lookup,
P7_0654,Which section in BNS 2023 corresponds to IPC Section 375?,IPC Section 375 (Rape) corresponds to BNS Section 63 (Rape). Note: Definition expanded to include digital penetration and other non-consensual acts,63,BNS,concordance_v1_internal,ipc_375,data/02_ground_truth/concordance_v1.csv,data/02_ground_truth/concordance_v1.csv,2025,transition,A_ipc_bns_direct,renumbered,375,63,concordance_v1.csv + india_code,concordance_v1.csv row ipc_section=375,True,2026-09-04,True,template_expansion_from_concordance_row,
P7_0655,What is the BNS 2023 equivalent of IPC Section 375?,"Under BNS 2023, IPC Section 375 (Rape) has been renumbered/replaced by Section 63 (Rape). Note: Definition expanded to include digital penetration and other non-consensual acts",63,BNS,concordance_v1_internal,ipc_375,data/02_ground_truth/concordance_v1.csv,data/02_ground_truth/concordance_v1.csv,2025,transition,A_ipc_bns_direct,renumbered,375,63,concordance_v1.csv + india_code,concordance_v1.csv row ipc_section=375,True,2026-09-04,True,template_expansion_from_concordance_row,
P7_0656,"Under the Bharatiya Nyaya Sanhita 2023, which provision replaced IPC Section 375?",IPC Section 375 was replaced by BNS Section 63 (Rape) with effect from 1 July 2024. Note: Definition expanded to include digital penetration and other non-consensual acts,63,BNS,concordance_v1_internal,ipc_375,data/02_ground_truth/concordance_v1.csv,data/02_ground_truth/concordance_v1.csv,2025,transition,A_ipc_bns_direct,renumbered,375,63,concordance_v1.csv + india_code,concordance_v1.csv row ipc_section=375,True,2026-09-04,True,template_expansion_from_concordance_row,
P7_0657,What is the current BNS provision dealing with rape?,The current provision dealing with rape is BNS Section 63 (Rape).,63,BNS,concordance_v1_internal,ipc_375,data/02_ground_truth/concordance_v1.csv,data/02_ground_truth/concordance_v1.csv,2025,punishment_lookup,A_ipc_bns_direct,renumbered,375,63,concordance_v1.csv + india_code,concordance_v1.csv row ipc_section=375,True,2026-09-04,True,template_expansion_current_law,
P7_0658,"Under current Indian criminal law, which section covers rape?","Under BNS 2023 (effective 1 July 2024), rape is governed by Section 63 (Rape).",63,BNS,concordance_v1_internal,ipc_375,data/02_ground_truth/concordance_v1.csv,data/02_ground_truth/concordance_v1.csv,2025,punishment_lookup,A_ipc_bns_direct,renumbered,375,63,concordance_v1.csv + india_code,concordance_v1.csv row ipc_section=375,True,2026-09-04,True,template_expansion_current_law,
P7_0659,Which IPC section did BNS Section 63 replace?,BNS Section 63 (Rape) replaced IPC Section 375 (Rape).,375,IPC,concordance_v1_internal,bns_63,data/02_ground_truth/concordance_v1.csv,data/02_ground_truth/concordance_v1.csv,2025,reverse_lookup,A_ipc_bns_direct,renumbered,375,63,concordance_v1.csv + india_code,concordance_v1.csv row ipc_section=375,True,2026-09-04,True,template_expansion_reverse_lookup,
P7_0660,What was the old IPC provision corresponding to BNS Section 63?,BNS Section 63 (Rape) was enacted to replace IPC Section 375 (Rape).,375,IPC,concordance_v1_internal,bns_63,data/02_ground_truth/concordance_v1.csv,data/02_ground_truth/concordance_v1.csv,2025,reverse_lookup,A_ipc_bns_direct,renumbered,375,63,concordance_v1.csv + india_code,concordance_v1.csv row ipc_section=375,True,2026-09-04,True,template_expansion_reverse_lookup,
P7_0661,Which section in BNS 2023 corresponds to IPC Section 376?,IPC Section 376 (Punishment for rape) corresponds to BNS Section 64 (Punishment for rape). Note: BNS increases minimum punishment; adds death penalty for rape of minor under 12,64,BNS,concordance_v1_internal,ipc_376,data/02_ground_truth/concordance_v1.csv,data/02_ground_truth/concordance_v1.csv,2025,transition,A_ipc_bns_direct,modified,376,64,concordance_v1.csv + india_code,concordance_v1.csv row ipc_section=376,True,2026-09-04,True,template_expansion_from_concordance_row,
P7_0662,What is the BNS 2023 equivalent of IPC Section 376?,"Under BNS 2023, IPC Section 376 (Punishment for rape) has been renumbered/replaced by Section 64 (Punishment for rape). Note: BNS increases minimum punishment; adds death penalty for rape of minor under 12",64,BNS,concordance_v1_internal,ipc_376,data/02_ground_truth/concordance_v1.csv,data/02_ground_truth/concordance_v1.csv,2025,transition,A_ipc_bns_direct,modified,376,64,concordance_v1.csv + india_code,concordance_v1.csv row ipc_section=376,True,2026-09-04,True,template_expansion_from_concordance_row,
P7_0663,"Under the Bharatiya Nyaya Sanhita 2023, which provision replaced IPC Section 376?",IPC Section 376 was replaced by BNS Section 64 (Punishment for rape) with effect from 1 July 2024. Note: BNS increases minimum punishment; adds death penalty for rape of minor under 12,64,BNS,concordance_v1_internal,ipc_376,data/02_ground_truth/concordance_v1.csv,data/02_ground_truth/concordance_v1.csv,2025,transition,A_ipc_bns_direct,modified,376,64,concordance_v1.csv + india_code,concordance_v1.csv row ipc_section=376,True,2026-09-04,True,template_expansion_from_concordance_row,
P7_0664,What is the current BNS provision dealing with punishment for rape?,The current provision dealing with punishment for rape is BNS Section 64 (Punishment for rape).,64,BNS,concordance_v1_internal,ipc_376,data/02_ground_truth/concordance_v1.csv,data/02_ground_truth/concordance_v1.csv,2025,punishment_lookup,A_ipc_bns_direct,modified,376,64,concordance_v1.csv + india_code,concordance_v1.csv row ipc_section=376,True,2026-09-04,True,template_expansion_current_law,
P7_0665,"Under current Indian criminal law, which section covers punishment for rape?","Under BNS 2023 (effective 1 July 2024), punishment for rape is governed by Section 64 (Punishment for rape).",64,BNS,concordance_v1_internal,ipc_376,data/02_ground_truth/concordance_v1.csv,data/02_ground_truth/concordance_v1.csv,2025,punishment_lookup,A_ipc_bns_direct,modified,376,64,concordance_v1.csv + india_code,concordance_v1.csv row ipc_section=376,True,2026-09-04,True,template_expansion_current_law,
P7_0666,Which IPC section did BNS Section 64 replace?,BNS Section 64 (Punishment for rape) replaced IPC Section 376 (Punishment for rape).,376,IPC,concordance_v1_internal,bns_64,data/02_ground_truth/concordance_v1.csv,data/02_ground_truth/concordance_v1.csv,2025,reverse_lookup,A_ipc_bns_direct,modified,376,64,concordance_v1.csv + india_code,concordance_v1.csv row ipc_section=376,True,2026-09-04,True,template_expansion_reverse_lookup,
P7_0667,What was the old IPC provision corresponding to BNS Section 64?,BNS Section 64 (Punishment for rape) was enacted to replace IPC Section 376 (Punishment for rape).,376,IPC,concordance_v1_internal,bns_64,data/02_ground_truth/concordance_v1.csv,data/02_ground_truth/concordance_v1.csv,2025,reverse_lookup,A_ipc_bns_direct,modified,376,64,concordance_v1.csv + india_code,concordance_v1.csv row ipc_section=376,True,2026-09-04,True,template_expansion_reverse_lookup,
P7_0668,Which section in BNS 2023 corresponds to IPC Section 376A?,IPC Section 376A (Punishment for causing death or resulting in persistent vegetative state of victim) corresponds to BNS Section 66 (Punishment for causing death or resulting in persistent vegetative state).,66,BNS,concordance_v1_internal,ipc_376A,data/02_ground_truth/concordance_v1.csv,data/02_ground_truth/concordance_v1.csv,2025,transition,A_ipc_bns_direct,renumbered,376A,66,concordance_v1.csv + india_code,concordance_v1.csv row ipc_section=376A,True,2026-09-04,True,template_expansion_from_concordance_row,
P7_0669,What is the BNS 2023 equivalent of IPC Section 376A?,"Under BNS 2023, IPC Section 376A (Punishment for causing death or resulting in persistent vegetative state of victim) has been renumbered/replaced by Section 66 (Punishment for causing death or resulting in persistent vegetative state).",66,BNS,concordance_v1_internal,ipc_376A,data/02_ground_truth/concordance_v1.csv,data/02_ground_truth/concordance_v1.csv,2025,transition,A_ipc_bns_direct,renumbered,376A,66,concordance_v1.csv + india_code,concordance_v1.csv row ipc_section=376A,True,2026-09-04,True,template_expansion_from_concordance_row,
P7_0670,"Under the Bharatiya Nyaya Sanhita 2023, which provision replaced IPC Section 376A?",IPC Section 376A was replaced by BNS Section 66 (Punishment for causing death or resulting in persistent vegetative state) with effect from 1 July 2024.,66,BNS,concordance_v1_internal,ipc_376A,data/02_ground_truth/concordance_v1.csv,data/02_ground_truth/concordance_v1.csv,2025,transition,A_ipc_bns_direct,renumbered,376A,66,concordance_v1.csv + india_code,concordance_v1.csv row ipc_section=376A,True,2026-09-04,True,template_expansion_from_concordance_row,
P7_0671,What is the current BNS provision dealing with punishment for causing death or resulting in persistent vegetative state of victim?,The current provision dealing with punishment for causing death or resulting in persistent vegetative state of victim is BNS Section 66 (Punishment for causing death or resulting in persistent vegetative state).,66,BNS,concordance_v1_internal,ipc_376A,data/02_ground_truth/concordance_v1.csv,data/02_ground_truth/concordance_v1.csv,2025,punishment_lookup,A_ipc_bns_direct,renumbered,376A,66,concordance_v1.csv + india_code,concordance_v1.csv row ipc_section=376A,True,2026-09-04,True,template_expansion_current_law,
P7_0672,"Under current Indian criminal law, which section covers punishment for causing death or resulting in persistent vegetative state of victim?","Under BNS 2023 (effective 1 July 2024), punishment for causing death or resulting in persistent vegetative state of victim is governed by Section 66 (Punishment for causing death or resulting in persistent vegetative state).",66,BNS,concordance_v1_internal,ipc_376A,data/02_ground_truth/concordance_v1.csv,data/02_ground_truth/concordance_v1.csv,2025,punishment_lookup,A_ipc_bns_direct,renumbered,376A,66,concordance_v1.csv + india_code,concordance_v1.csv row ipc_section=376A,True,2026-09-04,True,template_expansion_current_law,
P7_0673,Which IPC section did BNS Section 66 replace?,BNS Section 66 (Punishment for causing death or resulting in persistent vegetative state) replaced IPC Section 376A (Punishment for causing death or resulting in persistent vegetative state of victim).,376A,IPC,concordance_v1_internal,bns_66,data/02_ground_truth/concordance_v1.csv,data/02_ground_truth/concordance_v1.csv,2025,reverse_lookup,A_ipc_bns_direct,renumbered,376A,66,concordance_v1.csv + india_code,concordance_v1.csv row ipc_section=376A,True,2026-09-04,True,template_expansion_reverse_lookup,
P7_0674,What was the old IPC provision corresponding to BNS Section 66?,BNS Section 66 (Punishment for causing death or resulting in persistent vegetative state) was enacted to replace IPC Section 376A (Punishment for causing death or resulting in persistent vegetative state of victim).,376A,IPC,concordance_v1_internal,bns_66,data/02_ground_truth/concordance_v1.csv,data/02_ground_truth/concordance_v1.csv,2025,reverse_lookup,A_ipc_bns_direct,renumbered,376A,66,concordance_v1.csv + india_code,concordance_v1.csv row ipc_section=376A,True,2026-09-04,True,template_expansion_reverse_lookup,
P7_0675,Which section in BNS 2023 corresponds to IPC Section 376AB?,IPC Section 376AB (Punishment for rape on woman under twelve years of age) corresponds to BNS Section 65 (Punishment for rape on woman under eighteen years of age). Note: BNS consolidates age-based provisions,65,BNS,concordance_v1_internal,ipc_376AB,data/02_ground_truth/concordance_v1.csv,data/02_ground_truth/concordance_v1.csv,2025,transition,A_ipc_bns_direct,modified,376AB,65,concordance_v1.csv + india_code,concordance_v1.csv row ipc_section=376AB,True,2026-09-04,True,template_expansion_from_concordance_row,
P7_0676,What is the BNS 2023 equivalent of IPC Section 376AB?,"Under BNS 2023, IPC Section 376AB (Punishment for rape on woman under twelve years of age) has been renumbered/replaced by Section 65 (Punishment for rape on woman under eighteen years of age). Note: BNS consolidates age-based provisions",65,BNS,concordance_v1_internal,ipc_376AB,data/02_ground_truth/concordance_v1.csv,data/02_ground_truth/concordance_v1.csv,2025,transition,A_ipc_bns_direct,modified,376AB,65,concordance_v1.csv + india_code,concordance_v1.csv row ipc_section=376AB,True,2026-09-04,True,template_expansion_from_concordance_row,
P7_0677,"Under the Bharatiya Nyaya Sanhita 2023, which provision replaced IPC Section 376AB?",IPC Section 376AB was replaced by BNS Section 65 (Punishment for rape on woman under eighteen years of age) with effect from 1 July 2024. Note: BNS consolidates age-based provisions,65,BNS,concordance_v1_internal,ipc_376AB,data/02_ground_truth/concordance_v1.csv,data/02_ground_truth/concordance_v1.csv,2025,transition,A_ipc_bns_direct,modified,376AB,65,concordance_v1.csv + india_code,concordance_v1.csv row ipc_section=376AB,True,2026-09-04,True,template_expansion_from_concordance_row,
P7_0678,What is the current BNS provision dealing with punishment for rape on woman under twelve years of age?,The current provision dealing with punishment for rape on woman under twelve years of age is BNS Section 65 (Punishment for rape on woman under eighteen years of age).,65,BNS,concordance_v1_internal,ipc_376AB,data/02_ground_truth/concordance_v1.csv,data/02_ground_truth/concordance_v1.csv,2025,punishment_lookup,A_ipc_bns_direct,modified,376AB,65,concordance_v1.csv + india_code,concordance_v1.csv row ipc_section=376AB,True,2026-09-04,True,template_expansion_current_law,
P7_0679,"Under current Indian criminal law, which section covers punishment for rape on woman under twelve years of age?","Under BNS 2023 (effective 1 July 2024), punishment for rape on woman under twelve years of age is governed by Section 65 (Punishment for rape on woman under eighteen years of age).",65,BNS,concordance_v1_internal,ipc_376AB,data/02_ground_truth/concordance_v1.csv,data/02_ground_truth/concordance_v1.csv,2025,punishment_lookup,A_ipc_bns_direct,modified,376AB,65,concordance_v1.csv + india_code,concordance_v1.csv row ipc_section=376AB,True,2026-09-04,True,template_expansion_current_law,
P7_0680,Which IPC section did BNS Section 65 replace?,BNS Section 65 (Punishment for rape on woman under eighteen years of age) replaced IPC Section 376AB (Punishment for rape on woman under twelve years of age).,376AB,IPC,concordance_v1_internal,bns_65,data/02_ground_truth/concordance_v1.csv,data/02_ground_truth/concordance_v1.csv,2025,reverse_lookup,A_ipc_bns_direct,modified,376AB,65,concordance_v1.csv + india_code,concordance_v1.csv row ipc_section=376AB,True,2026-09-04,True,template_expansion_reverse_lookup,
P7_0681,What was the old IPC provision corresponding to BNS Section 65?,BNS Section 65 (Punishment for rape on woman under eighteen years of age) was enacted to replace IPC Section 376AB (Punishment for rape on woman under twelve years of age).,376AB,IPC,concordance_v1_internal,bns_65,data/02_ground_truth/concordance_v1.csv,data/02_ground_truth/concordance_v1.csv,2025,reverse_lookup,A_ipc_bns_direct,modified,376AB,65,concordance_v1.csv + india_code,concordance_v1.csv row ipc_section=376AB,True,2026-09-04,True,template_expansion_reverse_lookup,
P7_0682,Which section in BNS 2023 corresponds to IPC Section 376B?,IPC Section 376B (Sexual intercourse by husband upon his wife during separation) corresponds to BNS Section 67 (Sexual intercourse by person in authority). Note: Scope significantly changed,67,BNS,concordance_v1_internal,ipc_376B,data/02_ground_truth/concordance_v1.csv,data/02_ground_truth/concordance_v1.csv,2025,transition,A_ipc_bns_direct,modified,376B,67,concordance_v1.csv + india_code,concordance_v1.csv row ipc_section=376B,True,2026-09-04,True,template_expansion_from_concordance_row,
P7_0683,What is the BNS 2023 equivalent of IPC Section 376B?,"Under BNS 2023, IPC Section 376B (Sexual intercourse by husband upon his wife during separation) has been renumbered/replaced by Section 67 (Sexual intercourse by person in authority). Note: Scope significantly changed",67,BNS,concordance_v1_internal,ipc_376B,data/02_ground_truth/concordance_v1.csv,data/02_ground_truth/concordance_v1.csv,2025,transition,A_ipc_bns_direct,modified,376B,67,concordance_v1.csv + india_code,concordance_v1.csv row ipc_section=376B,True,2026-09-04,True,template_expansion_from_concordance_row,
P7_0684,"Under the Bharatiya Nyaya Sanhita 2023, which provision replaced IPC Section 376B?",IPC Section 376B was replaced by BNS Section 67 (Sexual intercourse by person in authority) with effect from 1 July 2024. Note: Scope significantly changed,67,BNS,concordance_v1_internal,ipc_376B,data/02_ground_truth/concordance_v1.csv,data/02_ground_truth/concordance_v1.csv,2025,transition,A_ipc_bns_direct,modified,376B,67,concordance_v1.csv + india_code,concordance_v1.csv row ipc_section=376B,True,2026-09-04,True,template_expansion_from_concordance_row,
P7_0685,What is the current BNS provision dealing with sexual intercourse by husband upon his wife during separation?,The current provision dealing with sexual intercourse by husband upon his wife during separation is BNS Section 67 (Sexual intercourse by person in authority).,67,BNS,concordance_v1_internal,ipc_376B,data/02_ground_truth/concordance_v1.csv,data/02_ground_truth/concordance_v1.csv,2025,punishment_lookup,A_ipc_bns_direct,modified,376B,67,concordance_v1.csv + india_code,concordance_v1.csv row ipc_section=376B,True,2026-09-04,True,template_expansion_current_law,
P7_0686,"Under current Indian criminal law, which section covers sexual intercourse by husband upon his wife during separation?","Under BNS 2023 (effective 1 July 2024), sexual intercourse by husband upon his wife during separation is governed by Section 67 (Sexual intercourse by person in authority).",67,BNS,concordance_v1_internal,ipc_376B,data/02_ground_truth/concordance_v1.csv,data/02_ground_truth/concordance_v1.csv,2025,punishment_lookup,A_ipc_bns_direct,modified,376B,67,concordance_v1.csv + india_code,concordance_v1.csv row ipc_section=376B,True,2026-09-04,True,template_expansion_current_law,
P7_0687,Which IPC section did BNS Section 67 replace?,BNS Section 67 (Sexual intercourse by person in authority) replaced IPC Section 376B (Sexual intercourse by husband upon his wife during separation).,376B,IPC,concordance_v1_internal,bns_67,data/02_ground_truth/concordance_v1.csv,data/02_ground_truth/concordance_v1.csv,2025,reverse_lookup,A_ipc_bns_direct,modified,376B,67,concordance_v1.csv + india_code,concordance_v1.csv row ipc_section=376B,True,2026-09-04,True,template_expansion_reverse_lookup,
P7_0688,What was the old IPC provision corresponding to BNS Section 67?,BNS Section 67 (Sexual intercourse by person in authority) was enacted to replace IPC Section 376B (Sexual intercourse by husband upon his wife during separation).,376B,IPC,concordance_v1_internal,bns_67,data/02_ground_truth/concordance_v1.csv,data/02_ground_truth/concordance_v1.csv,2025,reverse_lookup,A_ipc_bns_direct,modified,376B,67,concordance_v1.csv + india_code,concordance_v1.csv row ipc_section=376B,True,2026-09-04,True,template_expansion_reverse_lookup,
P7_0689,Which section in BNS 2023 corresponds to IPC Section 376C?,IPC Section 376C (Sexual intercourse by person in authority) corresponds to BNS Section 68 (Sexual intercourse by person in authority).,68,BNS,concordance_v1_internal,ipc_376C,data/02_ground_truth/concordance_v1.csv,data/02_ground_truth/concordance_v1.csv,2025,transition,A_ipc_bns_direct,renumbered,376C,68,concordance_v1.csv + india_code,concordance_v1.csv row ipc_section=376C,True,2026-09-04,True,template_expansion_from_concordance_row,
P7_0690,What is the BNS 2023 equivalent of IPC Section 376C?,"Under BNS 2023, IPC Section 376C (Sexual intercourse by person in authority) has been renumbered/replaced by Section 68 (Sexual intercourse by person in authority).",68,BNS,concordance_v1_internal,ipc_376C,data/02_ground_truth/concordance_v1.csv,data/02_ground_truth/concordance_v1.csv,2025,transition,A_ipc_bns_direct,renumbered,376C,68,concordance_v1.csv + india_code,concordance_v1.csv row ipc_section=376C,True,2026-09-04,True,template_expansion_from_concordance_row,
P7_0691,"Under the Bharatiya Nyaya Sanhita 2023, which provision replaced IPC Section 376C?",IPC Section 376C was replaced by BNS Section 68 (Sexual intercourse by person in authority) with effect from 1 July 2024.,68,BNS,concordance_v1_internal,ipc_376C,data/02_ground_truth/concordance_v1.csv,data/02_ground_truth/concordance_v1.csv,2025,transition,A_ipc_bns_direct,renumbered,376C,68,concordance_v1.csv + india_code,concordance_v1.csv row ipc_section=376C,True,2026-09-04,True,template_expansion_from_concordance_row,
P7_0692,What is the current BNS provision dealing with sexual intercourse by person in authority?,The current provision dealing with sexual intercourse by person in authority is BNS Section 68 (Sexual intercourse by person in authority).,68,BNS,concordance_v1_internal,ipc_376C,data/02_ground_truth/concordance_v1.csv,data/02_ground_truth/concordance_v1.csv,2025,punishment_lookup,A_ipc_bns_direct,renumbered,376C,68,concordance_v1.csv + india_code,concordance_v1.csv row ipc_section=376C,True,2026-09-04,True,template_expansion_current_law,
P7_0693,"Under current Indian criminal law, which section covers sexual intercourse by person in authority?","Under BNS 2023 (effective 1 July 2024), sexual intercourse by person in authority is governed by Section 68 (Sexual intercourse by person in authority).",68,BNS,concordance_v1_internal,ipc_376C,data/02_ground_truth/concordance_v1.csv,data/02_ground_truth/concordance_v1.csv,2025,punishment_lookup,A_ipc_bns_direct,renumbered,376C,68,concordance_v1.csv + india_code,concordance_v1.csv row ipc_section=376C,True,2026-09-04,True,template_expansion_current_law,
P7_0694,Which IPC section did BNS Section 68 replace?,BNS Section 68 (Sexual intercourse by person in authority) replaced IPC Section 376C (Sexual intercourse by person in authority).,376C,IPC,concordance_v1_internal,bns_68,data/02_ground_truth/concordance_v1.csv,data/02_ground_truth/concordance_v1.csv,2025,reverse_lookup,A_ipc_bns_direct,renumbered,376C,68,concordance_v1.csv + india_code,concordance_v1.csv row ipc_section=376C,True,2026-09-04,True,template_expansion_reverse_lookup,
P7_0695,What was the old IPC provision corresponding to BNS Section 68?,BNS Section 68 (Sexual intercourse by person in authority) was enacted to replace IPC Section 376C (Sexual intercourse by person in authority).,376C,IPC,concordance_v1_internal,bns_68,data/02_ground_truth/concordance_v1.csv,data/02_ground_truth/concordance_v1.csv,2025,reverse_lookup,A_ipc_bns_direct,renumbered,376C,68,concordance_v1.csv + india_code,concordance_v1.csv row ipc_section=376C,True,2026-09-04,True,template_expansion_reverse_lookup,
P7_0696,Which section in BNS 2023 corresponds to IPC Section 376D?,IPC Section 376D (Gang rape) corresponds to BNS Section 70 (Gang rape). Note: Harsher punishment in BNS,70,BNS,concordance_v1_internal,ipc_376D,data/02_ground_truth/concordance_v1.csv,data/02_ground_truth/concordance_v1.csv,2025,transition,A_ipc_bns_direct,renumbered,376D,70,concordance_v1.csv + india_code,concordance_v1.csv row ipc_section=376D,True,2026-09-04,True,template_expansion_from_concordance_row,
P7_0697,What is the BNS 2023 equivalent of IPC Section 376D?,"Under BNS 2023, IPC Section 376D (Gang rape) has been renumbered/replaced by Section 70 (Gang rape). Note: Harsher punishment in BNS",70,BNS,concordance_v1_internal,ipc_376D,data/02_ground_truth/concordance_v1.csv,data/02_ground_truth/concordance_v1.csv,2025,transition,A_ipc_bns_direct,renumbered,376D,70,concordance_v1.csv + india_code,concordance_v1.csv row ipc_section=376D,True,2026-09-04,True,template_expansion_from_concordance_row,
P7_0698,"Under the Bharatiya Nyaya Sanhita 2023, which provision replaced IPC Section 376D?",IPC Section 376D was replaced by BNS Section 70 (Gang rape) with effect from 1 July 2024. Note: Harsher punishment in BNS,70,BNS,concordance_v1_internal,ipc_376D,data/02_ground_truth/concordance_v1.csv,data/02_ground_truth/concordance_v1.csv,2025,transition,A_ipc_bns_direct,renumbered,376D,70,concordance_v1.csv + india_code,concordance_v1.csv row ipc_section=376D,True,2026-09-04,True,template_expansion_from_concordance_row,
P7_0699,What is the current BNS provision dealing with gang rape?,The current provision dealing with gang rape is BNS Section 70 (Gang rape).,70,BNS,concordance_v1_internal,ipc_376D,data/02_ground_truth/concordance_v1.csv,data/02_ground_truth/concordance_v1.csv,2025,punishment_lookup,A_ipc_bns_direct,renumbered,376D,70,concordance_v1.csv + india_code,concordance_v1.csv row ipc_section=376D,True,2026-09-04,True,template_expansion_current_law,
P7_0700,"Under current Indian criminal law, which section covers gang rape?","Under BNS 2023 (effective 1 July 2024), gang rape is governed by Section 70 (Gang rape).",70,BNS,concordance_v1_internal,ipc_376D,data/02_ground_truth/concordance_v1.csv,data/02_ground_truth/concordance_v1.csv,2025,punishment_lookup,A_ipc_bns_direct,renumbered,376D,70,concordance_v1.csv + india_code,concordance_v1.csv row ipc_section=376D,True,2026-09-04,True,template_expansion_current_law,
P7_0701,Which IPC section did BNS Section 70 replace?,BNS Section 70 (Gang rape) replaced IPC Section 376D (Gang rape).,376D,IPC,concordance_v1_internal,bns_70,data/02_ground_truth/concordance_v1.csv,data/02_ground_truth/concordance_v1.csv,2025,reverse_lookup,A_ipc_bns_direct,renumbered,376D,70,concordance_v1.csv + india_code,concordance_v1.csv row ipc_section=376D,True,2026-09-04,True,template_expansion_reverse_lookup,
P7_0702,What was the old IPC provision corresponding to BNS Section 70?,BNS Section 70 (Gang rape) was enacted to replace IPC Section 376D (Gang rape).,376D,IPC,concordance_v1_internal,bns_70,data/02_ground_truth/concordance_v1.csv,data/02_ground_truth/concordance_v1.csv,2025,reverse_lookup,A_ipc_bns_direct,renumbered,376D,70,concordance_v1.csv + india_code,concordance_v1.csv row ipc_section=376D,True,2026-09-04,True,template_expansion_reverse_lookup,
P7_0703,Which section in BNS 2023 corresponds to IPC Section 376DA?,IPC Section 376DA (Gang rape on woman under sixteen years of age) corresponds to BNS Section 70 (Gang rape). Note: Merged into BNS 70 with age-specific provisions,70,BNS,concordance_v1_internal,ipc_376DA,data/02_ground_truth/concordance_v1.csv,data/02_ground_truth/concordance_v1.csv,2025,transition,A_ipc_bns_direct,merged,376DA,70,concordance_v1.csv + india_code,concordance_v1.csv row ipc_section=376DA,True,2026-09-04,True,template_expansion_from_concordance_row,
P7_0704,What is the BNS 2023 equivalent of IPC Section 376DA?,"Under BNS 2023, IPC Section 376DA (Gang rape on woman under sixteen years of age) has been renumbered/replaced by Section 70 (Gang rape). Note: Merged into BNS 70 with age-specific provisions",70,BNS,concordance_v1_internal,ipc_376DA,data/02_ground_truth/concordance_v1.csv,data/02_ground_truth/concordance_v1.csv,2025,transition,A_ipc_bns_direct,merged,376DA,70,concordance_v1.csv + india_code,concordance_v1.csv row ipc_section=376DA,True,2026-09-04,True,template_expansion_from_concordance_row,
P7_0705,"Under the Bharatiya Nyaya Sanhita 2023, which provision replaced IPC Section 376DA?",IPC Section 376DA was replaced by BNS Section 70 (Gang rape) with effect from 1 July 2024. Note: Merged into BNS 70 with age-specific provisions,70,BNS,concordance_v1_internal,ipc_376DA,data/02_ground_truth/concordance_v1.csv,data/02_ground_truth/concordance_v1.csv,2025,transition,A_ipc_bns_direct,merged,376DA,70,concordance_v1.csv + india_code,concordance_v1.csv row ipc_section=376DA,True,2026-09-04,True,template_expansion_from_concordance_row,
P7_0706,What is the current BNS provision dealing with gang rape on woman under sixteen years of age?,The current provision dealing with gang rape on woman under sixteen years of age is BNS Section 70 (Gang rape).,70,BNS,concordance_v1_internal,ipc_376DA,data/02_ground_truth/concordance_v1.csv,data/02_ground_truth/concordance_v1.csv,2025,punishment_lookup,A_ipc_bns_direct,merged,376DA,70,concordance_v1.csv + india_code,concordance_v1.csv row ipc_section=376DA,True,2026-09-04,True,template_expansion_current_law,
P7_0707,"Under current Indian criminal law, which section covers gang rape on woman under sixteen years of age?","Under BNS 2023 (effective 1 July 2024), gang rape on woman under sixteen years of age is governed by Section 70 (Gang rape).",70,BNS,concordance_v1_internal,ipc_376DA,data/02_ground_truth/concordance_v1.csv,data/02_ground_truth/concordance_v1.csv,2025,punishment_lookup,A_ipc_bns_direct,merged,376DA,70,concordance_v1.csv + india_code,concordance_v1.csv row ipc_section=376DA,True,2026-09-04,True,template_expansion_current_law,
P7_0708,Which section in BNS 2023 corresponds to IPC Section 376DB?,IPC Section 376DB (Gang rape on woman under twelve years of age) corresponds to BNS Section 70 (Gang rape). Note: Merged into BNS 70 with age-specific provisions,70,BNS,concordance_v1_internal,ipc_376DB,data/02_ground_truth/concordance_v1.csv,data/02_ground_truth/concordance_v1.csv,2025,transition,A_ipc_bns_direct,merged,376DB,70,concordance_v1.csv + india_code,concordance_v1.csv row ipc_section=376DB,True,2026-09-04,True,template_expansion_from_concordance_row,
P7_0709,What is the BNS 2023 equivalent of IPC Section 376DB?,"Under BNS 2023, IPC Section 376DB (Gang rape on woman under twelve years of age) has been renumbered/replaced by Section 70 (Gang rape). Note: Merged into BNS 70 with age-specific provisions",70,BNS,concordance_v1_internal,ipc_376DB,data/02_ground_truth/concordance_v1.csv,data/02_ground_truth/concordance_v1.csv,2025,transition,A_ipc_bns_direct,merged,376DB,70,concordance_v1.csv + india_code,concordance_v1.csv row ipc_section=376DB,True,2026-09-04,True,template_expansion_from_concordance_row,
P7_0710,"Under the Bharatiya Nyaya Sanhita 2023, which provision replaced IPC Section 376DB?",IPC Section 376DB was replaced by BNS Section 70 (Gang rape) with effect from 1 July 2024. Note: Merged into BNS 70 with age-specific provisions,70,BNS,concordance_v1_internal,ipc_376DB,data/02_ground_truth/concordance_v1.csv,data/02_ground_truth/concordance_v1.csv,2025,transition,A_ipc_bns_direct,merged,376DB,70,concordance_v1.csv + india_code,concordance_v1.csv row ipc_section=376DB,True,2026-09-04,True,template_expansion_from_concordance_row,
P7_0711,What is the current BNS provision dealing with gang rape on woman under twelve years of age?,The current provision dealing with gang rape on woman under twelve years of age is BNS Section 70 (Gang rape).,70,BNS,concordance_v1_internal,ipc_376DB,data/02_ground_truth/concordance_v1.csv,data/02_ground_truth/concordance_v1.csv,2025,punishment_lookup,A_ipc_bns_direct,merged,376DB,70,concordance_v1.csv + india_code,concordance_v1.csv row ipc_section=376DB,True,2026-09-04,True,template_expansion_current_law,
P7_0712,"Under current Indian criminal law, which section covers gang rape on woman under twelve years of age?","Under BNS 2023 (effective 1 July 2024), gang rape on woman under twelve years of age is governed by Section 70 (Gang rape).",70,BNS,concordance_v1_internal,ipc_376DB,data/02_ground_truth/concordance_v1.csv,data/02_ground_truth/concordance_v1.csv,2025,punishment_lookup,A_ipc_bns_direct,merged,376DB,70,concordance_v1.csv + india_code,concordance_v1.csv row ipc_section=376DB,True,2026-09-04,True,template_expansion_current_law,
P7_0713,Which section in BNS 2023 corresponds to IPC Section 378?,IPC Section 378 (Theft) corresponds to BNS Section 303 (Theft).,303,BNS,concordance_v1_internal,ipc_378,data/02_ground_truth/concordance_v1.csv,data/02_ground_truth/concordance_v1.csv,2025,transition,A_ipc_bns_direct,renumbered,378,303,concordance_v1.csv + india_code,concordance_v1.csv row ipc_section=378,True,2026-09-04,True,template_expansion_from_concordance_row,
P7_0714,What is the BNS 2023 equivalent of IPC Section 378?,"Under BNS 2023, IPC Section 378 (Theft) has been renumbered/replaced by Section 303 (Theft).",303,BNS,concordance_v1_internal,ipc_378,data/02_ground_truth/concordance_v1.csv,data/02_ground_truth/concordance_v1.csv,2025,transition,A_ipc_bns_direct,renumbered,378,303,concordance_v1.csv + india_code,concordance_v1.csv row ipc_section=378,True,2026-09-04,True,template_expansion_from_concordance_row,
P7_0715,"Under the Bharatiya Nyaya Sanhita 2023, which provision replaced IPC Section 378?",IPC Section 378 was replaced by BNS Section 303 (Theft) with effect from 1 July 2024.,303,BNS,concordance_v1_internal,ipc_378,data/02_ground_truth/concordance_v1.csv,data/02_ground_truth/concordance_v1.csv,2025,transition,A_ipc_bns_direct,renumbered,378,303,concordance_v1.csv + india_code,concordance_v1.csv row ipc_section=378,True,2026-09-04,True,template_expansion_from_concordance_row,
P7_0716,What is the current BNS provision dealing with theft?,The current provision dealing with theft is BNS Section 303 (Theft).,303,BNS,concordance_v1_internal,ipc_378,data/02_ground_truth/concordance_v1.csv,data/02_ground_truth/concordance_v1.csv,2025,punishment_lookup,A_ipc_bns_direct,renumbered,378,303,concordance_v1.csv + india_code,concordance_v1.csv row ipc_section=378,True,2026-09-04,True,template_expansion_current_law,
P7_0717,"Under current Indian criminal law, which section covers theft?","Under BNS 2023 (effective 1 July 2024), theft is governed by Section 303 (Theft).",303,BNS,concordance_v1_internal,ipc_378,data/02_ground_truth/concordance_v1.csv,data/02_ground_truth/concordance_v1.csv,2025,punishment_lookup,A_ipc_bns_direct,renumbered,378,303,concordance_v1.csv + india_code,concordance_v1.csv row ipc_section=378,True,2026-09-04,True,template_expansion_current_law,
P7_0718,Which IPC section did BNS Section 303 replace?,BNS Section 303 (Theft) replaced IPC Section 378 (Theft).,378,IPC,concordance_v1_internal,bns_303,data/02_ground_truth/concordance_v1.csv,data/02_ground_truth/concordance_v1.csv,2025,reverse_lookup,A_ipc_bns_direct,renumbered,378,303,concordance_v1.csv + india_code,concordance_v1.csv row ipc_section=378,True,2026-09-04,True,template_expansion_reverse_lookup,
P7_0719,What was the old IPC provision corresponding to BNS Section 303?,BNS Section 303 (Theft) was enacted to replace IPC Section 378 (Theft).,378,IPC,concordance_v1_internal,bns_303,data/02_ground_truth/concordance_v1.csv,data/02_ground_truth/concordance_v1.csv,2025,reverse_lookup,A_ipc_bns_direct,renumbered,378,303,concordance_v1.csv + india_code,concordance_v1.csv row ipc_section=378,True,2026-09-04,True,template_expansion_reverse_lookup,
P7_0720,Which section in BNS 2023 corresponds to IPC Section 379?,IPC Section 379 (Punishment for theft) corresponds to BNS Section 303 (Punishment for theft).,303,BNS,concordance_v1_internal,ipc_379,data/02_ground_truth/concordance_v1.csv,data/02_ground_truth/concordance_v1.csv,2025,transition,A_ipc_bns_direct,renumbered,379,303,concordance_v1.csv + india_code,concordance_v1.csv row ipc_section=379,True,2026-09-04,True,template_expansion_from_concordance_row,
P7_0721,What is the BNS 2023 equivalent of IPC Section 379?,"Under BNS 2023, IPC Section 379 (Punishment for theft) has been renumbered/replaced by Section 303 (Punishment for theft).",303,BNS,concordance_v1_internal,ipc_379,data/02_ground_truth/concordance_v1.csv,data/02_ground_truth/concordance_v1.csv,2025,transition,A_ipc_bns_direct,renumbered,379,303,concordance_v1.csv + india_code,concordance_v1.csv row ipc_section=379,True,2026-09-04,True,template_expansion_from_concordance_row,
P7_0722,"Under the Bharatiya Nyaya Sanhita 2023, which provision replaced IPC Section 379?",IPC Section 379 was replaced by BNS Section 303 (Punishment for theft) with effect from 1 July 2024.,303,BNS,concordance_v1_internal,ipc_379,data/02_ground_truth/concordance_v1.csv,data/02_ground_truth/concordance_v1.csv,2025,transition,A_ipc_bns_direct,renumbered,379,303,concordance_v1.csv + india_code,concordance_v1.csv row ipc_section=379,True,2026-09-04,True,template_expansion_from_concordance_row,
P7_0723,What is the current BNS provision dealing with punishment for theft?,The current provision dealing with punishment for theft is BNS Section 303 (Punishment for theft).,303,BNS,concordance_v1_internal,ipc_379,data/02_ground_truth/concordance_v1.csv,data/02_ground_truth/concordance_v1.csv,2025,punishment_lookup,A_ipc_bns_direct,renumbered,379,303,concordance_v1.csv + india_code,concordance_v1.csv row ipc_section=379,True,2026-09-04,True,template_expansion_current_law,
P7_0724,"Under current Indian criminal law, which section covers punishment for theft?","Under BNS 2023 (effective 1 July 2024), punishment for theft is governed by Section 303 (Punishment for theft).",303,BNS,concordance_v1_internal,ipc_379,data/02_ground_truth/concordance_v1.csv,data/02_ground_truth/concordance_v1.csv,2025,punishment_lookup,A_ipc_bns_direct,renumbered,379,303,concordance_v1.csv + india_code,concordance_v1.csv row ipc_section=379,True,2026-09-04,True,template_expansion_current_law,
P7_0725,Which section in BNS 2023 corresponds to IPC Section 380?,IPC Section 380 (Theft in dwelling house) corresponds to BNS Section 305 (Theft in dwelling house etc).,305,BNS,concordance_v1_internal,ipc_380,data/02_ground_truth/concordance_v1.csv,data/02_ground_truth/concordance_v1.csv,2025,transition,A_ipc_bns_direct,renumbered,380,305,concordance_v1.csv + india_code,concordance_v1.csv row ipc_section=380,True,2026-09-04,True,template_expansion_from_concordance_row,
P7_0726,What is the BNS 2023 equivalent of IPC Section 380?,"Under BNS 2023, IPC Section 380 (Theft in dwelling house) has been renumbered/replaced by Section 305 (Theft in dwelling house etc).",305,BNS,concordance_v1_internal,ipc_380,data/02_ground_truth/concordance_v1.csv,data/02_ground_truth/concordance_v1.csv,2025,transition,A_ipc_bns_direct,renumbered,380,305,concordance_v1.csv + india_code,concordance_v1.csv row ipc_section=380,True,2026-09-04,True,template_expansion_from_concordance_row,
P7_0727,"Under the Bharatiya Nyaya Sanhita 2023, which provision replaced IPC Section 380?",IPC Section 380 was replaced by BNS Section 305 (Theft in dwelling house etc) with effect from 1 July 2024.,305,BNS,concordance_v1_internal,ipc_380,data/02_ground_truth/concordance_v1.csv,data/02_ground_truth/concordance_v1.csv,2025,transition,A_ipc_bns_direct,renumbered,380,305,concordance_v1.csv + india_code,concordance_v1.csv row ipc_section=380,True,2026-09-04,True,template_expansion_from_concordance_row,
P7_0728,What is the current BNS provision dealing with theft in dwelling house?,The current provision dealing with theft in dwelling house is BNS Section 305 (Theft in dwelling house etc).,305,BNS,concordance_v1_internal,ipc_380,data/02_ground_truth/concordance_v1.csv,data/02_ground_truth/concordance_v1.csv,2025,punishment_lookup,A_ipc_bns_direct,renumbered,380,305,concordance_v1.csv + india_code,concordance_v1.csv row ipc_section=380,True,2026-09-04,True,template_expansion_current_law,
P7_0729,"Under current Indian criminal law, which section covers theft in dwelling house?","Under BNS 2023 (effective 1 July 2024), theft in dwelling house is governed by Section 305 (Theft in dwelling house etc).",305,BNS,concordance_v1_internal,ipc_380,data/02_ground_truth/concordance_v1.csv,data/02_ground_truth/concordance_v1.csv,2025,punishment_lookup,A_ipc_bns_direct,renumbered,380,305,concordance_v1.csv + india_code,concordance_v1.csv row ipc_section=380,True,2026-09-04,True,template_expansion_current_law,
P7_0730,Which IPC section did BNS Section 305 replace?,BNS Section 305 (Theft in dwelling house etc) replaced IPC Section 380 (Theft in dwelling house).,380,IPC,concordance_v1_internal,bns_305,data/02_ground_truth/concordance_v1.csv,data/02_ground_truth/concordance_v1.csv,2025,reverse_lookup,A_ipc_bns_direct,renumbered,380,305,concordance_v1.csv + india_code,concordance_v1.csv row ipc_section=380,True,2026-09-04,True,template_expansion_reverse_lookup,
P7_0731,What was the old IPC provision corresponding to BNS Section 305?,BNS Section 305 (Theft in dwelling house etc) was enacted to replace IPC Section 380 (Theft in dwelling house).,380,IPC,concordance_v1_internal,bns_305,data/02_ground_truth/concordance_v1.csv,data/02_ground_truth/concordance_v1.csv,2025,reverse_lookup,A_ipc_bns_direct,renumbered,380,305,concordance_v1.csv + india_code,concordance_v1.csv row ipc_section=380,True,2026-09-04,True,template_expansion_reverse_lookup,
P7_0732,Which section in BNS 2023 corresponds to IPC Section 383?,IPC Section 383 (Extortion) corresponds to BNS Section 308 (Extortion).,308,BNS,concordance_v1_internal,ipc_383,data/02_ground_truth/concordance_v1.csv,data/02_ground_truth/concordance_v1.csv,2025,transition,A_ipc_bns_direct,renumbered,383,308,concordance_v1.csv + india_code,concordance_v1.csv row ipc_section=383,True,2026-09-04,True,template_expansion_from_concordance_row,
P7_0733,What is the BNS 2023 equivalent of IPC Section 383?,"Under BNS 2023, IPC Section 383 (Extortion) has been renumbered/replaced by Section 308 (Extortion).",308,BNS,concordance_v1_internal,ipc_383,data/02_ground_truth/concordance_v1.csv,data/02_ground_truth/concordance_v1.csv,2025,transition,A_ipc_bns_direct,renumbered,383,308,concordance_v1.csv + india_code,concordance_v1.csv row ipc_section=383,True,2026-09-04,True,template_expansion_from_concordance_row,
P7_0734,"Under the Bharatiya Nyaya Sanhita 2023, which provision replaced IPC Section 383?",IPC Section 383 was replaced by BNS Section 308 (Extortion) with effect from 1 July 2024.,308,BNS,concordance_v1_internal,ipc_383,data/02_ground_truth/concordance_v1.csv,data/02_ground_truth/concordance_v1.csv,2025,transition,A_ipc_bns_direct,renumbered,383,308,concordance_v1.csv + india_code,concordance_v1.csv row ipc_section=383,True,2026-09-04,True,template_expansion_from_concordance_row,
P7_0735,What is the current BNS provision dealing with extortion?,The current provision dealing with extortion is BNS Section 308 (Extortion).,308,BNS,concordance_v1_internal,ipc_383,data/02_ground_truth/concordance_v1.csv,data/02_ground_truth/concordance_v1.csv,2025,punishment_lookup,A_ipc_bns_direct,renumbered,383,308,concordance_v1.csv + india_code,concordance_v1.csv row ipc_section=383,True,2026-09-04,True,template_expansion_current_law,
P7_0736,"Under current Indian criminal law, which section covers extortion?","Under BNS 2023 (effective 1 July 2024), extortion is governed by Section 308 (Extortion).",308,BNS,concordance_v1_internal,ipc_383,data/02_ground_truth/concordance_v1.csv,data/02_ground_truth/concordance_v1.csv,2025,punishment_lookup,A_ipc_bns_direct,renumbered,383,308,concordance_v1.csv + india_code,concordance_v1.csv row ipc_section=383,True,2026-09-04,True,template_expansion_current_law,
P7_0737,Which IPC section did BNS Section 308 replace?,BNS Section 308 (Extortion) replaced IPC Section 383 (Extortion).,383,IPC,concordance_v1_internal,bns_308,data/02_ground_truth/concordance_v1.csv,data/02_ground_truth/concordance_v1.csv,2025,reverse_lookup,A_ipc_bns_direct,renumbered,383,308,concordance_v1.csv + india_code,concordance_v1.csv row ipc_section=383,True,2026-09-04,True,template_expansion_reverse_lookup,
P7_0738,What was the old IPC provision corresponding to BNS Section 308?,BNS Section 308 (Extortion) was enacted to replace IPC Section 383 (Extortion).,383,IPC,concordance_v1_internal,bns_308,data/02_ground_truth/concordance_v1.csv,data/02_ground_truth/concordance_v1.csv,2025,reverse_lookup,A_ipc_bns_direct,renumbered,383,308,concordance_v1.csv + india_code,concordance_v1.csv row ipc_section=383,True,2026-09-04,True,template_expansion_reverse_lookup,
P7_0739,Which section in BNS 2023 corresponds to IPC Section 384?,IPC Section 384 (Punishment for extortion) corresponds to BNS Section 308 (Punishment for extortion).,308,BNS,concordance_v1_internal,ipc_384,data/02_ground_truth/concordance_v1.csv,data/02_ground_truth/concordance_v1.csv,2025,transition,A_ipc_bns_direct,renumbered,384,308,concordance_v1.csv + india_code,concordance_v1.csv row ipc_section=384,True,2026-09-04,True,template_expansion_from_concordance_row,
P7_0740,What is the BNS 2023 equivalent of IPC Section 384?,"Under BNS 2023, IPC Section 384 (Punishment for extortion) has been renumbered/replaced by Section 308 (Punishment for extortion).",308,BNS,concordance_v1_internal,ipc_384,data/02_ground_truth/concordance_v1.csv,data/02_ground_truth/concordance_v1.csv,2025,transition,A_ipc_bns_direct,renumbered,384,308,concordance_v1.csv + india_code,concordance_v1.csv row ipc_section=384,True,2026-09-04,True,template_expansion_from_concordance_row,
P7_0741,"Under the Bharatiya Nyaya Sanhita 2023, which provision replaced IPC Section 384?",IPC Section 384 was replaced by BNS Section 308 (Punishment for extortion) with effect from 1 July 2024.,308,BNS,concordance_v1_internal,ipc_384,data/02_ground_truth/concordance_v1.csv,data/02_ground_truth/concordance_v1.csv,2025,transition,A_ipc_bns_direct,renumbered,384,308,concordance_v1.csv + india_code,concordance_v1.csv row ipc_section=384,True,2026-09-04,True,template_expansion_from_concordance_row,
P7_0742,What is the current BNS provision dealing with punishment for extortion?,The current provision dealing with punishment for extortion is BNS Section 308 (Punishment for extortion).,308,BNS,concordance_v1_internal,ipc_384,data/02_ground_truth/concordance_v1.csv,data/02_ground_truth/concordance_v1.csv,2025,punishment_lookup,A_ipc_bns_direct,renumbered,384,308,concordance_v1.csv + india_code,concordance_v1.csv row ipc_section=384,True,2026-09-04,True,template_expansion_current_law,
P7_0743,"Under current Indian criminal law, which section covers punishment for extortion?","Under BNS 2023 (effective 1 July 2024), punishment for extortion is governed by Section 308 (Punishment for extortion).",308,BNS,concordance_v1_internal,ipc_384,data/02_ground_truth/concordance_v1.csv,data/02_ground_truth/concordance_v1.csv,2025,punishment_lookup,A_ipc_bns_direct,renumbered,384,308,concordance_v1.csv + india_code,concordance_v1.csv row ipc_section=384,True,2026-09-04,True,template_expansion_current_law,
P7_0744,Which section in BNS 2023 corresponds to IPC Section 390?,IPC Section 390 (Robbery) corresponds to BNS Section 309 (Robbery).,309,BNS,concordance_v1_internal,ipc_390,data/02_ground_truth/concordance_v1.csv,data/02_ground_truth/concordance_v1.csv,2025,transition,A_ipc_bns_direct,renumbered,390,309,concordance_v1.csv + india_code,concordance_v1.csv row ipc_section=390,True,2026-09-04,True,template_expansion_from_concordance_row,
P7_0745,What is the BNS 2023 equivalent of IPC Section 390?,"Under BNS 2023, IPC Section 390 (Robbery) has been renumbered/replaced by Section 309 (Robbery).",309,BNS,concordance_v1_internal,ipc_390,data/02_ground_truth/concordance_v1.csv,data/02_ground_truth/concordance_v1.csv,2025,transition,A_ipc_bns_direct,renumbered,390,309,concordance_v1.csv + india_code,concordance_v1.csv row ipc_section=390,True,2026-09-04,True,template_expansion_from_concordance_row,
P7_0746,"Under the Bharatiya Nyaya Sanhita 2023, which provision replaced IPC Section 390?",IPC Section 390 was replaced by BNS Section 309 (Robbery) with effect from 1 July 2024.,309,BNS,concordance_v1_internal,ipc_390,data/02_ground_truth/concordance_v1.csv,data/02_ground_truth/concordance_v1.csv,2025,transition,A_ipc_bns_direct,renumbered,390,309,concordance_v1.csv + india_code,concordance_v1.csv row ipc_section=390,True,2026-09-04,True,template_expansion_from_concordance_row,
P7_0747,What is the current BNS provision dealing with robbery?,The current provision dealing with robbery is BNS Section 309 (Robbery).,309,BNS,concordance_v1_internal,ipc_390,data/02_ground_truth/concordance_v1.csv,data/02_ground_truth/concordance_v1.csv,2025,punishment_lookup,A_ipc_bns_direct,renumbered,390,309,concordance_v1.csv + india_code,concordance_v1.csv row ipc_section=390,True,2026-09-04,True,template_expansion_current_law,
P7_0748,"Under current Indian criminal law, which section covers robbery?","Under BNS 2023 (effective 1 July 2024), robbery is governed by Section 309 (Robbery).",309,BNS,concordance_v1_internal,ipc_390,data/02_ground_truth/concordance_v1.csv,data/02_ground_truth/concordance_v1.csv,2025,punishment_lookup,A_ipc_bns_direct,renumbered,390,309,concordance_v1.csv + india_code,concordance_v1.csv row ipc_section=390,True,2026-09-04,True,template_expansion_current_law,
P7_0749,Which IPC section did BNS Section 309 replace?,BNS Section 309 (Robbery) replaced IPC Section 390 (Robbery).,390,IPC,concordance_v1_internal,bns_309,data/02_ground_truth/concordance_v1.csv,data/02_ground_truth/concordance_v1.csv,2025,reverse_lookup,A_ipc_bns_direct,renumbered,390,309,concordance_v1.csv + india_code,concordance_v1.csv row ipc_section=390,True,2026-09-04,True,template_expansion_reverse_lookup,
P7_0750,What was the old IPC provision corresponding to BNS Section 309?,BNS Section 309 (Robbery) was enacted to replace IPC Section 390 (Robbery).,390,IPC,concordance_v1_internal,bns_309,data/02_ground_truth/concordance_v1.csv,data/02_ground_truth/concordance_v1.csv,2025,reverse_lookup,A_ipc_bns_direct,renumbered,390,309,concordance_v1.csv + india_code,concordance_v1.csv row ipc_section=390,True,2026-09-04,True,template_expansion_reverse_lookup,
P7_0751,Which section in BNS 2023 corresponds to IPC Section 391?,IPC Section 391 (Dacoity) corresponds to BNS Section 310 (Dacoity).,310,BNS,concordance_v1_internal,ipc_391,data/02_ground_truth/concordance_v1.csv,data/02_ground_truth/concordance_v1.csv,2025,transition,A_ipc_bns_direct,renumbered,391,310,concordance_v1.csv + india_code,concordance_v1.csv row ipc_section=391,True,2026-09-04,True,template_expansion_from_concordance_row,
P7_0752,What is the BNS 2023 equivalent of IPC Section 391?,"Under BNS 2023, IPC Section 391 (Dacoity) has been renumbered/replaced by Section 310 (Dacoity).",310,BNS,concordance_v1_internal,ipc_391,data/02_ground_truth/concordance_v1.csv,data/02_ground_truth/concordance_v1.csv,2025,transition,A_ipc_bns_direct,renumbered,391,310,concordance_v1.csv + india_code,concordance_v1.csv row ipc_section=391,True,2026-09-04,True,template_expansion_from_concordance_row,
P7_0753,"Under the Bharatiya Nyaya Sanhita 2023, which provision replaced IPC Section 391?",IPC Section 391 was replaced by BNS Section 310 (Dacoity) with effect from 1 July 2024.,310,BNS,concordance_v1_internal,ipc_391,data/02_ground_truth/concordance_v1.csv,data/02_ground_truth/concordance_v1.csv,2025,transition,A_ipc_bns_direct,renumbered,391,310,concordance_v1.csv + india_code,concordance_v1.csv row ipc_section=391,True,2026-09-04,True,template_expansion_from_concordance_row,
P7_0754,What is the current BNS provision dealing with dacoity?,The current provision dealing with dacoity is BNS Section 310 (Dacoity).,310,BNS,concordance_v1_internal,ipc_391,data/02_ground_truth/concordance_v1.csv,data/02_ground_truth/concordance_v1.csv,2025,punishment_lookup,A_ipc_bns_direct,renumbered,391,310,concordance_v1.csv + india_code,concordance_v1.csv row ipc_section=391,True,2026-09-04,True,template_expansion_current_law,
P7_0755,"Under current Indian criminal law, which section covers dacoity?","Under BNS 2023 (effective 1 July 2024), dacoity is governed by Section 310 (Dacoity).",310,BNS,concordance_v1_internal,ipc_391,data/02_ground_truth/concordance_v1.csv,data/02_ground_truth/concordance_v1.csv,2025,punishment_lookup,A_ipc_bns_direct,renumbered,391,310,concordance_v1.csv + india_code,concordance_v1.csv row ipc_section=391,True,2026-09-04,True,template_expansion_current_law,
P7_0756,Which IPC section did BNS Section 310 replace?,BNS Section 310 (Dacoity) replaced IPC Section 391 (Dacoity).,391,IPC,concordance_v1_internal,bns_310,data/02_ground_truth/concordance_v1.csv,data/02_ground_truth/concordance_v1.csv,2025,reverse_lookup,A_ipc_bns_direct,renumbered,391,310,concordance_v1.csv + india_code,concordance_v1.csv row ipc_section=391,True,2026-09-04,True,template_expansion_reverse_lookup,
P7_0757,What was the old IPC provision corresponding to BNS Section 310?,BNS Section 310 (Dacoity) was enacted to replace IPC Section 391 (Dacoity).,391,IPC,concordance_v1_internal,bns_310,data/02_ground_truth/concordance_v1.csv,data/02_ground_truth/concordance_v1.csv,2025,reverse_lookup,A_ipc_bns_direct,renumbered,391,310,concordance_v1.csv + india_code,concordance_v1.csv row ipc_section=391,True,2026-09-04,True,template_expansion_reverse_lookup,
P7_0758,Which section in BNS 2023 corresponds to IPC Section 392?,IPC Section 392 (Punishment for robbery) corresponds to BNS Section 309 (Punishment for robbery).,309,BNS,concordance_v1_internal,ipc_392,data/02_ground_truth/concordance_v1.csv,data/02_ground_truth/concordance_v1.csv,2025,transition,A_ipc_bns_direct,renumbered,392,309,concordance_v1.csv + india_code,concordance_v1.csv row ipc_section=392,True,2026-09-04,True,template_expansion_from_concordance_row,
P7_0759,What is the BNS 2023 equivalent of IPC Section 392?,"Under BNS 2023, IPC Section 392 (Punishment for robbery) has been renumbered/replaced by Section 309 (Punishment for robbery).",309,BNS,concordance_v1_internal,ipc_392,data/02_ground_truth/concordance_v1.csv,data/02_ground_truth/concordance_v1.csv,2025,transition,A_ipc_bns_direct,renumbered,392,309,concordance_v1.csv + india_code,concordance_v1.csv row ipc_section=392,True,2026-09-04,True,template_expansion_from_concordance_row,
P7_0760,"Under the Bharatiya Nyaya Sanhita 2023, which provision replaced IPC Section 392?",IPC Section 392 was replaced by BNS Section 309 (Punishment for robbery) with effect from 1 July 2024.,309,BNS,concordance_v1_internal,ipc_392,data/02_ground_truth/concordance_v1.csv,data/02_ground_truth/concordance_v1.csv,2025,transition,A_ipc_bns_direct,renumbered,392,309,concordance_v1.csv + india_code,concordance_v1.csv row ipc_section=392,True,2026-09-04,True,template_expansion_from_concordance_row,
P7_0761,What is the current BNS provision dealing with punishment for robbery?,The current provision dealing with punishment for robbery is BNS Section 309 (Punishment for robbery).,309,BNS,concordance_v1_internal,ipc_392,data/02_ground_truth/concordance_v1.csv,data/02_ground_truth/concordance_v1.csv,2025,punishment_lookup,A_ipc_bns_direct,renumbered,392,309,concordance_v1.csv + india_code,concordance_v1.csv row ipc_section=392,True,2026-09-04,True,template_expansion_current_law,
P7_0762,"Under current Indian criminal law, which section covers punishment for robbery?","Under BNS 2023 (effective 1 July 2024), punishment for robbery is governed by Section 309 (Punishment for robbery).",309,BNS,concordance_v1_internal,ipc_392,data/02_ground_truth/concordance_v1.csv,data/02_ground_truth/concordance_v1.csv,2025,punishment_lookup,A_ipc_bns_direct,renumbered,392,309,concordance_v1.csv + india_code,concordance_v1.csv row ipc_section=392,True,2026-09-04,True,template_expansion_current_law,
P7_0763,Which section in BNS 2023 corresponds to IPC Section 395?,IPC Section 395 (Punishment for dacoity) corresponds to BNS Section 310 (Punishment for dacoity).,310,BNS,concordance_v1_internal,ipc_395,data/02_ground_truth/concordance_v1.csv,data/02_ground_truth/concordance_v1.csv,2025,transition,A_ipc_bns_direct,renumbered,395,310,concordance_v1.csv + india_code,concordance_v1.csv row ipc_section=395,True,2026-09-04,True,template_expansion_from_concordance_row,
P7_0764,What is the BNS 2023 equivalent of IPC Section 395?,"Under BNS 2023, IPC Section 395 (Punishment for dacoity) has been renumbered/replaced by Section 310 (Punishment for dacoity).",310,BNS,concordance_v1_internal,ipc_395,data/02_ground_truth/concordance_v1.csv,data/02_ground_truth/concordance_v1.csv,2025,transition,A_ipc_bns_direct,renumbered,395,310,concordance_v1.csv + india_code,concordance_v1.csv row ipc_section=395,True,2026-09-04,True,template_expansion_from_concordance_row,
P7_0765,"Under the Bharatiya Nyaya Sanhita 2023, which provision replaced IPC Section 395?",IPC Section 395 was replaced by BNS Section 310 (Punishment for dacoity) with effect from 1 July 2024.,310,BNS,concordance_v1_internal,ipc_395,data/02_ground_truth/concordance_v1.csv,data/02_ground_truth/concordance_v1.csv,2025,transition,A_ipc_bns_direct,renumbered,395,310,concordance_v1.csv + india_code,concordance_v1.csv row ipc_section=395,True,2026-09-04,True,template_expansion_from_concordance_row,
P7_0766,What is the current BNS provision dealing with punishment for dacoity?,The current provision dealing with punishment for dacoity is BNS Section 310 (Punishment for dacoity).,310,BNS,concordance_v1_internal,ipc_395,data/02_ground_truth/concordance_v1.csv,data/02_ground_truth/concordance_v1.csv,2025,punishment_lookup,A_ipc_bns_direct,renumbered,395,310,concordance_v1.csv + india_code,concordance_v1.csv row ipc_section=395,True,2026-09-04,True,template_expansion_current_law,
P7_0767,"Under current Indian criminal law, which section covers punishment for dacoity?","Under BNS 2023 (effective 1 July 2024), punishment for dacoity is governed by Section 310 (Punishment for dacoity).",310,BNS,concordance_v1_internal,ipc_395,data/02_ground_truth/concordance_v1.csv,data/02_ground_truth/concordance_v1.csv,2025,punishment_lookup,A_ipc_bns_direct,renumbered,395,310,concordance_v1.csv + india_code,concordance_v1.csv row ipc_section=395,True,2026-09-04,True,template_expansion_current_law,
P7_0768,Which section in BNS 2023 corresponds to IPC Section 397?,IPC Section 397 (Robbery or dacoity with attempt to cause death or grievous hurt) corresponds to BNS Section 311 (Robbery or dacoity with attempt to cause death or grievous hurt).,311,BNS,concordance_v1_internal,ipc_397,data/02_ground_truth/concordance_v1.csv,data/02_ground_truth/concordance_v1.csv,2025,transition,A_ipc_bns_direct,renumbered,397,311,concordance_v1.csv + india_code,concordance_v1.csv row ipc_section=397,True,2026-09-04,True,template_expansion_from_concordance_row,
P7_0769,What is the BNS 2023 equivalent of IPC Section 397?,"Under BNS 2023, IPC Section 397 (Robbery or dacoity with attempt to cause death or grievous hurt) has been renumbered/replaced by Section 311 (Robbery or dacoity with attempt to cause death or grievous hurt).",311,BNS,concordance_v1_internal,ipc_397,data/02_ground_truth/concordance_v1.csv,data/02_ground_truth/concordance_v1.csv,2025,transition,A_ipc_bns_direct,renumbered,397,311,concordance_v1.csv + india_code,concordance_v1.csv row ipc_section=397,True,2026-09-04,True,template_expansion_from_concordance_row,
P7_0770,"Under the Bharatiya Nyaya Sanhita 2023, which provision replaced IPC Section 397?",IPC Section 397 was replaced by BNS Section 311 (Robbery or dacoity with attempt to cause death or grievous hurt) with effect from 1 July 2024.,311,BNS,concordance_v1_internal,ipc_397,data/02_ground_truth/concordance_v1.csv,data/02_ground_truth/concordance_v1.csv,2025,transition,A_ipc_bns_direct,renumbered,397,311,concordance_v1.csv + india_code,concordance_v1.csv row ipc_section=397,True,2026-09-04,True,template_expansion_from_concordance_row,
P7_0771,What is the current BNS provision dealing with robbery or dacoity with attempt to cause death or grievous hurt?,The current provision dealing with robbery or dacoity with attempt to cause death or grievous hurt is BNS Section 311 (Robbery or dacoity with attempt to cause death or grievous hurt).,311,BNS,concordance_v1_internal,ipc_397,data/02_ground_truth/concordance_v1.csv,data/02_ground_truth/concordance_v1.csv,2025,punishment_lookup,A_ipc_bns_direct,renumbered,397,311,concordance_v1.csv + india_code,concordance_v1.csv row ipc_section=397,True,2026-09-04,True,template_expansion_current_law,
P7_0772,"Under current Indian criminal law, which section covers robbery or dacoity with attempt to cause death or grievous hurt?","Under BNS 2023 (effective 1 July 2024), robbery or dacoity with attempt to cause death or grievous hurt is governed by Section 311 (Robbery or dacoity with attempt to cause death or grievous hurt).",311,BNS,concordance_v1_internal,ipc_397,data/02_ground_truth/concordance_v1.csv,data/02_ground_truth/concordance_v1.csv,2025,punishment_lookup,A_ipc_bns_direct,renumbered,397,311,concordance_v1.csv + india_code,concordance_v1.csv row ipc_section=397,True,2026-09-04,True,template_expansion_current_law,
P7_0773,Which IPC section did BNS Section 311 replace?,BNS Section 311 (Robbery or dacoity with attempt to cause death or grievous hurt) replaced IPC Section 397 (Robbery or dacoity with attempt to cause death or grievous hurt).,397,IPC,concordance_v1_internal,bns_311,data/02_ground_truth/concordance_v1.csv,data/02_ground_truth/concordance_v1.csv,2025,reverse_lookup,A_ipc_bns_direct,renumbered,397,311,concordance_v1.csv + india_code,concordance_v1.csv row ipc_section=397,True,2026-09-04,True,template_expansion_reverse_lookup,
P7_0774,What was the old IPC provision corresponding to BNS Section 311?,BNS Section 311 (Robbery or dacoity with attempt to cause death or grievous hurt) was enacted to replace IPC Section 397 (Robbery or dacoity with attempt to cause death or grievous hurt).,397,IPC,concordance_v1_internal,bns_311,data/02_ground_truth/concordance_v1.csv,data/02_ground_truth/concordance_v1.csv,2025,reverse_lookup,A_ipc_bns_direct,renumbered,397,311,concordance_v1.csv + india_code,concordance_v1.csv row ipc_section=397,True,2026-09-04,True,template_expansion_reverse_lookup,
P7_0775,Which section in BNS 2023 corresponds to IPC Section 399?,IPC Section 399 (Making preparation to commit dacoity) corresponds to BNS Section 312 (Making preparation to commit dacoity).,312,BNS,concordance_v1_internal,ipc_399,data/02_ground_truth/concordance_v1.csv,data/02_ground_truth/concordance_v1.csv,2025,transition,A_ipc_bns_direct,renumbered,399,312,concordance_v1.csv + india_code,concordance_v1.csv row ipc_section=399,True,2026-09-04,True,template_expansion_from_concordance_row,
P7_0776,What is the BNS 2023 equivalent of IPC Section 399?,"Under BNS 2023, IPC Section 399 (Making preparation to commit dacoity) has been renumbered/replaced by Section 312 (Making preparation to commit dacoity).",312,BNS,concordance_v1_internal,ipc_399,data/02_ground_truth/concordance_v1.csv,data/02_ground_truth/concordance_v1.csv,2025,transition,A_ipc_bns_direct,renumbered,399,312,concordance_v1.csv + india_code,concordance_v1.csv row ipc_section=399,True,2026-09-04,True,template_expansion_from_concordance_row,
P7_0777,"Under the Bharatiya Nyaya Sanhita 2023, which provision replaced IPC Section 399?",IPC Section 399 was replaced by BNS Section 312 (Making preparation to commit dacoity) with effect from 1 July 2024.,312,BNS,concordance_v1_internal,ipc_399,data/02_ground_truth/concordance_v1.csv,data/02_ground_truth/concordance_v1.csv,2025,transition,A_ipc_bns_direct,renumbered,399,312,concordance_v1.csv + india_code,concordance_v1.csv row ipc_section=399,True,2026-09-04,True,template_expansion_from_concordance_row,
P7_0778,What is the current BNS provision dealing with making preparation to commit dacoity?,The current provision dealing with making preparation to commit dacoity is BNS Section 312 (Making preparation to commit dacoity).,312,BNS,concordance_v1_internal,ipc_399,data/02_ground_truth/concordance_v1.csv,data/02_ground_truth/concordance_v1.csv,2025,punishment_lookup,A_ipc_bns_direct,renumbered,399,312,concordance_v1.csv + india_code,concordance_v1.csv row ipc_section=399,True,2026-09-04,True,template_expansion_current_law,
P7_0779,"Under current Indian criminal law, which section covers making preparation to commit dacoity?","Under BNS 2023 (effective 1 July 2024), making preparation to commit dacoity is governed by Section 312 (Making preparation to commit dacoity).",312,BNS,concordance_v1_internal,ipc_399,data/02_ground_truth/concordance_v1.csv,data/02_ground_truth/concordance_v1.csv,2025,punishment_lookup,A_ipc_bns_direct,renumbered,399,312,concordance_v1.csv + india_code,concordance_v1.csv row ipc_section=399,True,2026-09-04,True,template_expansion_current_law,
P7_0780,Which IPC section did BNS Section 312 replace?,BNS Section 312 (Making preparation to commit dacoity) replaced IPC Section 399 (Making preparation to commit dacoity).,399,IPC,concordance_v1_internal,bns_312,data/02_ground_truth/concordance_v1.csv,data/02_ground_truth/concordance_v1.csv,2025,reverse_lookup,A_ipc_bns_direct,renumbered,399,312,concordance_v1.csv + india_code,concordance_v1.csv row ipc_section=399,True,2026-09-04,True,template_expansion_reverse_lookup,
P7_0781,What was the old IPC provision corresponding to BNS Section 312?,BNS Section 312 (Making preparation to commit dacoity) was enacted to replace IPC Section 399 (Making preparation to commit dacoity).,399,IPC,concordance_v1_internal,bns_312,data/02_ground_truth/concordance_v1.csv,data/02_ground_truth/concordance_v1.csv,2025,reverse_lookup,A_ipc_bns_direct,renumbered,399,312,concordance_v1.csv + india_code,concordance_v1.csv row ipc_section=399,True,2026-09-04,True,template_expansion_reverse_lookup,
P7_0782,Which section in BNS 2023 corresponds to IPC Section 405?,IPC Section 405 (Criminal breach of trust) corresponds to BNS Section 316 (Criminal breach of trust).,316,BNS,concordance_v1_internal,ipc_405,data/02_ground_truth/concordance_v1.csv,data/02_ground_truth/concordance_v1.csv,2025,transition,A_ipc_bns_direct,renumbered,405,316,concordance_v1.csv + india_code,concordance_v1.csv row ipc_section=405,True,2026-09-04,True,template_expansion_from_concordance_row,
P7_0783,What is the BNS 2023 equivalent of IPC Section 405?,"Under BNS 2023, IPC Section 405 (Criminal breach of trust) has been renumbered/replaced by Section 316 (Criminal breach of trust).",316,BNS,concordance_v1_internal,ipc_405,data/02_ground_truth/concordance_v1.csv,data/02_ground_truth/concordance_v1.csv,2025,transition,A_ipc_bns_direct,renumbered,405,316,concordance_v1.csv + india_code,concordance_v1.csv row ipc_section=405,True,2026-09-04,True,template_expansion_from_concordance_row,
P7_0784,"Under the Bharatiya Nyaya Sanhita 2023, which provision replaced IPC Section 405?",IPC Section 405 was replaced by BNS Section 316 (Criminal breach of trust) with effect from 1 July 2024.,316,BNS,concordance_v1_internal,ipc_405,data/02_ground_truth/concordance_v1.csv,data/02_ground_truth/concordance_v1.csv,2025,transition,A_ipc_bns_direct,renumbered,405,316,concordance_v1.csv + india_code,concordance_v1.csv row ipc_section=405,True,2026-09-04,True,template_expansion_from_concordance_row,
P7_0785,What is the current BNS provision dealing with criminal breach of trust?,The current provision dealing with criminal breach of trust is BNS Section 316 (Criminal breach of trust).,316,BNS,concordance_v1_internal,ipc_405,data/02_ground_truth/concordance_v1.csv,data/02_ground_truth/concordance_v1.csv,2025,punishment_lookup,A_ipc_bns_direct,renumbered,405,316,concordance_v1.csv + india_code,concordance_v1.csv row ipc_section=405,True,2026-09-04,True,template_expansion_current_law,
P7_0786,"Under current Indian criminal law, which section covers criminal breach of trust?","Under BNS 2023 (effective 1 July 2024), criminal breach of trust is governed by Section 316 (Criminal breach of trust).",316,BNS,concordance_v1_internal,ipc_405,data/02_ground_truth/concordance_v1.csv,data/02_ground_truth/concordance_v1.csv,2025,punishment_lookup,A_ipc_bns_direct,renumbered,405,316,concordance_v1.csv + india_code,concordance_v1.csv row ipc_section=405,True,2026-09-04,True,template_expansion_current_law,
P7_0787,Which IPC section did BNS Section 316 replace?,BNS Section 316 (Criminal breach of trust) replaced IPC Section 405 (Criminal breach of trust).,405,IPC,concordance_v1_internal,bns_316,data/02_ground_truth/concordance_v1.csv,data/02_ground_truth/concordance_v1.csv,2025,reverse_lookup,A_ipc_bns_direct,renumbered,405,316,concordance_v1.csv + india_code,concordance_v1.csv row ipc_section=405,True,2026-09-04,True,template_expansion_reverse_lookup,
P7_0788,What was the old IPC provision corresponding to BNS Section 316?,BNS Section 316 (Criminal breach of trust) was enacted to replace IPC Section 405 (Criminal breach of trust).,405,IPC,concordance_v1_internal,bns_316,data/02_ground_truth/concordance_v1.csv,data/02_ground_truth/concordance_v1.csv,2025,reverse_lookup,A_ipc_bns_direct,renumbered,405,316,concordance_v1.csv + india_code,concordance_v1.csv row ipc_section=405,True,2026-09-04,True,template_expansion_reverse_lookup,
P7_0789,Which section in BNS 2023 corresponds to IPC Section 406?,IPC Section 406 (Punishment for criminal breach of trust) corresponds to BNS Section 316 (Punishment for criminal breach of trust).,316,BNS,concordance_v1_internal,ipc_406,data/02_ground_truth/concordance_v1.csv,data/02_ground_truth/concordance_v1.csv,2025,transition,A_ipc_bns_direct,renumbered,406,316,concordance_v1.csv + india_code,concordance_v1.csv row ipc_section=406,True,2026-09-04,True,template_expansion_from_concordance_row,
P7_0790,What is the BNS 2023 equivalent of IPC Section 406?,"Under BNS 2023, IPC Section 406 (Punishment for criminal breach of trust) has been renumbered/replaced by Section 316 (Punishment for criminal breach of trust).",316,BNS,concordance_v1_internal,ipc_406,data/02_ground_truth/concordance_v1.csv,data/02_ground_truth/concordance_v1.csv,2025,transition,A_ipc_bns_direct,renumbered,406,316,concordance_v1.csv + india_code,concordance_v1.csv row ipc_section=406,True,2026-09-04,True,template_expansion_from_concordance_row,
P7_0791,"Under the Bharatiya Nyaya Sanhita 2023, which provision replaced IPC Section 406?",IPC Section 406 was replaced by BNS Section 316 (Punishment for criminal breach of trust) with effect from 1 July 2024.,316,BNS,concordance_v1_internal,ipc_406,data/02_ground_truth/concordance_v1.csv,data/02_ground_truth/concordance_v1.csv,2025,transition,A_ipc_bns_direct,renumbered,406,316,concordance_v1.csv + india_code,concordance_v1.csv row ipc_section=406,True,2026-09-04,True,template_expansion_from_concordance_row,
P7_0792,What is the current BNS provision dealing with punishment for criminal breach of trust?,The current provision dealing with punishment for criminal breach of trust is BNS Section 316 (Punishment for criminal breach of trust).,316,BNS,concordance_v1_internal,ipc_406,data/02_ground_truth/concordance_v1.csv,data/02_ground_truth/concordance_v1.csv,2025,punishment_lookup,A_ipc_bns_direct,renumbered,406,316,concordance_v1.csv + india_code,concordance_v1.csv row ipc_section=406,True,2026-09-04,True,template_expansion_current_law,
P7_0793,"Under current Indian criminal law, which section covers punishment for criminal breach of trust?","Under BNS 2023 (effective 1 July 2024), punishment for criminal breach of trust is governed by Section 316 (Punishment for criminal breach of trust).",316,BNS,concordance_v1_internal,ipc_406,data/02_ground_truth/concordance_v1.csv,data/02_ground_truth/concordance_v1.csv,2025,punishment_lookup,A_ipc_bns_direct,renumbered,406,316,concordance_v1.csv + india_code,concordance_v1.csv row ipc_section=406,True,2026-09-04,True,template_expansion_current_law,
P7_0794,Which section in BNS 2023 corresponds to IPC Section 409?,IPC Section 409 (Criminal breach of trust by public servant or banker merchant or agent) corresponds to BNS Section 316 (Criminal breach of trust by public servant etc).,316,BNS,concordance_v1_internal,ipc_409,data/02_ground_truth/concordance_v1.csv,data/02_ground_truth/concordance_v1.csv,2025,transition,A_ipc_bns_direct,renumbered,409,316,concordance_v1.csv + india_code,concordance_v1.csv row ipc_section=409,True,2026-09-04,True,template_expansion_from_concordance_row,
P7_0795,What is the BNS 2023 equivalent of IPC Section 409?,"Under BNS 2023, IPC Section 409 (Criminal breach of trust by public servant or banker merchant or agent) has been renumbered/replaced by Section 316 (Criminal breach of trust by public servant etc).",316,BNS,concordance_v1_internal,ipc_409,data/02_ground_truth/concordance_v1.csv,data/02_ground_truth/concordance_v1.csv,2025,transition,A_ipc_bns_direct,renumbered,409,316,concordance_v1.csv + india_code,concordance_v1.csv row ipc_section=409,True,2026-09-04,True,template_expansion_from_concordance_row,
P7_0796,"Under the Bharatiya Nyaya Sanhita 2023, which provision replaced IPC Section 409?",IPC Section 409 was replaced by BNS Section 316 (Criminal breach of trust by public servant etc) with effect from 1 July 2024.,316,BNS,concordance_v1_internal,ipc_409,data/02_ground_truth/concordance_v1.csv,data/02_ground_truth/concordance_v1.csv,2025,transition,A_ipc_bns_direct,renumbered,409,316,concordance_v1.csv + india_code,concordance_v1.csv row ipc_section=409,True,2026-09-04,True,template_expansion_from_concordance_row,
P7_0797,What is the current BNS provision dealing with criminal breach of trust by public servant or banker merchant or agent?,The current provision dealing with criminal breach of trust by public servant or banker merchant or agent is BNS Section 316 (Criminal breach of trust by public servant etc).,316,BNS,concordance_v1_internal,ipc_409,data/02_ground_truth/concordance_v1.csv,data/02_ground_truth/concordance_v1.csv,2025,punishment_lookup,A_ipc_bns_direct,renumbered,409,316,concordance_v1.csv + india_code,concordance_v1.csv row ipc_section=409,True,2026-09-04,True,template_expansion_current_law,
P7_0798,"Under current Indian criminal law, which section covers criminal breach of trust by public servant or banker merchant or agent?","Under BNS 2023 (effective 1 July 2024), criminal breach of trust by public servant or banker merchant or agent is governed by Section 316 (Criminal breach of trust by public servant etc).",316,BNS,concordance_v1_internal,ipc_409,data/02_ground_truth/concordance_v1.csv,data/02_ground_truth/concordance_v1.csv,2025,punishment_lookup,A_ipc_bns_direct,renumbered,409,316,concordance_v1.csv + india_code,concordance_v1.csv row ipc_section=409,True,2026-09-04,True,template_expansion_current_law,
P7_0799,Which section in BNS 2023 corresponds to IPC Section 415?,IPC Section 415 (Cheating) corresponds to BNS Section 318 (Cheating).,318,BNS,concordance_v1_internal,ipc_415,data/02_ground_truth/concordance_v1.csv,data/02_ground_truth/concordance_v1.csv,2025,transition,A_ipc_bns_direct,renumbered,415,318,concordance_v1.csv + india_code,concordance_v1.csv row ipc_section=415,True,2026-09-04,True,template_expansion_from_concordance_row,
P7_0800,What is the BNS 2023 equivalent of IPC Section 415?,"Under BNS 2023, IPC Section 415 (Cheating) has been renumbered/replaced by Section 318 (Cheating).",318,BNS,concordance_v1_internal,ipc_415,data/02_ground_truth/concordance_v1.csv,data/02_ground_truth/concordance_v1.csv,2025,transition,A_ipc_bns_direct,renumbered,415,318,concordance_v1.csv + india_code,concordance_v1.csv row ipc_section=415,True,2026-09-04,True,template_expansion_from_concordance_row,
P7_0801,"Under the Bharatiya Nyaya Sanhita 2023, which provision replaced IPC Section 415?",IPC Section 415 was replaced by BNS Section 318 (Cheating) with effect from 1 July 2024.,318,BNS,concordance_v1_internal,ipc_415,data/02_ground_truth/concordance_v1.csv,data/02_ground_truth/concordance_v1.csv,2025,transition,A_ipc_bns_direct,renumbered,415,318,concordance_v1.csv + india_code,concordance_v1.csv row ipc_section=415,True,2026-09-04,True,template_expansion_from_concordance_row,
P7_0802,What is the current BNS provision dealing with cheating?,The current provision dealing with cheating is BNS Section 318 (Cheating).,318,BNS,concordance_v1_internal,ipc_415,data/02_ground_truth/concordance_v1.csv,data/02_ground_truth/concordance_v1.csv,2025,punishment_lookup,A_ipc_bns_direct,renumbered,415,318,concordance_v1.csv + india_code,concordance_v1.csv row ipc_section=415,True,2026-09-04,True,template_expansion_current_law,
P7_0803,"Under current Indian criminal law, which section covers cheating?","Under BNS 2023 (effective 1 July 2024), cheating is governed by Section 318 (Cheating).",318,BNS,concordance_v1_internal,ipc_415,data/02_ground_truth/concordance_v1.csv,data/02_ground_truth/concordance_v1.csv,2025,punishment_lookup,A_ipc_bns_direct,renumbered,415,318,concordance_v1.csv + india_code,concordance_v1.csv row ipc_section=415,True,2026-09-04,True,template_expansion_current_law,
P7_0804,Which IPC section did BNS Section 318 replace?,BNS Section 318 (Cheating) replaced IPC Section 415 (Cheating).,415,IPC,concordance_v1_internal,bns_318,data/02_ground_truth/concordance_v1.csv,data/02_ground_truth/concordance_v1.csv,2025,reverse_lookup,A_ipc_bns_direct,renumbered,415,318,concordance_v1.csv + india_code,concordance_v1.csv row ipc_section=415,True,2026-09-04,True,template_expansion_reverse_lookup,
P7_0805,What was the old IPC provision corresponding to BNS Section 318?,BNS Section 318 (Cheating) was enacted to replace IPC Section 415 (Cheating).,415,IPC,concordance_v1_internal,bns_318,data/02_ground_truth/concordance_v1.csv,data/02_ground_truth/concordance_v1.csv,2025,reverse_lookup,A_ipc_bns_direct,renumbered,415,318,concordance_v1.csv + india_code,concordance_v1.csv row ipc_section=415,True,2026-09-04,True,template_expansion_reverse_lookup,
P7_0806,Which section in BNS 2023 corresponds to IPC Section 417?,IPC Section 417 (Punishment for cheating) corresponds to BNS Section 318 (Punishment for cheating).,318,BNS,concordance_v1_internal,ipc_417,data/02_ground_truth/concordance_v1.csv,data/02_ground_truth/concordance_v1.csv,2025,transition,A_ipc_bns_direct,renumbered,417,318,concordance_v1.csv + india_code,concordance_v1.csv row ipc_section=417,True,2026-09-04,True,template_expansion_from_concordance_row,
P7_0807,What is the BNS 2023 equivalent of IPC Section 417?,"Under BNS 2023, IPC Section 417 (Punishment for cheating) has been renumbered/replaced by Section 318 (Punishment for cheating).",318,BNS,concordance_v1_internal,ipc_417,data/02_ground_truth/concordance_v1.csv,data/02_ground_truth/concordance_v1.csv,2025,transition,A_ipc_bns_direct,renumbered,417,318,concordance_v1.csv + india_code,concordance_v1.csv row ipc_section=417,True,2026-09-04,True,template_expansion_from_concordance_row,
P7_0808,"Under the Bharatiya Nyaya Sanhita 2023, which provision replaced IPC Section 417?",IPC Section 417 was replaced by BNS Section 318 (Punishment for cheating) with effect from 1 July 2024.,318,BNS,concordance_v1_internal,ipc_417,data/02_ground_truth/concordance_v1.csv,data/02_ground_truth/concordance_v1.csv,2025,transition,A_ipc_bns_direct,renumbered,417,318,concordance_v1.csv + india_code,concordance_v1.csv row ipc_section=417,True,2026-09-04,True,template_expansion_from_concordance_row,
P7_0809,What is the current BNS provision dealing with punishment for cheating?,The current provision dealing with punishment for cheating is BNS Section 318 (Punishment for cheating).,318,BNS,concordance_v1_internal,ipc_417,data/02_ground_truth/concordance_v1.csv,data/02_ground_truth/concordance_v1.csv,2025,punishment_lookup,A_ipc_bns_direct,renumbered,417,318,concordance_v1.csv + india_code,concordance_v1.csv row ipc_section=417,True,2026-09-04,True,template_expansion_current_law,
P7_0810,"Under current Indian criminal law, which section covers punishment for cheating?","Under BNS 2023 (effective 1 July 2024), punishment for cheating is governed by Section 318 (Punishment for cheating).",318,BNS,concordance_v1_internal,ipc_417,data/02_ground_truth/concordance_v1.csv,data/02_ground_truth/concordance_v1.csv,2025,punishment_lookup,A_ipc_bns_direct,renumbered,417,318,concordance_v1.csv + india_code,concordance_v1.csv row ipc_section=417,True,2026-09-04,True,template_expansion_current_law,
P7_0811,Which section in BNS 2023 corresponds to IPC Section 420?,IPC Section 420 (Cheating and dishonestly inducing delivery of property) corresponds to BNS Section 318 (Cheating and dishonestly inducing delivery of property).,318,BNS,concordance_v1_internal,ipc_420,data/02_ground_truth/concordance_v1.csv,data/02_ground_truth/concordance_v1.csv,2025,transition,A_ipc_bns_direct,renumbered,420,318,concordance_v1.csv + india_code,concordance_v1.csv row ipc_section=420,True,2026-09-04,True,template_expansion_from_concordance_row,
P7_0812,What is the BNS 2023 equivalent of IPC Section 420?,"Under BNS 2023, IPC Section 420 (Cheating and dishonestly inducing delivery of property) has been renumbered/replaced by Section 318 (Cheating and dishonestly inducing delivery of property).",318,BNS,concordance_v1_internal,ipc_420,data/02_ground_truth/concordance_v1.csv,data/02_ground_truth/concordance_v1.csv,2025,transition,A_ipc_bns_direct,renumbered,420,318,concordance_v1.csv + india_code,concordance_v1.csv row ipc_section=420,True,2026-09-04,True,template_expansion_from_concordance_row,
P7_0813,"Under the Bharatiya Nyaya Sanhita 2023, which provision replaced IPC Section 420?",IPC Section 420 was replaced by BNS Section 318 (Cheating and dishonestly inducing delivery of property) with effect from 1 July 2024.,318,BNS,concordance_v1_internal,ipc_420,data/02_ground_truth/concordance_v1.csv,data/02_ground_truth/concordance_v1.csv,2025,transition,A_ipc_bns_direct,renumbered,420,318,concordance_v1.csv + india_code,concordance_v1.csv row ipc_section=420,True,2026-09-04,True,template_expansion_from_concordance_row,
P7_0814,What is the current BNS provision dealing with cheating and dishonestly inducing delivery of property?,The current provision dealing with cheating and dishonestly inducing delivery of property is BNS Section 318 (Cheating and dishonestly inducing delivery of property).,318,BNS,concordance_v1_internal,ipc_420,data/02_ground_truth/concordance_v1.csv,data/02_ground_truth/concordance_v1.csv,2025,punishment_lookup,A_ipc_bns_direct,renumbered,420,318,concordance_v1.csv + india_code,concordance_v1.csv row ipc_section=420,True,2026-09-04,True,template_expansion_current_law,
P7_0815,"Under current Indian criminal law, which section covers cheating and dishonestly inducing delivery of property?","Under BNS 2023 (effective 1 July 2024), cheating and dishonestly inducing delivery of property is governed by Section 318 (Cheating and dishonestly inducing delivery of property).",318,BNS,concordance_v1_internal,ipc_420,data/02_ground_truth/concordance_v1.csv,data/02_ground_truth/concordance_v1.csv,2025,punishment_lookup,A_ipc_bns_direct,renumbered,420,318,concordance_v1.csv + india_code,concordance_v1.csv row ipc_section=420,True,2026-09-04,True,template_expansion_current_law,
P7_0816,Which section in BNS 2023 corresponds to IPC Section 425?,IPC Section 425 (Mischief) corresponds to BNS Section 324 (Mischief).,324,BNS,concordance_v1_internal,ipc_425,data/02_ground_truth/concordance_v1.csv,data/02_ground_truth/concordance_v1.csv,2025,transition,A_ipc_bns_direct,renumbered,425,324,concordance_v1.csv + india_code,concordance_v1.csv row ipc_section=425,True,2026-09-04,True,template_expansion_from_concordance_row,
P7_0817,What is the BNS 2023 equivalent of IPC Section 425?,"Under BNS 2023, IPC Section 425 (Mischief) has been renumbered/replaced by Section 324 (Mischief).",324,BNS,concordance_v1_internal,ipc_425,data/02_ground_truth/concordance_v1.csv,data/02_ground_truth/concordance_v1.csv,2025,transition,A_ipc_bns_direct,renumbered,425,324,concordance_v1.csv + india_code,concordance_v1.csv row ipc_section=425,True,2026-09-04,True,template_expansion_from_concordance_row,
P7_0818,"Under the Bharatiya Nyaya Sanhita 2023, which provision replaced IPC Section 425?",IPC Section 425 was replaced by BNS Section 324 (Mischief) with effect from 1 July 2024.,324,BNS,concordance_v1_internal,ipc_425,data/02_ground_truth/concordance_v1.csv,data/02_ground_truth/concordance_v1.csv,2025,transition,A_ipc_bns_direct,renumbered,425,324,concordance_v1.csv + india_code,concordance_v1.csv row ipc_section=425,True,2026-09-04,True,template_expansion_from_concordance_row,
P7_0819,What is the current BNS provision dealing with mischief?,The current provision dealing with mischief is BNS Section 324 (Mischief).,324,BNS,concordance_v1_internal,ipc_425,data/02_ground_truth/concordance_v1.csv,data/02_ground_truth/concordance_v1.csv,2025,punishment_lookup,A_ipc_bns_direct,renumbered,425,324,concordance_v1.csv + india_code,concordance_v1.csv row ipc_section=425,True,2026-09-04,True,template_expansion_current_law,
P7_0820,"Under current Indian criminal law, which section covers mischief?","Under BNS 2023 (effective 1 July 2024), mischief is governed by Section 324 (Mischief).",324,BNS,concordance_v1_internal,ipc_425,data/02_ground_truth/concordance_v1.csv,data/02_ground_truth/concordance_v1.csv,2025,punishment_lookup,A_ipc_bns_direct,renumbered,425,324,concordance_v1.csv + india_code,concordance_v1.csv row ipc_section=425,True,2026-09-04,True,template_expansion_current_law,
P7_0821,Which IPC section did BNS Section 324 replace?,BNS Section 324 (Mischief) replaced IPC Section 425 (Mischief).,425,IPC,concordance_v1_internal,bns_324,data/02_ground_truth/concordance_v1.csv,data/02_ground_truth/concordance_v1.csv,2025,reverse_lookup,A_ipc_bns_direct,renumbered,425,324,concordance_v1.csv + india_code,concordance_v1.csv row ipc_section=425,True,2026-09-04,True,template_expansion_reverse_lookup,
P7_0822,What was the old IPC provision corresponding to BNS Section 324?,BNS Section 324 (Mischief) was enacted to replace IPC Section 425 (Mischief).,425,IPC,concordance_v1_internal,bns_324,data/02_ground_truth/concordance_v1.csv,data/02_ground_truth/concordance_v1.csv,2025,reverse_lookup,A_ipc_bns_direct,renumbered,425,324,concordance_v1.csv + india_code,concordance_v1.csv row ipc_section=425,True,2026-09-04,True,template_expansion_reverse_lookup,
P7_0823,Which section in BNS 2023 corresponds to IPC Section 426?,IPC Section 426 (Punishment for mischief) corresponds to BNS Section 324 (Punishment for mischief).,324,BNS,concordance_v1_internal,ipc_426,data/02_ground_truth/concordance_v1.csv,data/02_ground_truth/concordance_v1.csv,2025,transition,A_ipc_bns_direct,renumbered,426,324,concordance_v1.csv + india_code,concordance_v1.csv row ipc_section=426,True,2026-09-04,True,template_expansion_from_concordance_row,
P7_0824,What is the BNS 2023 equivalent of IPC Section 426?,"Under BNS 2023, IPC Section 426 (Punishment for mischief) has been renumbered/replaced by Section 324 (Punishment for mischief).",324,BNS,concordance_v1_internal,ipc_426,data/02_ground_truth/concordance_v1.csv,data/02_ground_truth/concordance_v1.csv,2025,transition,A_ipc_bns_direct,renumbered,426,324,concordance_v1.csv + india_code,concordance_v1.csv row ipc_section=426,True,2026-09-04,True,template_expansion_from_concordance_row,
P7_0825,"Under the Bharatiya Nyaya Sanhita 2023, which provision replaced IPC Section 426?",IPC Section 426 was replaced by BNS Section 324 (Punishment for mischief) with effect from 1 July 2024.,324,BNS,concordance_v1_internal,ipc_426,data/02_ground_truth/concordance_v1.csv,data/02_ground_truth/concordance_v1.csv,2025,transition,A_ipc_bns_direct,renumbered,426,324,concordance_v1.csv + india_code,concordance_v1.csv row ipc_section=426,True,2026-09-04,True,template_expansion_from_concordance_row,
P7_0826,What is the current BNS provision dealing with punishment for mischief?,The current provision dealing with punishment for mischief is BNS Section 324 (Punishment for mischief).,324,BNS,concordance_v1_internal,ipc_426,data/02_ground_truth/concordance_v1.csv,data/02_ground_truth/concordance_v1.csv,2025,punishment_lookup,A_ipc_bns_direct,renumbered,426,324,concordance_v1.csv + india_code,concordance_v1.csv row ipc_section=426,True,2026-09-04,True,template_expansion_current_law,
P7_0827,"Under current Indian criminal law, which section covers punishment for mischief?","Under BNS 2023 (effective 1 July 2024), punishment for mischief is governed by Section 324 (Punishment for mischief).",324,BNS,concordance_v1_internal,ipc_426,data/02_ground_truth/concordance_v1.csv,data/02_ground_truth/concordance_v1.csv,2025,punishment_lookup,A_ipc_bns_direct,renumbered,426,324,concordance_v1.csv + india_code,concordance_v1.csv row ipc_section=426,True,2026-09-04,True,template_expansion_current_law,
P7_0828,Which section in BNS 2023 corresponds to IPC Section 441?,IPC Section 441 (Criminal trespass) corresponds to BNS Section 329 (Criminal trespass).,329,BNS,concordance_v1_internal,ipc_441,data/02_ground_truth/concordance_v1.csv,data/02_ground_truth/concordance_v1.csv,2025,transition,A_ipc_bns_direct,renumbered,441,329,concordance_v1.csv + india_code,concordance_v1.csv row ipc_section=441,True,2026-09-04,True,template_expansion_from_concordance_row,
P7_0829,What is the BNS 2023 equivalent of IPC Section 441?,"Under BNS 2023, IPC Section 441 (Criminal trespass) has been renumbered/replaced by Section 329 (Criminal trespass).",329,BNS,concordance_v1_internal,ipc_441,data/02_ground_truth/concordance_v1.csv,data/02_ground_truth/concordance_v1.csv,2025,transition,A_ipc_bns_direct,renumbered,441,329,concordance_v1.csv + india_code,concordance_v1.csv row ipc_section=441,True,2026-09-04,True,template_expansion_from_concordance_row,
P7_0830,"Under the Bharatiya Nyaya Sanhita 2023, which provision replaced IPC Section 441?",IPC Section 441 was replaced by BNS Section 329 (Criminal trespass) with effect from 1 July 2024.,329,BNS,concordance_v1_internal,ipc_441,data/02_ground_truth/concordance_v1.csv,data/02_ground_truth/concordance_v1.csv,2025,transition,A_ipc_bns_direct,renumbered,441,329,concordance_v1.csv + india_code,concordance_v1.csv row ipc_section=441,True,2026-09-04,True,template_expansion_from_concordance_row,
P7_0831,What is the current BNS provision dealing with criminal trespass?,The current provision dealing with criminal trespass is BNS Section 329 (Criminal trespass).,329,BNS,concordance_v1_internal,ipc_441,data/02_ground_truth/concordance_v1.csv,data/02_ground_truth/concordance_v1.csv,2025,punishment_lookup,A_ipc_bns_direct,renumbered,441,329,concordance_v1.csv + india_code,concordance_v1.csv row ipc_section=441,True,2026-09-04,True,template_expansion_current_law,
P7_0832,"Under current Indian criminal law, which section covers criminal trespass?","Under BNS 2023 (effective 1 July 2024), criminal trespass is governed by Section 329 (Criminal trespass).",329,BNS,concordance_v1_internal,ipc_441,data/02_ground_truth/concordance_v1.csv,data/02_ground_truth/concordance_v1.csv,2025,punishment_lookup,A_ipc_bns_direct,renumbered,441,329,concordance_v1.csv + india_code,concordance_v1.csv row ipc_section=441,True,2026-09-04,True,template_expansion_current_law,
P7_0833,Which IPC section did BNS Section 329 replace?,BNS Section 329 (Criminal trespass) replaced IPC Section 441 (Criminal trespass).,441,IPC,concordance_v1_internal,bns_329,data/02_ground_truth/concordance_v1.csv,data/02_ground_truth/concordance_v1.csv,2025,reverse_lookup,A_ipc_bns_direct,renumbered,441,329,concordance_v1.csv + india_code,concordance_v1.csv row ipc_section=441,True,2026-09-04,True,template_expansion_reverse_lookup,
P7_0834,What was the old IPC provision corresponding to BNS Section 329?,BNS Section 329 (Criminal trespass) was enacted to replace IPC Section 441 (Criminal trespass).,441,IPC,concordance_v1_internal,bns_329,data/02_ground_truth/concordance_v1.csv,data/02_ground_truth/concordance_v1.csv,2025,reverse_lookup,A_ipc_bns_direct,renumbered,441,329,concordance_v1.csv + india_code,concordance_v1.csv row ipc_section=441,True,2026-09-04,True,template_expansion_reverse_lookup,
P7_0835,Which section in BNS 2023 corresponds to IPC Section 442?,IPC Section 442 (House-trespass) corresponds to BNS Section 329 (House-trespass).,329,BNS,concordance_v1_internal,ipc_442,data/02_ground_truth/concordance_v1.csv,data/02_ground_truth/concordance_v1.csv,2025,transition,A_ipc_bns_direct,renumbered,442,329,concordance_v1.csv + india_code,concordance_v1.csv row ipc_section=442,True,2026-09-04,True,template_expansion_from_concordance_row,
P7_0836,What is the BNS 2023 equivalent of IPC Section 442?,"Under BNS 2023, IPC Section 442 (House-trespass) has been renumbered/replaced by Section 329 (House-trespass).",329,BNS,concordance_v1_internal,ipc_442,data/02_ground_truth/concordance_v1.csv,data/02_ground_truth/concordance_v1.csv,2025,transition,A_ipc_bns_direct,renumbered,442,329,concordance_v1.csv + india_code,concordance_v1.csv row ipc_section=442,True,2026-09-04,True,template_expansion_from_concordance_row,
P7_0837,"Under the Bharatiya Nyaya Sanhita 2023, which provision replaced IPC Section 442?",IPC Section 442 was replaced by BNS Section 329 (House-trespass) with effect from 1 July 2024.,329,BNS,concordance_v1_internal,ipc_442,data/02_ground_truth/concordance_v1.csv,data/02_ground_truth/concordance_v1.csv,2025,transition,A_ipc_bns_direct,renumbered,442,329,concordance_v1.csv + india_code,concordance_v1.csv row ipc_section=442,True,2026-09-04,True,template_expansion_from_concordance_row,
P7_0838,What is the current BNS provision dealing with house-trespass?,The current provision dealing with house-trespass is BNS Section 329 (House-trespass).,329,BNS,concordance_v1_internal,ipc_442,data/02_ground_truth/concordance_v1.csv,data/02_ground_truth/concordance_v1.csv,2025,punishment_lookup,A_ipc_bns_direct,renumbered,442,329,concordance_v1.csv + india_code,concordance_v1.csv row ipc_section=442,True,2026-09-04,True,template_expansion_current_law,
P7_0839,"Under current Indian criminal law, which section covers house-trespass?","Under BNS 2023 (effective 1 July 2024), house-trespass is governed by Section 329 (House-trespass).",329,BNS,concordance_v1_internal,ipc_442,data/02_ground_truth/concordance_v1.csv,data/02_ground_truth/concordance_v1.csv,2025,punishment_lookup,A_ipc_bns_direct,renumbered,442,329,concordance_v1.csv + india_code,concordance_v1.csv row ipc_section=442,True,2026-09-04,True,template_expansion_current_law,
P7_0840,Which section in BNS 2023 corresponds to IPC Section 447?,IPC Section 447 (Punishment for criminal trespass) corresponds to BNS Section 329 (Punishment for criminal trespass).,329,BNS,concordance_v1_internal,ipc_447,data/02_ground_truth/concordance_v1.csv,data/02_ground_truth/concordance_v1.csv,2025,transition,A_ipc_bns_direct,renumbered,447,329,concordance_v1.csv + india_code,concordance_v1.csv row ipc_section=447,True,2026-09-04,True,template_expansion_from_concordance_row,
P7_0841,What is the BNS 2023 equivalent of IPC Section 447?,"Under BNS 2023, IPC Section 447 (Punishment for criminal trespass) has been renumbered/replaced by Section 329 (Punishment for criminal trespass).",329,BNS,concordance_v1_internal,ipc_447,data/02_ground_truth/concordance_v1.csv,data/02_ground_truth/concordance_v1.csv,2025,transition,A_ipc_bns_direct,renumbered,447,329,concordance_v1.csv + india_code,concordance_v1.csv row ipc_section=447,True,2026-09-04,True,template_expansion_from_concordance_row,
P7_0842,"Under the Bharatiya Nyaya Sanhita 2023, which provision replaced IPC Section 447?",IPC Section 447 was replaced by BNS Section 329 (Punishment for criminal trespass) with effect from 1 July 2024.,329,BNS,concordance_v1_internal,ipc_447,data/02_ground_truth/concordance_v1.csv,data/02_ground_truth/concordance_v1.csv,2025,transition,A_ipc_bns_direct,renumbered,447,329,concordance_v1.csv + india_code,concordance_v1.csv row ipc_section=447,True,2026-09-04,True,template_expansion_from_concordance_row,
P7_0843,What is the current BNS provision dealing with punishment for criminal trespass?,The current provision dealing with punishment for criminal trespass is BNS Section 329 (Punishment for criminal trespass).,329,BNS,concordance_v1_internal,ipc_447,data/02_ground_truth/concordance_v1.csv,data/02_ground_truth/concordance_v1.csv,2025,punishment_lookup,A_ipc_bns_direct,renumbered,447,329,concordance_v1.csv + india_code,concordance_v1.csv row ipc_section=447,True,2026-09-04,True,template_expansion_current_law,
P7_0844,"Under current Indian criminal law, which section covers punishment for criminal trespass?","Under BNS 2023 (effective 1 July 2024), punishment for criminal trespass is governed by Section 329 (Punishment for criminal trespass).",329,BNS,concordance_v1_internal,ipc_447,data/02_ground_truth/concordance_v1.csv,data/02_ground_truth/concordance_v1.csv,2025,punishment_lookup,A_ipc_bns_direct,renumbered,447,329,concordance_v1.csv + india_code,concordance_v1.csv row ipc_section=447,True,2026-09-04,True,template_expansion_current_law,
P7_0845,Which section in BNS 2023 corresponds to IPC Section 448?,IPC Section 448 (Punishment for house-trespass) corresponds to BNS Section 330 (Punishment for house-trespass).,330,BNS,concordance_v1_internal,ipc_448,data/02_ground_truth/concordance_v1.csv,data/02_ground_truth/concordance_v1.csv,2025,transition,A_ipc_bns_direct,renumbered,448,330,concordance_v1.csv + india_code,concordance_v1.csv row ipc_section=448,True,2026-09-04,True,template_expansion_from_concordance_row,
P7_0846,What is the BNS 2023 equivalent of IPC Section 448?,"Under BNS 2023, IPC Section 448 (Punishment for house-trespass) has been renumbered/replaced by Section 330 (Punishment for house-trespass).",330,BNS,concordance_v1_internal,ipc_448,data/02_ground_truth/concordance_v1.csv,data/02_ground_truth/concordance_v1.csv,2025,transition,A_ipc_bns_direct,renumbered,448,330,concordance_v1.csv + india_code,concordance_v1.csv row ipc_section=448,True,2026-09-04,True,template_expansion_from_concordance_row,
P7_0847,"Under the Bharatiya Nyaya Sanhita 2023, which provision replaced IPC Section 448?",IPC Section 448 was replaced by BNS Section 330 (Punishment for house-trespass) with effect from 1 July 2024.,330,BNS,concordance_v1_internal,ipc_448,data/02_ground_truth/concordance_v1.csv,data/02_ground_truth/concordance_v1.csv,2025,transition,A_ipc_bns_direct,renumbered,448,330,concordance_v1.csv + india_code,concordance_v1.csv row ipc_section=448,True,2026-09-04,True,template_expansion_from_concordance_row,
P7_0848,What is the current BNS provision dealing with punishment for house-trespass?,The current provision dealing with punishment for house-trespass is BNS Section 330 (Punishment for house-trespass).,330,BNS,concordance_v1_internal,ipc_448,data/02_ground_truth/concordance_v1.csv,data/02_ground_truth/concordance_v1.csv,2025,punishment_lookup,A_ipc_bns_direct,renumbered,448,330,concordance_v1.csv + india_code,concordance_v1.csv row ipc_section=448,True,2026-09-04,True,template_expansion_current_law,
P7_0849,"Under current Indian criminal law, which section covers punishment for house-trespass?","Under BNS 2023 (effective 1 July 2024), punishment for house-trespass is governed by Section 330 (Punishment for house-trespass).",330,BNS,concordance_v1_internal,ipc_448,data/02_ground_truth/concordance_v1.csv,data/02_ground_truth/concordance_v1.csv,2025,punishment_lookup,A_ipc_bns_direct,renumbered,448,330,concordance_v1.csv + india_code,concordance_v1.csv row ipc_section=448,True,2026-09-04,True,template_expansion_current_law,
P7_0850,Which IPC section did BNS Section 330 replace?,BNS Section 330 (Punishment for house-trespass) replaced IPC Section 448 (Punishment for house-trespass).,448,IPC,concordance_v1_internal,bns_330,data/02_ground_truth/concordance_v1.csv,data/02_ground_truth/concordance_v1.csv,2025,reverse_lookup,A_ipc_bns_direct,renumbered,448,330,concordance_v1.csv + india_code,concordance_v1.csv row ipc_section=448,True,2026-09-04,True,template_expansion_reverse_lookup,
P7_0851,What was the old IPC provision corresponding to BNS Section 330?,BNS Section 330 (Punishment for house-trespass) was enacted to replace IPC Section 448 (Punishment for house-trespass).,448,IPC,concordance_v1_internal,bns_330,data/02_ground_truth/concordance_v1.csv,data/02_ground_truth/concordance_v1.csv,2025,reverse_lookup,A_ipc_bns_direct,renumbered,448,330,concordance_v1.csv + india_code,concordance_v1.csv row ipc_section=448,True,2026-09-04,True,template_expansion_reverse_lookup,
P7_0852,Which section in BNS 2023 corresponds to IPC Section 463?,IPC Section 463 (Forgery) corresponds to BNS Section 335 (Forgery).,335,BNS,concordance_v1_internal,ipc_463,data/02_ground_truth/concordance_v1.csv,data/02_ground_truth/concordance_v1.csv,2025,transition,A_ipc_bns_direct,renumbered,463,335,concordance_v1.csv + india_code,concordance_v1.csv row ipc_section=463,True,2026-09-04,True,template_expansion_from_concordance_row,
P7_0853,What is the BNS 2023 equivalent of IPC Section 463?,"Under BNS 2023, IPC Section 463 (Forgery) has been renumbered/replaced by Section 335 (Forgery).",335,BNS,concordance_v1_internal,ipc_463,data/02_ground_truth/concordance_v1.csv,data/02_ground_truth/concordance_v1.csv,2025,transition,A_ipc_bns_direct,renumbered,463,335,concordance_v1.csv + india_code,concordance_v1.csv row ipc_section=463,True,2026-09-04,True,template_expansion_from_concordance_row,
P7_0854,"Under the Bharatiya Nyaya Sanhita 2023, which provision replaced IPC Section 463?",IPC Section 463 was replaced by BNS Section 335 (Forgery) with effect from 1 July 2024.,335,BNS,concordance_v1_internal,ipc_463,data/02_ground_truth/concordance_v1.csv,data/02_ground_truth/concordance_v1.csv,2025,transition,A_ipc_bns_direct,renumbered,463,335,concordance_v1.csv + india_code,concordance_v1.csv row ipc_section=463,True,2026-09-04,True,template_expansion_from_concordance_row,
P7_0855,What is the current BNS provision dealing with forgery?,The current provision dealing with forgery is BNS Section 335 (Forgery).,335,BNS,concordance_v1_internal,ipc_463,data/02_ground_truth/concordance_v1.csv,data/02_ground_truth/concordance_v1.csv,2025,punishment_lookup,A_ipc_bns_direct,renumbered,463,335,concordance_v1.csv + india_code,concordance_v1.csv row ipc_section=463,True,2026-09-04,True,template_expansion_current_law,
P7_0856,"Under current Indian criminal law, which section covers forgery?","Under BNS 2023 (effective 1 July 2024), forgery is governed by Section 335 (Forgery).",335,BNS,concordance_v1_internal,ipc_463,data/02_ground_truth/concordance_v1.csv,data/02_ground_truth/concordance_v1.csv,2025,punishment_lookup,A_ipc_bns_direct,renumbered,463,335,concordance_v1.csv + india_code,concordance_v1.csv row ipc_section=463,True,2026-09-04,True,template_expansion_current_law,
P7_0857,Which IPC section did BNS Section 335 replace?,BNS Section 335 (Forgery) replaced IPC Section 463 (Forgery).,463,IPC,concordance_v1_internal,bns_335,data/02_ground_truth/concordance_v1.csv,data/02_ground_truth/concordance_v1.csv,2025,reverse_lookup,A_ipc_bns_direct,renumbered,463,335,concordance_v1.csv + india_code,concordance_v1.csv row ipc_section=463,True,2026-09-04,True,template_expansion_reverse_lookup,
P7_0858,What was the old IPC provision corresponding to BNS Section 335?,BNS Section 335 (Forgery) was enacted to replace IPC Section 463 (Forgery).,463,IPC,concordance_v1_internal,bns_335,data/02_ground_truth/concordance_v1.csv,data/02_ground_truth/concordance_v1.csv,2025,reverse_lookup,A_ipc_bns_direct,renumbered,463,335,concordance_v1.csv + india_code,concordance_v1.csv row ipc_section=463,True,2026-09-04,True,template_expansion_reverse_lookup,
P7_0859,Which section in BNS 2023 corresponds to IPC Section 465?,IPC Section 465 (Punishment for forgery) corresponds to BNS Section 336 (Punishment for forgery).,336,BNS,concordance_v1_internal,ipc_465,data/02_ground_truth/concordance_v1.csv,data/02_ground_truth/concordance_v1.csv,2025,transition,A_ipc_bns_direct,renumbered,465,336,concordance_v1.csv + india_code,concordance_v1.csv row ipc_section=465,True,2026-09-04,True,template_expansion_from_concordance_row,
P7_0860,What is the BNS 2023 equivalent of IPC Section 465?,"Under BNS 2023, IPC Section 465 (Punishment for forgery) has been renumbered/replaced by Section 336 (Punishment for forgery).",336,BNS,concordance_v1_internal,ipc_465,data/02_ground_truth/concordance_v1.csv,data/02_ground_truth/concordance_v1.csv,2025,transition,A_ipc_bns_direct,renumbered,465,336,concordance_v1.csv + india_code,concordance_v1.csv row ipc_section=465,True,2026-09-04,True,template_expansion_from_concordance_row,
P7_0861,"Under the Bharatiya Nyaya Sanhita 2023, which provision replaced IPC Section 465?",IPC Section 465 was replaced by BNS Section 336 (Punishment for forgery) with effect from 1 July 2024.,336,BNS,concordance_v1_internal,ipc_465,data/02_ground_truth/concordance_v1.csv,data/02_ground_truth/concordance_v1.csv,2025,transition,A_ipc_bns_direct,renumbered,465,336,concordance_v1.csv + india_code,concordance_v1.csv row ipc_section=465,True,2026-09-04,True,template_expansion_from_concordance_row,
P7_0862,What is the current BNS provision dealing with punishment for forgery?,The current provision dealing with punishment for forgery is BNS Section 336 (Punishment for forgery).,336,BNS,concordance_v1_internal,ipc_465,data/02_ground_truth/concordance_v1.csv,data/02_ground_truth/concordance_v1.csv,2025,punishment_lookup,A_ipc_bns_direct,renumbered,465,336,concordance_v1.csv + india_code,concordance_v1.csv row ipc_section=465,True,2026-09-04,True,template_expansion_current_law,
P7_0863,"Under current Indian criminal law, which section covers punishment for forgery?","Under BNS 2023 (effective 1 July 2024), punishment for forgery is governed by Section 336 (Punishment for forgery).",336,BNS,concordance_v1_internal,ipc_465,data/02_ground_truth/concordance_v1.csv,data/02_ground_truth/concordance_v1.csv,2025,punishment_lookup,A_ipc_bns_direct,renumbered,465,336,concordance_v1.csv + india_code,concordance_v1.csv row ipc_section=465,True,2026-09-04,True,template_expansion_current_law,
P7_0864,Which IPC section did BNS Section 336 replace?,BNS Section 336 (Punishment for forgery) replaced IPC Section 465 (Punishment for forgery).,465,IPC,concordance_v1_internal,bns_336,data/02_ground_truth/concordance_v1.csv,data/02_ground_truth/concordance_v1.csv,2025,reverse_lookup,A_ipc_bns_direct,renumbered,465,336,concordance_v1.csv + india_code,concordance_v1.csv row ipc_section=465,True,2026-09-04,True,template_expansion_reverse_lookup,
P7_0865,What was the old IPC provision corresponding to BNS Section 336?,BNS Section 336 (Punishment for forgery) was enacted to replace IPC Section 465 (Punishment for forgery).,465,IPC,concordance_v1_internal,bns_336,data/02_ground_truth/concordance_v1.csv,data/02_ground_truth/concordance_v1.csv,2025,reverse_lookup,A_ipc_bns_direct,renumbered,465,336,concordance_v1.csv + india_code,concordance_v1.csv row ipc_section=465,True,2026-09-04,True,template_expansion_reverse_lookup,
P7_0866,Which section in BNS 2023 corresponds to IPC Section 468?,IPC Section 468 (Forgery for purpose of cheating) corresponds to BNS Section 338 (Forgery for purpose of cheating).,338,BNS,concordance_v1_internal,ipc_468,data/02_ground_truth/concordance_v1.csv,data/02_ground_truth/concordance_v1.csv,2025,transition,A_ipc_bns_direct,renumbered,468,338,concordance_v1.csv + india_code,concordance_v1.csv row ipc_section=468,True,2026-09-04,True,template_expansion_from_concordance_row,
P7_0867,What is the BNS 2023 equivalent of IPC Section 468?,"Under BNS 2023, IPC Section 468 (Forgery for purpose of cheating) has been renumbered/replaced by Section 338 (Forgery for purpose of cheating).",338,BNS,concordance_v1_internal,ipc_468,data/02_ground_truth/concordance_v1.csv,data/02_ground_truth/concordance_v1.csv,2025,transition,A_ipc_bns_direct,renumbered,468,338,concordance_v1.csv + india_code,concordance_v1.csv row ipc_section=468,True,2026-09-04,True,template_expansion_from_concordance_row,
P7_0868,"Under the Bharatiya Nyaya Sanhita 2023, which provision replaced IPC Section 468?",IPC Section 468 was replaced by BNS Section 338 (Forgery for purpose of cheating) with effect from 1 July 2024.,338,BNS,concordance_v1_internal,ipc_468,data/02_ground_truth/concordance_v1.csv,data/02_ground_truth/concordance_v1.csv,2025,transition,A_ipc_bns_direct,renumbered,468,338,concordance_v1.csv + india_code,concordance_v1.csv row ipc_section=468,True,2026-09-04,True,template_expansion_from_concordance_row,
P7_0869,What is the current BNS provision dealing with forgery for purpose of cheating?,The current provision dealing with forgery for purpose of cheating is BNS Section 338 (Forgery for purpose of cheating).,338,BNS,concordance_v1_internal,ipc_468,data/02_ground_truth/concordance_v1.csv,data/02_ground_truth/concordance_v1.csv,2025,punishment_lookup,A_ipc_bns_direct,renumbered,468,338,concordance_v1.csv + india_code,concordance_v1.csv row ipc_section=468,True,2026-09-04,True,template_expansion_current_law,
P7_0870,"Under current Indian criminal law, which section covers forgery for purpose of cheating?","Under BNS 2023 (effective 1 July 2024), forgery for purpose of cheating is governed by Section 338 (Forgery for purpose of cheating).",338,BNS,concordance_v1_internal,ipc_468,data/02_ground_truth/concordance_v1.csv,data/02_ground_truth/concordance_v1.csv,2025,punishment_lookup,A_ipc_bns_direct,renumbered,468,338,concordance_v1.csv + india_code,concordance_v1.csv row ipc_section=468,True,2026-09-04,True,template_expansion_current_law,
P7_0871,Which IPC section did BNS Section 338 replace?,BNS Section 338 (Forgery for purpose of cheating) replaced IPC Section 468 (Forgery for purpose of cheating).,468,IPC,concordance_v1_internal,bns_338,data/02_ground_truth/concordance_v1.csv,data/02_ground_truth/concordance_v1.csv,2025,reverse_lookup,A_ipc_bns_direct,renumbered,468,338,concordance_v1.csv + india_code,concordance_v1.csv row ipc_section=468,True,2026-09-04,True,template_expansion_reverse_lookup,
P7_0872,What was the old IPC provision corresponding to BNS Section 338?,BNS Section 338 (Forgery for purpose of cheating) was enacted to replace IPC Section 468 (Forgery for purpose of cheating).,468,IPC,concordance_v1_internal,bns_338,data/02_ground_truth/concordance_v1.csv,data/02_ground_truth/concordance_v1.csv,2025,reverse_lookup,A_ipc_bns_direct,renumbered,468,338,concordance_v1.csv + india_code,concordance_v1.csv row ipc_section=468,True,2026-09-04,True,template_expansion_reverse_lookup,
P7_0873,Which section in BNS 2023 corresponds to IPC Section 471?,IPC Section 471 (Using as genuine a forged document or electronic record) corresponds to BNS Section 340 (Using as genuine a forged document or electronic record).,340,BNS,concordance_v1_internal,ipc_471,data/02_ground_truth/concordance_v1.csv,data/02_ground_truth/concordance_v1.csv,2025,transition,A_ipc_bns_direct,renumbered,471,340,concordance_v1.csv + india_code,concordance_v1.csv row ipc_section=471,True,2026-09-04,True,template_expansion_from_concordance_row,
P7_0874,What is the BNS 2023 equivalent of IPC Section 471?,"Under BNS 2023, IPC Section 471 (Using as genuine a forged document or electronic record) has been renumbered/replaced by Section 340 (Using as genuine a forged document or electronic record).",340,BNS,concordance_v1_internal,ipc_471,data/02_ground_truth/concordance_v1.csv,data/02_ground_truth/concordance_v1.csv,2025,transition,A_ipc_bns_direct,renumbered,471,340,concordance_v1.csv + india_code,concordance_v1.csv row ipc_section=471,True,2026-09-04,True,template_expansion_from_concordance_row,
P7_0875,"Under the Bharatiya Nyaya Sanhita 2023, which provision replaced IPC Section 471?",IPC Section 471 was replaced by BNS Section 340 (Using as genuine a forged document or electronic record) with effect from 1 July 2024.,340,BNS,concordance_v1_internal,ipc_471,data/02_ground_truth/concordance_v1.csv,data/02_ground_truth/concordance_v1.csv,2025,transition,A_ipc_bns_direct,renumbered,471,340,concordance_v1.csv + india_code,concordance_v1.csv row ipc_section=471,True,2026-09-04,True,template_expansion_from_concordance_row,
P7_0876,What is the current BNS provision dealing with using as genuine a forged document or electronic record?,The current provision dealing with using as genuine a forged document or electronic record is BNS Section 340 (Using as genuine a forged document or electronic record).,340,BNS,concordance_v1_internal,ipc_471,data/02_ground_truth/concordance_v1.csv,data/02_ground_truth/concordance_v1.csv,2025,punishment_lookup,A_ipc_bns_direct,renumbered,471,340,concordance_v1.csv + india_code,concordance_v1.csv row ipc_section=471,True,2026-09-04,True,template_expansion_current_law,
P7_0877,"Under current Indian criminal law, which section covers using as genuine a forged document or electronic record?","Under BNS 2023 (effective 1 July 2024), using as genuine a forged document or electronic record is governed by Section 340 (Using as genuine a forged document or electronic record).",340,BNS,concordance_v1_internal,ipc_471,data/02_ground_truth/concordance_v1.csv,data/02_ground_truth/concordance_v1.csv,2025,punishment_lookup,A_ipc_bns_direct,renumbered,471,340,concordance_v1.csv + india_code,concordance_v1.csv row ipc_section=471,True,2026-09-04,True,template_expansion_current_law,
P7_0878,Which IPC section did BNS Section 340 replace?,BNS Section 340 (Using as genuine a forged document or electronic record) replaced IPC Section 471 (Using as genuine a forged document or electronic record).,471,IPC,concordance_v1_internal,bns_340,data/02_ground_truth/concordance_v1.csv,data/02_ground_truth/concordance_v1.csv,2025,reverse_lookup,A_ipc_bns_direct,renumbered,471,340,concordance_v1.csv + india_code,concordance_v1.csv row ipc_section=471,True,2026-09-04,True,template_expansion_reverse_lookup,
P7_0879,What was the old IPC provision corresponding to BNS Section 340?,BNS Section 340 (Using as genuine a forged document or electronic record) was enacted to replace IPC Section 471 (Using as genuine a forged document or electronic record).,471,IPC,concordance_v1_internal,bns_340,data/02_ground_truth/concordance_v1.csv,data/02_ground_truth/concordance_v1.csv,2025,reverse_lookup,A_ipc_bns_direct,renumbered,471,340,concordance_v1.csv + india_code,concordance_v1.csv row ipc_section=471,True,2026-09-04,True,template_expansion_reverse_lookup,
P7_0880,Which section in BNS 2023 corresponds to IPC Section 489A?,IPC Section 489A (Counterfeiting currency-notes or bank-notes) corresponds to BNS Section 178 (Counterfeiting currency-notes or bank-notes).,178,BNS,concordance_v1_internal,ipc_489A,data/02_ground_truth/concordance_v1.csv,data/02_ground_truth/concordance_v1.csv,2025,transition,A_ipc_bns_direct,renumbered,489A,178,concordance_v1.csv + india_code,concordance_v1.csv row ipc_section=489A,True,2026-09-04,True,template_expansion_from_concordance_row,
P7_0881,What is the BNS 2023 equivalent of IPC Section 489A?,"Under BNS 2023, IPC Section 489A (Counterfeiting currency-notes or bank-notes) has been renumbered/replaced by Section 178 (Counterfeiting currency-notes or bank-notes).",178,BNS,concordance_v1_internal,ipc_489A,data/02_ground_truth/concordance_v1.csv,data/02_ground_truth/concordance_v1.csv,2025,transition,A_ipc_bns_direct,renumbered,489A,178,concordance_v1.csv + india_code,concordance_v1.csv row ipc_section=489A,True,2026-09-04,True,template_expansion_from_concordance_row,
P7_0882,"Under the Bharatiya Nyaya Sanhita 2023, which provision replaced IPC Section 489A?",IPC Section 489A was replaced by BNS Section 178 (Counterfeiting currency-notes or bank-notes) with effect from 1 July 2024.,178,BNS,concordance_v1_internal,ipc_489A,data/02_ground_truth/concordance_v1.csv,data/02_ground_truth/concordance_v1.csv,2025,transition,A_ipc_bns_direct,renumbered,489A,178,concordance_v1.csv + india_code,concordance_v1.csv row ipc_section=489A,True,2026-09-04,True,template_expansion_from_concordance_row,
P7_0883,What is the current BNS provision dealing with counterfeiting currency-notes or bank-notes?,The current provision dealing with counterfeiting currency-notes or bank-notes is BNS Section 178 (Counterfeiting currency-notes or bank-notes).,178,BNS,concordance_v1_internal,ipc_489A,data/02_ground_truth/concordance_v1.csv,data/02_ground_truth/concordance_v1.csv,2025,punishment_lookup,A_ipc_bns_direct,renumbered,489A,178,concordance_v1.csv + india_code,concordance_v1.csv row ipc_section=489A,True,2026-09-04,True,template_expansion_current_law,
P7_0884,"Under current Indian criminal law, which section covers counterfeiting currency-notes or bank-notes?","Under BNS 2023 (effective 1 July 2024), counterfeiting currency-notes or bank-notes is governed by Section 178 (Counterfeiting currency-notes or bank-notes).",178,BNS,concordance_v1_internal,ipc_489A,data/02_ground_truth/concordance_v1.csv,data/02_ground_truth/concordance_v1.csv,2025,punishment_lookup,A_ipc_bns_direct,renumbered,489A,178,concordance_v1.csv + india_code,concordance_v1.csv row ipc_section=489A,True,2026-09-04,True,template_expansion_current_law,
P7_0885,Which IPC section did BNS Section 178 replace?,BNS Section 178 (Counterfeiting currency-notes or bank-notes) replaced IPC Section 489A (Counterfeiting currency-notes or bank-notes).,489A,IPC,concordance_v1_internal,bns_178,data/02_ground_truth/concordance_v1.csv,data/02_ground_truth/concordance_v1.csv,2025,reverse_lookup,A_ipc_bns_direct,renumbered,489A,178,concordance_v1.csv + india_code,concordance_v1.csv row ipc_section=489A,True,2026-09-04,True,template_expansion_reverse_lookup,
P7_0886,What was the old IPC provision corresponding to BNS Section 178?,BNS Section 178 (Counterfeiting currency-notes or bank-notes) was enacted to replace IPC Section 489A (Counterfeiting currency-notes or bank-notes).,489A,IPC,concordance_v1_internal,bns_178,data/02_ground_truth/concordance_v1.csv,data/02_ground_truth/concordance_v1.csv,2025,reverse_lookup,A_ipc_bns_direct,renumbered,489A,178,concordance_v1.csv + india_code,concordance_v1.csv row ipc_section=489A,True,2026-09-04,True,template_expansion_reverse_lookup,
P7_0887,Which section in BNS 2023 corresponds to IPC Section 489B?,IPC Section 489B (Using as genuine forged or counterfeit currency-notes or bank-notes) corresponds to BNS Section 179 (Using as genuine forged or counterfeit currency-notes or bank-notes).,179,BNS,concordance_v1_internal,ipc_489B,data/02_ground_truth/concordance_v1.csv,data/02_ground_truth/concordance_v1.csv,2025,transition,A_ipc_bns_direct,renumbered,489B,179,concordance_v1.csv + india_code,concordance_v1.csv row ipc_section=489B,True,2026-09-04,True,template_expansion_from_concordance_row,
P7_0888,What is the BNS 2023 equivalent of IPC Section 489B?,"Under BNS 2023, IPC Section 489B (Using as genuine forged or counterfeit currency-notes or bank-notes) has been renumbered/replaced by Section 179 (Using as genuine forged or counterfeit currency-notes or bank-notes).",179,BNS,concordance_v1_internal,ipc_489B,data/02_ground_truth/concordance_v1.csv,data/02_ground_truth/concordance_v1.csv,2025,transition,A_ipc_bns_direct,renumbered,489B,179,concordance_v1.csv + india_code,concordance_v1.csv row ipc_section=489B,True,2026-09-04,True,template_expansion_from_concordance_row,
P7_0889,"Under the Bharatiya Nyaya Sanhita 2023, which provision replaced IPC Section 489B?",IPC Section 489B was replaced by BNS Section 179 (Using as genuine forged or counterfeit currency-notes or bank-notes) with effect from 1 July 2024.,179,BNS,concordance_v1_internal,ipc_489B,data/02_ground_truth/concordance_v1.csv,data/02_ground_truth/concordance_v1.csv,2025,transition,A_ipc_bns_direct,renumbered,489B,179,concordance_v1.csv + india_code,concordance_v1.csv row ipc_section=489B,True,2026-09-04,True,template_expansion_from_concordance_row,
P7_0890,What is the current BNS provision dealing with using as genuine forged or counterfeit currency-notes or bank-notes?,The current provision dealing with using as genuine forged or counterfeit currency-notes or bank-notes is BNS Section 179 (Using as genuine forged or counterfeit currency-notes or bank-notes).,179,BNS,concordance_v1_internal,ipc_489B,data/02_ground_truth/concordance_v1.csv,data/02_ground_truth/concordance_v1.csv,2025,punishment_lookup,A_ipc_bns_direct,renumbered,489B,179,concordance_v1.csv + india_code,concordance_v1.csv row ipc_section=489B,True,2026-09-04,True,template_expansion_current_law,
P7_0891,"Under current Indian criminal law, which section covers using as genuine forged or counterfeit currency-notes or bank-notes?","Under BNS 2023 (effective 1 July 2024), using as genuine forged or counterfeit currency-notes or bank-notes is governed by Section 179 (Using as genuine forged or counterfeit currency-notes or bank-notes).",179,BNS,concordance_v1_internal,ipc_489B,data/02_ground_truth/concordance_v1.csv,data/02_ground_truth/concordance_v1.csv,2025,punishment_lookup,A_ipc_bns_direct,renumbered,489B,179,concordance_v1.csv + india_code,concordance_v1.csv row ipc_section=489B,True,2026-09-04,True,template_expansion_current_law,
P7_0892,Which IPC section did BNS Section 179 replace?,BNS Section 179 (Using as genuine forged or counterfeit currency-notes or bank-notes) replaced IPC Section 489B (Using as genuine forged or counterfeit currency-notes or bank-notes).,489B,IPC,concordance_v1_internal,bns_179,data/02_ground_truth/concordance_v1.csv,data/02_ground_truth/concordance_v1.csv,2025,reverse_lookup,A_ipc_bns_direct,renumbered,489B,179,concordance_v1.csv + india_code,concordance_v1.csv row ipc_section=489B,True,2026-09-04,True,template_expansion_reverse_lookup,
P7_0893,What was the old IPC provision corresponding to BNS Section 179?,BNS Section 179 (Using as genuine forged or counterfeit currency-notes or bank-notes) was enacted to replace IPC Section 489B (Using as genuine forged or counterfeit currency-notes or bank-notes).,489B,IPC,concordance_v1_internal,bns_179,data/02_ground_truth/concordance_v1.csv,data/02_ground_truth/concordance_v1.csv,2025,reverse_lookup,A_ipc_bns_direct,renumbered,489B,179,concordance_v1.csv + india_code,concordance_v1.csv row ipc_section=489B,True,2026-09-04,True,template_expansion_reverse_lookup,
P7_0894,Which section in BNS 2023 corresponds to IPC Section 494?,IPC Section 494 (Marrying again during lifetime of husband or wife) corresponds to BNS Section 82 (Marrying again during lifetime of husband or wife).,82,BNS,concordance_v1_internal,ipc_494,data/02_ground_truth/concordance_v1.csv,data/02_ground_truth/concordance_v1.csv,2025,transition,A_ipc_bns_direct,renumbered,494,82,concordance_v1.csv + india_code,concordance_v1.csv row ipc_section=494,True,2026-09-04,True,template_expansion_from_concordance_row,
P7_0895,What is the BNS 2023 equivalent of IPC Section 494?,"Under BNS 2023, IPC Section 494 (Marrying again during lifetime of husband or wife) has been renumbered/replaced by Section 82 (Marrying again during lifetime of husband or wife).",82,BNS,concordance_v1_internal,ipc_494,data/02_ground_truth/concordance_v1.csv,data/02_ground_truth/concordance_v1.csv,2025,transition,A_ipc_bns_direct,renumbered,494,82,concordance_v1.csv + india_code,concordance_v1.csv row ipc_section=494,True,2026-09-04,True,template_expansion_from_concordance_row,
P7_0896,"Under the Bharatiya Nyaya Sanhita 2023, which provision replaced IPC Section 494?",IPC Section 494 was replaced by BNS Section 82 (Marrying again during lifetime of husband or wife) with effect from 1 July 2024.,82,BNS,concordance_v1_internal,ipc_494,data/02_ground_truth/concordance_v1.csv,data/02_ground_truth/concordance_v1.csv,2025,transition,A_ipc_bns_direct,renumbered,494,82,concordance_v1.csv + india_code,concordance_v1.csv row ipc_section=494,True,2026-09-04,True,template_expansion_from_concordance_row,
P7_0897,What is the current BNS provision dealing with marrying again during lifetime of husband or wife?,The current provision dealing with marrying again during lifetime of husband or wife is BNS Section 82 (Marrying again during lifetime of husband or wife).,82,BNS,concordance_v1_internal,ipc_494,data/02_ground_truth/concordance_v1.csv,data/02_ground_truth/concordance_v1.csv,2025,punishment_lookup,A_ipc_bns_direct,renumbered,494,82,concordance_v1.csv + india_code,concordance_v1.csv row ipc_section=494,True,2026-09-04,True,template_expansion_current_law,
P7_0898,"Under current Indian criminal law, which section covers marrying again during lifetime of husband or wife?","Under BNS 2023 (effective 1 July 2024), marrying again during lifetime of husband or wife is governed by Section 82 (Marrying again during lifetime of husband or wife).",82,BNS,concordance_v1_internal,ipc_494,data/02_ground_truth/concordance_v1.csv,data/02_ground_truth/concordance_v1.csv,2025,punishment_lookup,A_ipc_bns_direct,renumbered,494,82,concordance_v1.csv + india_code,concordance_v1.csv row ipc_section=494,True,2026-09-04,True,template_expansion_current_law,
P7_0899,Which IPC section did BNS Section 82 replace?,BNS Section 82 (Marrying again during lifetime of husband or wife) replaced IPC Section 494 (Marrying again during lifetime of husband or wife).,494,IPC,concordance_v1_internal,bns_82,data/02_ground_truth/concordance_v1.csv,data/02_ground_truth/concordance_v1.csv,2025,reverse_lookup,A_ipc_bns_direct,renumbered,494,82,concordance_v1.csv + india_code,concordance_v1.csv row ipc_section=494,True,2026-09-04,True,template_expansion_reverse_lookup,
P7_0900,What was the old IPC provision corresponding to BNS Section 82?,BNS Section 82 (Marrying again during lifetime of husband or wife) was enacted to replace IPC Section 494 (Marrying again during lifetime of husband or wife).,494,IPC,concordance_v1_internal,bns_82,data/02_ground_truth/concordance_v1.csv,data/02_ground_truth/concordance_v1.csv,2025,reverse_lookup,A_ipc_bns_direct,renumbered,494,82,concordance_v1.csv + india_code,concordance_v1.csv row ipc_section=494,True,2026-09-04,True,template_expansion_reverse_lookup,
P7_0901,Which section in BNS 2023 corresponds to IPC Section 498A?,IPC Section 498A (Husband or relative of husband of a woman subjecting her to cruelty) corresponds to BNS Section 85 (Husband or relative of husband of a woman subjecting her to cruelty).,85,BNS,concordance_v1_internal,ipc_498A,data/02_ground_truth/concordance_v1.csv,data/02_ground_truth/concordance_v1.csv,2025,transition,A_ipc_bns_direct,renumbered,498A,85,concordance_v1.csv + india_code,concordance_v1.csv row ipc_section=498A,True,2026-09-04,True,template_expansion_from_concordance_row,
P7_0902,What is the BNS 2023 equivalent of IPC Section 498A?,"Under BNS 2023, IPC Section 498A (Husband or relative of husband of a woman subjecting her to cruelty) has been renumbered/replaced by Section 85 (Husband or relative of husband of a woman subjecting her to cruelty).",85,BNS,concordance_v1_internal,ipc_498A,data/02_ground_truth/concordance_v1.csv,data/02_ground_truth/concordance_v1.csv,2025,transition,A_ipc_bns_direct,renumbered,498A,85,concordance_v1.csv + india_code,concordance_v1.csv row ipc_section=498A,True,2026-09-04,True,template_expansion_from_concordance_row,
P7_0903,"Under the Bharatiya Nyaya Sanhita 2023, which provision replaced IPC Section 498A?",IPC Section 498A was replaced by BNS Section 85 (Husband or relative of husband of a woman subjecting her to cruelty) with effect from 1 July 2024.,85,BNS,concordance_v1_internal,ipc_498A,data/02_ground_truth/concordance_v1.csv,data/02_ground_truth/concordance_v1.csv,2025,transition,A_ipc_bns_direct,renumbered,498A,85,concordance_v1.csv + india_code,concordance_v1.csv row ipc_section=498A,True,2026-09-04,True,template_expansion_from_concordance_row,
P7_0904,What is the current BNS provision dealing with husband or relative of husband of a woman subjecting her to cruelty?,The current provision dealing with husband or relative of husband of a woman subjecting her to cruelty is BNS Section 85 (Husband or relative of husband of a woman subjecting her to cruelty).,85,BNS,concordance_v1_internal,ipc_498A,data/02_ground_truth/concordance_v1.csv,data/02_ground_truth/concordance_v1.csv,2025,punishment_lookup,A_ipc_bns_direct,renumbered,498A,85,concordance_v1.csv + india_code,concordance_v1.csv row ipc_section=498A,True,2026-09-04,True,template_expansion_current_law,
P7_0905,"Under current Indian criminal law, which section covers husband or relative of husband of a woman subjecting her to cruelty?","Under BNS 2023 (effective 1 July 2024), husband or relative of husband of a woman subjecting her to cruelty is governed by Section 85 (Husband or relative of husband of a woman subjecting her to cruelty).",85,BNS,concordance_v1_internal,ipc_498A,data/02_ground_truth/concordance_v1.csv,data/02_ground_truth/concordance_v1.csv,2025,punishment_lookup,A_ipc_bns_direct,renumbered,498A,85,concordance_v1.csv + india_code,concordance_v1.csv row ipc_section=498A,True,2026-09-04,True,template_expansion_current_law,
P7_0906,Which IPC section did BNS Section 85 replace?,BNS Section 85 (Husband or relative of husband of a woman subjecting her to cruelty) replaced IPC Section 498A (Husband or relative of husband of a woman subjecting her to cruelty).,498A,IPC,concordance_v1_internal,bns_85,data/02_ground_truth/concordance_v1.csv,data/02_ground_truth/concordance_v1.csv,2025,reverse_lookup,A_ipc_bns_direct,renumbered,498A,85,concordance_v1.csv + india_code,concordance_v1.csv row ipc_section=498A,True,2026-09-04,True,template_expansion_reverse_lookup,
P7_0907,What was the old IPC provision corresponding to BNS Section 85?,BNS Section 85 (Husband or relative of husband of a woman subjecting her to cruelty) was enacted to replace IPC Section 498A (Husband or relative of husband of a woman subjecting her to cruelty).,498A,IPC,concordance_v1_internal,bns_85,data/02_ground_truth/concordance_v1.csv,data/02_ground_truth/concordance_v1.csv,2025,reverse_lookup,A_ipc_bns_direct,renumbered,498A,85,concordance_v1.csv + india_code,concordance_v1.csv row ipc_section=498A,True,2026-09-04,True,template_expansion_reverse_lookup,
P7_0908,Which section in BNS 2023 corresponds to IPC Section 499?,IPC Section 499 (Defamation) corresponds to BNS Section 356 (Defamation).,356,BNS,concordance_v1_internal,ipc_499,data/02_ground_truth/concordance_v1.csv,data/02_ground_truth/concordance_v1.csv,2025,transition,A_ipc_bns_direct,renumbered,499,356,concordance_v1.csv + india_code,concordance_v1.csv row ipc_section=499,True,2026-09-04,True,template_expansion_from_concordance_row,
P7_0909,What is the BNS 2023 equivalent of IPC Section 499?,"Under BNS 2023, IPC Section 499 (Defamation) has been renumbered/replaced by Section 356 (Defamation).",356,BNS,concordance_v1_internal,ipc_499,data/02_ground_truth/concordance_v1.csv,data/02_ground_truth/concordance_v1.csv,2025,transition,A_ipc_bns_direct,renumbered,499,356,concordance_v1.csv + india_code,concordance_v1.csv row ipc_section=499,True,2026-09-04,True,template_expansion_from_concordance_row,
P7_0910,"Under the Bharatiya Nyaya Sanhita 2023, which provision replaced IPC Section 499?",IPC Section 499 was replaced by BNS Section 356 (Defamation) with effect from 1 July 2024.,356,BNS,concordance_v1_internal,ipc_499,data/02_ground_truth/concordance_v1.csv,data/02_ground_truth/concordance_v1.csv,2025,transition,A_ipc_bns_direct,renumbered,499,356,concordance_v1.csv + india_code,concordance_v1.csv row ipc_section=499,True,2026-09-04,True,template_expansion_from_concordance_row,
P7_0911,What is the current BNS provision dealing with defamation?,The current provision dealing with defamation is BNS Section 356 (Defamation).,356,BNS,concordance_v1_internal,ipc_499,data/02_ground_truth/concordance_v1.csv,data/02_ground_truth/concordance_v1.csv,2025,punishment_lookup,A_ipc_bns_direct,renumbered,499,356,concordance_v1.csv + india_code,concordance_v1.csv row ipc_section=499,True,2026-09-04,True,template_expansion_current_law,
P7_0912,"Under current Indian criminal law, which section covers defamation?","Under BNS 2023 (effective 1 July 2024), defamation is governed by Section 356 (Defamation).",356,BNS,concordance_v1_internal,ipc_499,data/02_ground_truth/concordance_v1.csv,data/02_ground_truth/concordance_v1.csv,2025,punishment_lookup,A_ipc_bns_direct,renumbered,499,356,concordance_v1.csv + india_code,concordance_v1.csv row ipc_section=499,True,2026-09-04,True,template_expansion_current_law,
P7_0913,Which IPC section did BNS Section 356 replace?,BNS Section 356 (Defamation) replaced IPC Section 499 (Defamation).,499,IPC,concordance_v1_internal,bns_356,data/02_ground_truth/concordance_v1.csv,data/02_ground_truth/concordance_v1.csv,2025,reverse_lookup,A_ipc_bns_direct,renumbered,499,356,concordance_v1.csv + india_code,concordance_v1.csv row ipc_section=499,True,2026-09-04,True,template_expansion_reverse_lookup,
P7_0914,What was the old IPC provision corresponding to BNS Section 356?,BNS Section 356 (Defamation) was enacted to replace IPC Section 499 (Defamation).,499,IPC,concordance_v1_internal,bns_356,data/02_ground_truth/concordance_v1.csv,data/02_ground_truth/concordance_v1.csv,2025,reverse_lookup,A_ipc_bns_direct,renumbered,499,356,concordance_v1.csv + india_code,concordance_v1.csv row ipc_section=499,True,2026-09-04,True,template_expansion_reverse_lookup,
P7_0915,Which section in BNS 2023 corresponds to IPC Section 500?,IPC Section 500 (Punishment for defamation) corresponds to BNS Section 356 (Punishment for defamation).,356,BNS,concordance_v1_internal,ipc_500,data/02_ground_truth/concordance_v1.csv,data/02_ground_truth/concordance_v1.csv,2025,transition,A_ipc_bns_direct,renumbered,500,356,concordance_v1.csv + india_code,concordance_v1.csv row ipc_section=500,True,2026-09-04,True,template_expansion_from_concordance_row,
P7_0916,What is the BNS 2023 equivalent of IPC Section 500?,"Under BNS 2023, IPC Section 500 (Punishment for defamation) has been renumbered/replaced by Section 356 (Punishment for defamation).",356,BNS,concordance_v1_internal,ipc_500,data/02_ground_truth/concordance_v1.csv,data/02_ground_truth/concordance_v1.csv,2025,transition,A_ipc_bns_direct,renumbered,500,356,concordance_v1.csv + india_code,concordance_v1.csv row ipc_section=500,True,2026-09-04,True,template_expansion_from_concordance_row,
P7_0917,"Under the Bharatiya Nyaya Sanhita 2023, which provision replaced IPC Section 500?",IPC Section 500 was replaced by BNS Section 356 (Punishment for defamation) with effect from 1 July 2024.,356,BNS,concordance_v1_internal,ipc_500,data/02_ground_truth/concordance_v1.csv,data/02_ground_truth/concordance_v1.csv,2025,transition,A_ipc_bns_direct,renumbered,500,356,concordance_v1.csv + india_code,concordance_v1.csv row ipc_section=500,True,2026-09-04,True,template_expansion_from_concordance_row,
P7_0918,What is the current BNS provision dealing with punishment for defamation?,The current provision dealing with punishment for defamation is BNS Section 356 (Punishment for defamation).,356,BNS,concordance_v1_internal,ipc_500,data/02_ground_truth/concordance_v1.csv,data/02_ground_truth/concordance_v1.csv,2025,punishment_lookup,A_ipc_bns_direct,renumbered,500,356,concordance_v1.csv + india_code,concordance_v1.csv row ipc_section=500,True,2026-09-04,True,template_expansion_current_law,
P7_0919,"Under current Indian criminal law, which section covers punishment for defamation?","Under BNS 2023 (effective 1 July 2024), punishment for defamation is governed by Section 356 (Punishment for defamation).",356,BNS,concordance_v1_internal,ipc_500,data/02_ground_truth/concordance_v1.csv,data/02_ground_truth/concordance_v1.csv,2025,punishment_lookup,A_ipc_bns_direct,renumbered,500,356,concordance_v1.csv + india_code,concordance_v1.csv row ipc_section=500,True,2026-09-04,True,template_expansion_current_law,
P7_0920,Which section in BNS 2023 corresponds to IPC Section 503?,IPC Section 503 (Criminal intimidation) corresponds to BNS Section 351 (Criminal intimidation).,351,BNS,concordance_v1_internal,ipc_503,data/02_ground_truth/concordance_v1.csv,data/02_ground_truth/concordance_v1.csv,2025,transition,A_ipc_bns_direct,renumbered,503,351,concordance_v1.csv + india_code,concordance_v1.csv row ipc_section=503,True,2026-09-04,True,template_expansion_from_concordance_row,
P7_0921,What is the BNS 2023 equivalent of IPC Section 503?,"Under BNS 2023, IPC Section 503 (Criminal intimidation) has been renumbered/replaced by Section 351 (Criminal intimidation).",351,BNS,concordance_v1_internal,ipc_503,data/02_ground_truth/concordance_v1.csv,data/02_ground_truth/concordance_v1.csv,2025,transition,A_ipc_bns_direct,renumbered,503,351,concordance_v1.csv + india_code,concordance_v1.csv row ipc_section=503,True,2026-09-04,True,template_expansion_from_concordance_row,
P7_0922,"Under the Bharatiya Nyaya Sanhita 2023, which provision replaced IPC Section 503?",IPC Section 503 was replaced by BNS Section 351 (Criminal intimidation) with effect from 1 July 2024.,351,BNS,concordance_v1_internal,ipc_503,data/02_ground_truth/concordance_v1.csv,data/02_ground_truth/concordance_v1.csv,2025,transition,A_ipc_bns_direct,renumbered,503,351,concordance_v1.csv + india_code,concordance_v1.csv row ipc_section=503,True,2026-09-04,True,template_expansion_from_concordance_row,
P7_0923,What is the current BNS provision dealing with criminal intimidation?,The current provision dealing with criminal intimidation is BNS Section 351 (Criminal intimidation).,351,BNS,concordance_v1_internal,ipc_503,data/02_ground_truth/concordance_v1.csv,data/02_ground_truth/concordance_v1.csv,2025,punishment_lookup,A_ipc_bns_direct,renumbered,503,351,concordance_v1.csv + india_code,concordance_v1.csv row ipc_section=503,True,2026-09-04,True,template_expansion_current_law,
P7_0924,"Under current Indian criminal law, which section covers criminal intimidation?","Under BNS 2023 (effective 1 July 2024), criminal intimidation is governed by Section 351 (Criminal intimidation).",351,BNS,concordance_v1_internal,ipc_503,data/02_ground_truth/concordance_v1.csv,data/02_ground_truth/concordance_v1.csv,2025,punishment_lookup,A_ipc_bns_direct,renumbered,503,351,concordance_v1.csv + india_code,concordance_v1.csv row ipc_section=503,True,2026-09-04,True,template_expansion_current_law,
P7_0925,Which IPC section did BNS Section 351 replace?,BNS Section 351 (Criminal intimidation) replaced IPC Section 503 (Criminal intimidation).,503,IPC,concordance_v1_internal,bns_351,data/02_ground_truth/concordance_v1.csv,data/02_ground_truth/concordance_v1.csv,2025,reverse_lookup,A_ipc_bns_direct,renumbered,503,351,concordance_v1.csv + india_code,concordance_v1.csv row ipc_section=503,True,2026-09-04,True,template_expansion_reverse_lookup,
P7_0926,What was the old IPC provision corresponding to BNS Section 351?,BNS Section 351 (Criminal intimidation) was enacted to replace IPC Section 503 (Criminal intimidation).,503,IPC,concordance_v1_internal,bns_351,data/02_ground_truth/concordance_v1.csv,data/02_ground_truth/concordance_v1.csv,2025,reverse_lookup,A_ipc_bns_direct,renumbered,503,351,concordance_v1.csv + india_code,concordance_v1.csv row ipc_section=503,True,2026-09-04,True,template_expansion_reverse_lookup,
P7_0927,Which section in BNS 2023 corresponds to IPC Section 504?,IPC Section 504 (Intentional insult with intent to provoke breach of the peace) corresponds to BNS Section 352 (Intentional insult with intent to provoke breach of the peace).,352,BNS,concordance_v1_internal,ipc_504,data/02_ground_truth/concordance_v1.csv,data/02_ground_truth/concordance_v1.csv,2025,transition,A_ipc_bns_direct,renumbered,504,352,concordance_v1.csv + india_code,concordance_v1.csv row ipc_section=504,True,2026-09-04,True,template_expansion_from_concordance_row,
P7_0928,What is the BNS 2023 equivalent of IPC Section 504?,"Under BNS 2023, IPC Section 504 (Intentional insult with intent to provoke breach of the peace) has been renumbered/replaced by Section 352 (Intentional insult with intent to provoke breach of the peace).",352,BNS,concordance_v1_internal,ipc_504,data/02_ground_truth/concordance_v1.csv,data/02_ground_truth/concordance_v1.csv,2025,transition,A_ipc_bns_direct,renumbered,504,352,concordance_v1.csv + india_code,concordance_v1.csv row ipc_section=504,True,2026-09-04,True,template_expansion_from_concordance_row,
P7_0929,"Under the Bharatiya Nyaya Sanhita 2023, which provision replaced IPC Section 504?",IPC Section 504 was replaced by BNS Section 352 (Intentional insult with intent to provoke breach of the peace) with effect from 1 July 2024.,352,BNS,concordance_v1_internal,ipc_504,data/02_ground_truth/concordance_v1.csv,data/02_ground_truth/concordance_v1.csv,2025,transition,A_ipc_bns_direct,renumbered,504,352,concordance_v1.csv + india_code,concordance_v1.csv row ipc_section=504,True,2026-09-04,True,template_expansion_from_concordance_row,
P7_0930,What is the current BNS provision dealing with intentional insult with intent to provoke breach of the peace?,The current provision dealing with intentional insult with intent to provoke breach of the peace is BNS Section 352 (Intentional insult with intent to provoke breach of the peace).,352,BNS,concordance_v1_internal,ipc_504,data/02_ground_truth/concordance_v1.csv,data/02_ground_truth/concordance_v1.csv,2025,punishment_lookup,A_ipc_bns_direct,renumbered,504,352,concordance_v1.csv + india_code,concordance_v1.csv row ipc_section=504,True,2026-09-04,True,template_expansion_current_law,
P7_0931,"Under current Indian criminal law, which section covers intentional insult with intent to provoke breach of the peace?","Under BNS 2023 (effective 1 July 2024), intentional insult with intent to provoke breach of the peace is governed by Section 352 (Intentional insult with intent to provoke breach of the peace).",352,BNS,concordance_v1_internal,ipc_504,data/02_ground_truth/concordance_v1.csv,data/02_ground_truth/concordance_v1.csv,2025,punishment_lookup,A_ipc_bns_direct,renumbered,504,352,concordance_v1.csv + india_code,concordance_v1.csv row ipc_section=504,True,2026-09-04,True,template_expansion_current_law,
P7_0932,Which IPC section did BNS Section 352 replace?,BNS Section 352 (Intentional insult with intent to provoke breach of the peace) replaced IPC Section 504 (Intentional insult with intent to provoke breach of the peace).,504,IPC,concordance_v1_internal,bns_352,data/02_ground_truth/concordance_v1.csv,data/02_ground_truth/concordance_v1.csv,2025,reverse_lookup,A_ipc_bns_direct,renumbered,504,352,concordance_v1.csv + india_code,concordance_v1.csv row ipc_section=504,True,2026-09-04,True,template_expansion_reverse_lookup,
P7_0933,What was the old IPC provision corresponding to BNS Section 352?,BNS Section 352 (Intentional insult with intent to provoke breach of the peace) was enacted to replace IPC Section 504 (Intentional insult with intent to provoke breach of the peace).,504,IPC,concordance_v1_internal,bns_352,data/02_ground_truth/concordance_v1.csv,data/02_ground_truth/concordance_v1.csv,2025,reverse_lookup,A_ipc_bns_direct,renumbered,504,352,concordance_v1.csv + india_code,concordance_v1.csv row ipc_section=504,True,2026-09-04,True,template_expansion_reverse_lookup,
P7_0934,Which section in BNS 2023 corresponds to IPC Section 506?,IPC Section 506 (Punishment for criminal intimidation) corresponds to BNS Section 351 (Punishment for criminal intimidation).,351,BNS,concordance_v1_internal,ipc_506,data/02_ground_truth/concordance_v1.csv,data/02_ground_truth/concordance_v1.csv,2025,transition,A_ipc_bns_direct,renumbered,506,351,concordance_v1.csv + india_code,concordance_v1.csv row ipc_section=506,True,2026-09-04,True,template_expansion_from_concordance_row,
P7_0935,What is the BNS 2023 equivalent of IPC Section 506?,"Under BNS 2023, IPC Section 506 (Punishment for criminal intimidation) has been renumbered/replaced by Section 351 (Punishment for criminal intimidation).",351,BNS,concordance_v1_internal,ipc_506,data/02_ground_truth/concordance_v1.csv,data/02_ground_truth/concordance_v1.csv,2025,transition,A_ipc_bns_direct,renumbered,506,351,concordance_v1.csv + india_code,concordance_v1.csv row ipc_section=506,True,2026-09-04,True,template_expansion_from_concordance_row,
P7_0936,"Under the Bharatiya Nyaya Sanhita 2023, which provision replaced IPC Section 506?",IPC Section 506 was replaced by BNS Section 351 (Punishment for criminal intimidation) with effect from 1 July 2024.,351,BNS,concordance_v1_internal,ipc_506,data/02_ground_truth/concordance_v1.csv,data/02_ground_truth/concordance_v1.csv,2025,transition,A_ipc_bns_direct,renumbered,506,351,concordance_v1.csv + india_code,concordance_v1.csv row ipc_section=506,True,2026-09-04,True,template_expansion_from_concordance_row,
P7_0937,What is the current BNS provision dealing with punishment for criminal intimidation?,The current provision dealing with punishment for criminal intimidation is BNS Section 351 (Punishment for criminal intimidation).,351,BNS,concordance_v1_internal,ipc_506,data/02_ground_truth/concordance_v1.csv,data/02_ground_truth/concordance_v1.csv,2025,punishment_lookup,A_ipc_bns_direct,renumbered,506,351,concordance_v1.csv + india_code,concordance_v1.csv row ipc_section=506,True,2026-09-04,True,template_expansion_current_law,
P7_0938,"Under current Indian criminal law, which section covers punishment for criminal intimidation?","Under BNS 2023 (effective 1 July 2024), punishment for criminal intimidation is governed by Section 351 (Punishment for criminal intimidation).",351,BNS,concordance_v1_internal,ipc_506,data/02_ground_truth/concordance_v1.csv,data/02_ground_truth/concordance_v1.csv,2025,punishment_lookup,A_ipc_bns_direct,renumbered,506,351,concordance_v1.csv + india_code,concordance_v1.csv row ipc_section=506,True,2026-09-04,True,template_expansion_current_law,
P7_0939,Which section in BNS 2023 corresponds to IPC Section 509?,IPC Section 509 (Word gesture or act intended to insult the modesty of a woman) corresponds to BNS Section 79 (Word gesture or act intended to insult the modesty of a woman).,79,BNS,concordance_v1_internal,ipc_509,data/02_ground_truth/concordance_v1.csv,data/02_ground_truth/concordance_v1.csv,2025,transition,A_ipc_bns_direct,renumbered,509,79,concordance_v1.csv + india_code,concordance_v1.csv row ipc_section=509,True,2026-09-04,True,template_expansion_from_concordance_row,
P7_0940,What is the BNS 2023 equivalent of IPC Section 509?,"Under BNS 2023, IPC Section 509 (Word gesture or act intended to insult the modesty of a woman) has been renumbered/replaced by Section 79 (Word gesture or act intended to insult the modesty of a woman).",79,BNS,concordance_v1_internal,ipc_509,data/02_ground_truth/concordance_v1.csv,data/02_ground_truth/concordance_v1.csv,2025,transition,A_ipc_bns_direct,renumbered,509,79,concordance_v1.csv + india_code,concordance_v1.csv row ipc_section=509,True,2026-09-04,True,template_expansion_from_concordance_row,
P7_0941,"Under the Bharatiya Nyaya Sanhita 2023, which provision replaced IPC Section 509?",IPC Section 509 was replaced by BNS Section 79 (Word gesture or act intended to insult the modesty of a woman) with effect from 1 July 2024.,79,BNS,concordance_v1_internal,ipc_509,data/02_ground_truth/concordance_v1.csv,data/02_ground_truth/concordance_v1.csv,2025,transition,A_ipc_bns_direct,renumbered,509,79,concordance_v1.csv + india_code,concordance_v1.csv row ipc_section=509,True,2026-09-04,True,template_expansion_from_concordance_row,
P7_0942,What is the current BNS provision dealing with word gesture or act intended to insult the modesty of a woman?,The current provision dealing with word gesture or act intended to insult the modesty of a woman is BNS Section 79 (Word gesture or act intended to insult the modesty of a woman).,79,BNS,concordance_v1_internal,ipc_509,data/02_ground_truth/concordance_v1.csv,data/02_ground_truth/concordance_v1.csv,2025,punishment_lookup,A_ipc_bns_direct,renumbered,509,79,concordance_v1.csv + india_code,concordance_v1.csv row ipc_section=509,True,2026-09-04,True,template_expansion_current_law,
P7_0943,"Under current Indian criminal law, which section covers word gesture or act intended to insult the modesty of a woman?","Under BNS 2023 (effective 1 July 2024), word gesture or act intended to insult the modesty of a woman is governed by Section 79 (Word gesture or act intended to insult the modesty of a woman).",79,BNS,concordance_v1_internal,ipc_509,data/02_ground_truth/concordance_v1.csv,data/02_ground_truth/concordance_v1.csv,2025,punishment_lookup,A_ipc_bns_direct,renumbered,509,79,concordance_v1.csv + india_code,concordance_v1.csv row ipc_section=509,True,2026-09-04,True,template_expansion_current_law,
P7_0944,Which IPC section did BNS Section 79 replace?,BNS Section 79 (Word gesture or act intended to insult the modesty of a woman) replaced IPC Section 509 (Word gesture or act intended to insult the modesty of a woman).,509,IPC,concordance_v1_internal,bns_79,data/02_ground_truth/concordance_v1.csv,data/02_ground_truth/concordance_v1.csv,2025,reverse_lookup,A_ipc_bns_direct,renumbered,509,79,concordance_v1.csv + india_code,concordance_v1.csv row ipc_section=509,True,2026-09-04,True,template_expansion_reverse_lookup,
P7_0945,What was the old IPC provision corresponding to BNS Section 79?,BNS Section 79 (Word gesture or act intended to insult the modesty of a woman) was enacted to replace IPC Section 509 (Word gesture or act intended to insult the modesty of a woman).,509,IPC,concordance_v1_internal,bns_79,data/02_ground_truth/concordance_v1.csv,data/02_ground_truth/concordance_v1.csv,2025,reverse_lookup,A_ipc_bns_direct,renumbered,509,79,concordance_v1.csv + india_code,concordance_v1.csv row ipc_section=509,True,2026-09-04,True,template_expansion_reverse_lookup,
P7_0946,Which section in BNS 2023 corresponds to IPC Section 511?,IPC Section 511 (Attempt to commit offences punishable with imprisonment for life or other imprisonment) corresponds to BNS Section 62 (Attempt to commit offences punishable with imprisonment for life or other imprisonment). Note: Last section of IPC,62,BNS,concordance_v1_internal,ipc_511,data/02_ground_truth/concordance_v1.csv,data/02_ground_truth/concordance_v1.csv,2025,transition,A_ipc_bns_direct,renumbered,511,62,concordance_v1.csv + india_code,concordance_v1.csv row ipc_section=511,True,2026-09-04,True,template_expansion_from_concordance_row,
P7_0947,What is the BNS 2023 equivalent of IPC Section 511?,"Under BNS 2023, IPC Section 511 (Attempt to commit offences punishable with imprisonment for life or other imprisonment) has been renumbered/replaced by Section 62 (Attempt to commit offences punishable with imprisonment for life or other imprisonment). Note: Last section of IPC",62,BNS,concordance_v1_internal,ipc_511,data/02_ground_truth/concordance_v1.csv,data/02_ground_truth/concordance_v1.csv,2025,transition,A_ipc_bns_direct,renumbered,511,62,concordance_v1.csv + india_code,concordance_v1.csv row ipc_section=511,True,2026-09-04,True,template_expansion_from_concordance_row,
P7_0948,"Under the Bharatiya Nyaya Sanhita 2023, which provision replaced IPC Section 511?",IPC Section 511 was replaced by BNS Section 62 (Attempt to commit offences punishable with imprisonment for life or other imprisonment) with effect from 1 July 2024. Note: Last section of IPC,62,BNS,concordance_v1_internal,ipc_511,data/02_ground_truth/concordance_v1.csv,data/02_ground_truth/concordance_v1.csv,2025,transition,A_ipc_bns_direct,renumbered,511,62,concordance_v1.csv + india_code,concordance_v1.csv row ipc_section=511,True,2026-09-04,True,template_expansion_from_concordance_row,
P7_0949,What is the current BNS provision dealing with attempt to commit offences punishable with imprisonment for life or other imprisonment?,The current provision dealing with attempt to commit offences punishable with imprisonment for life or other imprisonment is BNS Section 62 (Attempt to commit offences punishable with imprisonment for life or other imprisonment).,62,BNS,concordance_v1_internal,ipc_511,data/02_ground_truth/concordance_v1.csv,data/02_ground_truth/concordance_v1.csv,2025,punishment_lookup,A_ipc_bns_direct,renumbered,511,62,concordance_v1.csv + india_code,concordance_v1.csv row ipc_section=511,True,2026-09-04,True,template_expansion_current_law,
P7_0950,"Under current Indian criminal law, which section covers attempt to commit offences punishable with imprisonment for life or other imprisonment?","Under BNS 2023 (effective 1 July 2024), attempt to commit offences punishable with imprisonment for life or other imprisonment is governed by Section 62 (Attempt to commit offences punishable with imprisonment for life or other imprisonment).",62,BNS,concordance_v1_internal,ipc_511,data/02_ground_truth/concordance_v1.csv,data/02_ground_truth/concordance_v1.csv,2025,punishment_lookup,A_ipc_bns_direct,renumbered,511,62,concordance_v1.csv + india_code,concordance_v1.csv row ipc_section=511,True,2026-09-04,True,template_expansion_current_law,
P7_0951,Which IPC section did BNS Section 62 replace?,BNS Section 62 (Attempt to commit offences punishable with imprisonment for life or other imprisonment) replaced IPC Section 511 (Attempt to commit offences punishable with imprisonment for life or other imprisonment).,511,IPC,concordance_v1_internal,bns_62,data/02_ground_truth/concordance_v1.csv,data/02_ground_truth/concordance_v1.csv,2025,reverse_lookup,A_ipc_bns_direct,renumbered,511,62,concordance_v1.csv + india_code,concordance_v1.csv row ipc_section=511,True,2026-09-04,True,template_expansion_reverse_lookup,
P7_0952,What was the old IPC provision corresponding to BNS Section 62?,BNS Section 62 (Attempt to commit offences punishable with imprisonment for life or other imprisonment) was enacted to replace IPC Section 511 (Attempt to commit offences punishable with imprisonment for life or other imprisonment).,511,IPC,concordance_v1_internal,bns_62,data/02_ground_truth/concordance_v1.csv,data/02_ground_truth/concordance_v1.csv,2025,reverse_lookup,A_ipc_bns_direct,renumbered,511,62,concordance_v1.csv + india_code,concordance_v1.csv row ipc_section=511,True,2026-09-04,True,template_expansion_reverse_lookup,
P7_0953,Which section in BNSS 2023 corresponds to CrPC Section 154?,CrPC Section 154 (Information in cognizable cases (FIR & e-FIR)) corresponds to BNSS Section 173 under the Bharatiya Nagarik Suraksha Sanhita 2023.,173,BNSS,crpc_bnss_internal_map,crpc_154,code/src/mapping/lookup.py CRPC_TO_BNSS_MAP,code/src/mapping/lookup.py,2025,procedural_transition,B_crpc_bnss_direct,exact,154,173,CRPC_TO_BNSS_MAP + india_code,concordance_v1.csv row ipc_section=crpc_154,True,2026-09-04,True,template_expansion_from_crpc_bnss_map,
P7_0954,What is the BNSS equivalent of CrPC Section 154 (Information in cognizable cases (FIR & e-FIR))?,"Under BNSS 2023, CrPC Section 154 (Information in cognizable cases (FIR & e-FIR)) has been renumbered to Section 173.",173,BNSS,crpc_bnss_internal_map,crpc_154,code/src/mapping/lookup.py CRPC_TO_BNSS_MAP,code/src/mapping/lookup.py,2025,procedural_transition,B_crpc_bnss_direct,exact,154,173,CRPC_TO_BNSS_MAP + india_code,concordance_v1.csv row ipc_section=crpc_154,True,2026-09-04,True,template_expansion_from_crpc_bnss_map,
P7_0955,Where is information in cognizable cases (fir & e-fir) covered in BNSS 2023 (previously CrPC 154)?,"Information in cognizable cases (FIR & e-FIR) is covered under Section 173 of BNSS 2023, replacing CrPC Section 154 effective 1 July 2024.",173,BNSS,crpc_bnss_internal_map,crpc_154,code/src/mapping/lookup.py CRPC_TO_BNSS_MAP,code/src/mapping/lookup.py,2025,procedural_transition,B_crpc_bnss_direct,exact,154,173,CRPC_TO_BNSS_MAP + india_code,concordance_v1.csv row ipc_section=crpc_154,True,2026-09-04,True,template_expansion_from_crpc_bnss_map,
P7_0956,Which CrPC section did BNSS Section 173 replace?,BNSS Section 173 (Information in cognizable cases (FIR & e-FIR)) replaced CrPC Section 154 upon commencement of BNSS 2023.,154,CrPC,crpc_bnss_internal_map,crpc_154,code/src/mapping/lookup.py CRPC_TO_BNSS_MAP,code/src/mapping/lookup.py,2025,reverse_procedural,B_crpc_bnss_direct,exact,154,173,CRPC_TO_BNSS_MAP + india_code,concordance_v1.csv row ipc_section=crpc_154,True,2026-09-04,True,template_expansion_from_crpc_bnss_map,
P7_0957,Which section in BNSS 2023 corresponds to CrPC Section 41?,CrPC Section 41 (When police may arrest without warrant) corresponds to BNSS Section 35 under the Bharatiya Nagarik Suraksha Sanhita 2023.,35,BNSS,crpc_bnss_internal_map,crpc_41,code/src/mapping/lookup.py CRPC_TO_BNSS_MAP,code/src/mapping/lookup.py,2025,procedural_transition,B_crpc_bnss_direct,exact,41,35,CRPC_TO_BNSS_MAP + india_code,concordance_v1.csv row ipc_section=crpc_41,True,2026-09-04,True,template_expansion_from_crpc_bnss_map,
P7_0958,What is the BNSS equivalent of CrPC Section 41 (When police may arrest without warrant)?,"Under BNSS 2023, CrPC Section 41 (When police may arrest without warrant) has been renumbered to Section 35.",35,BNSS,crpc_bnss_internal_map,crpc_41,code/src/mapping/lookup.py CRPC_TO_BNSS_MAP,code/src/mapping/lookup.py,2025,procedural_transition,B_crpc_bnss_direct,exact,41,35,CRPC_TO_BNSS_MAP + india_code,concordance_v1.csv row ipc_section=crpc_41,True,2026-09-04,True,template_expansion_from_crpc_bnss_map,
P7_0959,Where is when police may arrest without warrant covered in BNSS 2023 (previously CrPC 41)?,"When police may arrest without warrant is covered under Section 35 of BNSS 2023, replacing CrPC Section 41 effective 1 July 2024.",35,BNSS,crpc_bnss_internal_map,crpc_41,code/src/mapping/lookup.py CRPC_TO_BNSS_MAP,code/src/mapping/lookup.py,2025,procedural_transition,B_crpc_bnss_direct,exact,41,35,CRPC_TO_BNSS_MAP + india_code,concordance_v1.csv row ipc_section=crpc_41,True,2026-09-04,True,template_expansion_from_crpc_bnss_map,
P7_0960,Which CrPC section did BNSS Section 35 replace?,BNSS Section 35 (When police may arrest without warrant) replaced CrPC Section 41 upon commencement of BNSS 2023.,41,CrPC,crpc_bnss_internal_map,crpc_41,code/src/mapping/lookup.py CRPC_TO_BNSS_MAP,code/src/mapping/lookup.py,2025,reverse_procedural,B_crpc_bnss_direct,exact,41,35,CRPC_TO_BNSS_MAP + india_code,concordance_v1.csv row ipc_section=crpc_41,True,2026-09-04,True,template_expansion_from_crpc_bnss_map,
P7_0961,Which section in BNSS 2023 corresponds to CrPC Section 47?,CrPC Section 47 (Search of place entered by person sought to be arrested) corresponds to BNSS Section 44 under the Bharatiya Nagarik Suraksha Sanhita 2023.,44,BNSS,crpc_bnss_internal_map,crpc_47,code/src/mapping/lookup.py CRPC_TO_BNSS_MAP,code/src/mapping/lookup.py,2025,procedural_transition,B_crpc_bnss_direct,exact,47,44,CRPC_TO_BNSS_MAP + india_code,concordance_v1.csv row ipc_section=crpc_47,True,2026-09-04,True,template_expansion_from_crpc_bnss_map,
P7_0962,What is the BNSS equivalent of CrPC Section 47 (Search of place entered by person sought to be arrested)?,"Under BNSS 2023, CrPC Section 47 (Search of place entered by person sought to be arrested) has been renumbered to Section 44.",44,BNSS,crpc_bnss_internal_map,crpc_47,code/src/mapping/lookup.py CRPC_TO_BNSS_MAP,code/src/mapping/lookup.py,2025,procedural_transition,B_crpc_bnss_direct,exact,47,44,CRPC_TO_BNSS_MAP + india_code,concordance_v1.csv row ipc_section=crpc_47,True,2026-09-04,True,template_expansion_from_crpc_bnss_map,
P7_0963,Where is search of place entered by person sought to be arrested covered in BNSS 2023 (previously CrPC 47)?,"Search of place entered by person sought to be arrested is covered under Section 44 of BNSS 2023, replacing CrPC Section 47 effective 1 July 2024.",44,BNSS,crpc_bnss_internal_map,crpc_47,code/src/mapping/lookup.py CRPC_TO_BNSS_MAP,code/src/mapping/lookup.py,2025,procedural_transition,B_crpc_bnss_direct,exact,47,44,CRPC_TO_BNSS_MAP + india_code,concordance_v1.csv row ipc_section=crpc_47,True,2026-09-04,True,template_expansion_from_crpc_bnss_map,
P7_0964,Which CrPC section did BNSS Section 44 replace?,BNSS Section 44 (Search of place entered by person sought to be arrested) replaced CrPC Section 47 upon commencement of BNSS 2023.,47,CrPC,crpc_bnss_internal_map,crpc_47,code/src/mapping/lookup.py CRPC_TO_BNSS_MAP,code/src/mapping/lookup.py,2025,reverse_procedural,B_crpc_bnss_direct,exact,47,44,CRPC_TO_BNSS_MAP + india_code,concordance_v1.csv row ipc_section=crpc_47,True,2026-09-04,True,template_expansion_from_crpc_bnss_map,
P7_0965,Which section in BNSS 2023 corresponds to CrPC Section 167?,CrPC Section 167 (Procedure when investigation cannot be completed in 24 hours (Remand)) corresponds to BNSS Section 187 under the Bharatiya Nagarik Suraksha Sanhita 2023.,187,BNSS,crpc_bnss_internal_map,crpc_167,code/src/mapping/lookup.py CRPC_TO_BNSS_MAP,code/src/mapping/lookup.py,2025,procedural_transition,B_crpc_bnss_direct,modified,167,187,CRPC_TO_BNSS_MAP + india_code,concordance_v1.csv row ipc_section=crpc_167,True,2026-09-04,True,template_expansion_from_crpc_bnss_map,
P7_0966,What is the BNSS equivalent of CrPC Section 167 (Procedure when investigation cannot be completed in 24 hours (Remand))?,"Under BNSS 2023, CrPC Section 167 (Procedure when investigation cannot be completed in 24 hours (Remand)) has been renumbered to Section 187.",187,BNSS,crpc_bnss_internal_map,crpc_167,code/src/mapping/lookup.py CRPC_TO_BNSS_MAP,code/src/mapping/lookup.py,2025,procedural_transition,B_crpc_bnss_direct,modified,167,187,CRPC_TO_BNSS_MAP + india_code,concordance_v1.csv row ipc_section=crpc_167,True,2026-09-04,True,template_expansion_from_crpc_bnss_map,
P7_0967,Where is procedure when investigation cannot be completed in 24 hours (remand) covered in BNSS 2023 (previously CrPC 167)?,"Procedure when investigation cannot be completed in 24 hours (Remand) is covered under Section 187 of BNSS 2023, replacing CrPC Section 167 effective 1 July 2024.",187,BNSS,crpc_bnss_internal_map,crpc_167,code/src/mapping/lookup.py CRPC_TO_BNSS_MAP,code/src/mapping/lookup.py,2025,procedural_transition,B_crpc_bnss_direct,modified,167,187,CRPC_TO_BNSS_MAP + india_code,concordance_v1.csv row ipc_section=crpc_167,True,2026-09-04,True,template_expansion_from_crpc_bnss_map,
P7_0968,Which CrPC section did BNSS Section 187 replace?,BNSS Section 187 (Procedure when investigation cannot be completed in 24 hours (Remand)) replaced CrPC Section 167 upon commencement of BNSS 2023.,167,CrPC,crpc_bnss_internal_map,crpc_167,code/src/mapping/lookup.py CRPC_TO_BNSS_MAP,code/src/mapping/lookup.py,2025,reverse_procedural,B_crpc_bnss_direct,modified,167,187,CRPC_TO_BNSS_MAP + india_code,concordance_v1.csv row ipc_section=crpc_167,True,2026-09-04,True,template_expansion_from_crpc_bnss_map,
P7_0969,Which section in BNSS 2023 corresponds to CrPC Section 438?,CrPC Section 438 (Direction for grant of bail to person apprehending arrest (Anticipatory Bail)) corresponds to BNSS Section 482 under the Bharatiya Nagarik Suraksha Sanhita 2023.,482,BNSS,crpc_bnss_internal_map,crpc_438,code/src/mapping/lookup.py CRPC_TO_BNSS_MAP,code/src/mapping/lookup.py,2025,procedural_transition,B_crpc_bnss_direct,exact,438,482,CRPC_TO_BNSS_MAP + india_code,concordance_v1.csv row ipc_section=crpc_438,True,2026-09-04,True,template_expansion_from_crpc_bnss_map,
P7_0970,What is the BNSS equivalent of CrPC Section 438 (Direction for grant of bail to person apprehending arrest (Anticipatory Bail))?,"Under BNSS 2023, CrPC Section 438 (Direction for grant of bail to person apprehending arrest (Anticipatory Bail)) has been renumbered to Section 482.",482,BNSS,crpc_bnss_internal_map,crpc_438,code/src/mapping/lookup.py CRPC_TO_BNSS_MAP,code/src/mapping/lookup.py,2025,procedural_transition,B_crpc_bnss_direct,exact,438,482,CRPC_TO_BNSS_MAP + india_code,concordance_v1.csv row ipc_section=crpc_438,True,2026-09-04,True,template_expansion_from_crpc_bnss_map,
P7_0971,Where is direction for grant of bail to person apprehending arrest (anticipatory bail) covered in BNSS 2023 (previously CrPC 438)?,"Direction for grant of bail to person apprehending arrest (Anticipatory Bail) is covered under Section 482 of BNSS 2023, replacing CrPC Section 438 effective 1 July 2024.",482,BNSS,crpc_bnss_internal_map,crpc_438,code/src/mapping/lookup.py CRPC_TO_BNSS_MAP,code/src/mapping/lookup.py,2025,procedural_transition,B_crpc_bnss_direct,exact,438,482,CRPC_TO_BNSS_MAP + india_code,concordance_v1.csv row ipc_section=crpc_438,True,2026-09-04,True,template_expansion_from_crpc_bnss_map,
P7_0972,Which CrPC section did BNSS Section 482 replace?,BNSS Section 482 (Direction for grant of bail to person apprehending arrest (Anticipatory Bail)) replaced CrPC Section 438 upon commencement of BNSS 2023.,438,CrPC,crpc_bnss_internal_map,crpc_438,code/src/mapping/lookup.py CRPC_TO_BNSS_MAP,code/src/mapping/lookup.py,2025,reverse_procedural,B_crpc_bnss_direct,exact,438,482,CRPC_TO_BNSS_MAP + india_code,concordance_v1.csv row ipc_section=crpc_438,True,2026-09-04,True,template_expansion_from_crpc_bnss_map,
P7_0973,Which section in BNSS 2023 corresponds to CrPC Section 437?,CrPC Section 437 (When bail may be taken in case of non-bailable offence) corresponds to BNSS Section 480 under the Bharatiya Nagarik Suraksha Sanhita 2023.,480,BNSS,crpc_bnss_internal_map,crpc_437,code/src/mapping/lookup.py CRPC_TO_BNSS_MAP,code/src/mapping/lookup.py,2025,procedural_transition,B_crpc_bnss_direct,exact,437,480,CRPC_TO_BNSS_MAP + india_code,concordance_v1.csv row ipc_section=crpc_437,True,2026-09-04,True,template_expansion_from_crpc_bnss_map,
P7_0974,What is the BNSS equivalent of CrPC Section 437 (When bail may be taken in case of non-bailable offence)?,"Under BNSS 2023, CrPC Section 437 (When bail may be taken in case of non-bailable offence) has been renumbered to Section 480.",480,BNSS,crpc_bnss_internal_map,crpc_437,code/src/mapping/lookup.py CRPC_TO_BNSS_MAP,code/src/mapping/lookup.py,2025,procedural_transition,B_crpc_bnss_direct,exact,437,480,CRPC_TO_BNSS_MAP + india_code,concordance_v1.csv row ipc_section=crpc_437,True,2026-09-04,True,template_expansion_from_crpc_bnss_map,
P7_0975,Where is when bail may be taken in case of non-bailable offence covered in BNSS 2023 (previously CrPC 437)?,"When bail may be taken in case of non-bailable offence is covered under Section 480 of BNSS 2023, replacing CrPC Section 437 effective 1 July 2024.",480,BNSS,crpc_bnss_internal_map,crpc_437,code/src/mapping/lookup.py CRPC_TO_BNSS_MAP,code/src/mapping/lookup.py,2025,procedural_transition,B_crpc_bnss_direct,exact,437,480,CRPC_TO_BNSS_MAP + india_code,concordance_v1.csv row ipc_section=crpc_437,True,2026-09-04,True,template_expansion_from_crpc_bnss_map,
P7_0976,Which CrPC section did BNSS Section 480 replace?,BNSS Section 480 (When bail may be taken in case of non-bailable offence) replaced CrPC Section 437 upon commencement of BNSS 2023.,437,CrPC,crpc_bnss_internal_map,crpc_437,code/src/mapping/lookup.py CRPC_TO_BNSS_MAP,code/src/mapping/lookup.py,2025,reverse_procedural,B_crpc_bnss_direct,exact,437,480,CRPC_TO_BNSS_MAP + india_code,concordance_v1.csv row ipc_section=crpc_437,True,2026-09-04,True,template_expansion_from_crpc_bnss_map,
P7_0977,Which section in BNSS 2023 corresponds to CrPC Section 144?,CrPC Section 144 (Power to issue order in urgent cases of nuisance / apprehended danger) corresponds to BNSS Section 163 under the Bharatiya Nagarik Suraksha Sanhita 2023.,163,BNSS,crpc_bnss_internal_map,crpc_144,code/src/mapping/lookup.py CRPC_TO_BNSS_MAP,code/src/mapping/lookup.py,2025,procedural_transition,B_crpc_bnss_direct,exact,144,163,CRPC_TO_BNSS_MAP + india_code,concordance_v1.csv row ipc_section=crpc_144,True,2026-09-04,True,template_expansion_from_crpc_bnss_map,
P7_0978,What is the BNSS equivalent of CrPC Section 144 (Power to issue order in urgent cases of nuisance / apprehended danger)?,"Under BNSS 2023, CrPC Section 144 (Power to issue order in urgent cases of nuisance / apprehended danger) has been renumbered to Section 163.",163,BNSS,crpc_bnss_internal_map,crpc_144,code/src/mapping/lookup.py CRPC_TO_BNSS_MAP,code/src/mapping/lookup.py,2025,procedural_transition,B_crpc_bnss_direct,exact,144,163,CRPC_TO_BNSS_MAP + india_code,concordance_v1.csv row ipc_section=crpc_144,True,2026-09-04,True,template_expansion_from_crpc_bnss_map,
P7_0979,Where is power to issue order in urgent cases of nuisance / apprehended danger covered in BNSS 2023 (previously CrPC 144)?,"Power to issue order in urgent cases of nuisance / apprehended danger is covered under Section 163 of BNSS 2023, replacing CrPC Section 144 effective 1 July 2024.",163,BNSS,crpc_bnss_internal_map,crpc_144,code/src/mapping/lookup.py CRPC_TO_BNSS_MAP,code/src/mapping/lookup.py,2025,procedural_transition,B_crpc_bnss_direct,exact,144,163,CRPC_TO_BNSS_MAP + india_code,concordance_v1.csv row ipc_section=crpc_144,True,2026-09-04,True,template_expansion_from_crpc_bnss_map,
P7_0980,Which CrPC section did BNSS Section 163 replace?,BNSS Section 163 (Power to issue order in urgent cases of nuisance / apprehended danger) replaced CrPC Section 144 upon commencement of BNSS 2023.,144,CrPC,crpc_bnss_internal_map,crpc_144,code/src/mapping/lookup.py CRPC_TO_BNSS_MAP,code/src/mapping/lookup.py,2025,reverse_procedural,B_crpc_bnss_direct,exact,144,163,CRPC_TO_BNSS_MAP + india_code,concordance_v1.csv row ipc_section=crpc_144,True,2026-09-04,True,template_expansion_from_crpc_bnss_map,
P7_0981,Which section in BNSS 2023 corresponds to CrPC Section 173?,CrPC Section 173 (Report of police officer on completion of investigation (Charge-sheet)) corresponds to BNSS Section 193 under the Bharatiya Nagarik Suraksha Sanhita 2023.,193,BNSS,crpc_bnss_internal_map,crpc_173,code/src/mapping/lookup.py CRPC_TO_BNSS_MAP,code/src/mapping/lookup.py,2025,procedural_transition,B_crpc_bnss_direct,exact,173,193,CRPC_TO_BNSS_MAP + india_code,concordance_v1.csv row ipc_section=crpc_173,True,2026-09-04,True,template_expansion_from_crpc_bnss_map,
P7_0982,What is the BNSS equivalent of CrPC Section 173 (Report of police officer on completion of investigation (Charge-sheet))?,"Under BNSS 2023, CrPC Section 173 (Report of police officer on completion of investigation (Charge-sheet)) has been renumbered to Section 193.",193,BNSS,crpc_bnss_internal_map,crpc_173,code/src/mapping/lookup.py CRPC_TO_BNSS_MAP,code/src/mapping/lookup.py,2025,procedural_transition,B_crpc_bnss_direct,exact,173,193,CRPC_TO_BNSS_MAP + india_code,concordance_v1.csv row ipc_section=crpc_173,True,2026-09-04,True,template_expansion_from_crpc_bnss_map,
P7_0983,Where is report of police officer on completion of investigation (charge-sheet) covered in BNSS 2023 (previously CrPC 173)?,"Report of police officer on completion of investigation (Charge-sheet) is covered under Section 193 of BNSS 2023, replacing CrPC Section 173 effective 1 July 2024.",193,BNSS,crpc_bnss_internal_map,crpc_173,code/src/mapping/lookup.py CRPC_TO_BNSS_MAP,code/src/mapping/lookup.py,2025,procedural_transition,B_crpc_bnss_direct,exact,173,193,CRPC_TO_BNSS_MAP + india_code,concordance_v1.csv row ipc_section=crpc_173,True,2026-09-04,True,template_expansion_from_crpc_bnss_map,
P7_0984,Which CrPC section did BNSS Section 193 replace?,BNSS Section 193 (Report of police officer on completion of investigation (Charge-sheet)) replaced CrPC Section 173 upon commencement of BNSS 2023.,173,CrPC,crpc_bnss_internal_map,crpc_173,code/src/mapping/lookup.py CRPC_TO_BNSS_MAP,code/src/mapping/lookup.py,2025,reverse_procedural,B_crpc_bnss_direct,exact,173,193,CRPC_TO_BNSS_MAP + india_code,concordance_v1.csv row ipc_section=crpc_173,True,2026-09-04,True,template_expansion_from_crpc_bnss_map,
P7_0985,Which section in BNSS 2023 corresponds to CrPC Section 164?,CrPC Section 164 (Recording of confessions and statements) corresponds to BNSS Section 183 under the Bharatiya Nagarik Suraksha Sanhita 2023.,183,BNSS,crpc_bnss_internal_map,crpc_164,code/src/mapping/lookup.py CRPC_TO_BNSS_MAP,code/src/mapping/lookup.py,2025,procedural_transition,B_crpc_bnss_direct,exact,164,183,CRPC_TO_BNSS_MAP + india_code,concordance_v1.csv row ipc_section=crpc_164,True,2026-09-04,True,template_expansion_from_crpc_bnss_map,
P7_0986,What is the BNSS equivalent of CrPC Section 164 (Recording of confessions and statements)?,"Under BNSS 2023, CrPC Section 164 (Recording of confessions and statements) has been renumbered to Section 183.",183,BNSS,crpc_bnss_internal_map,crpc_164,code/src/mapping/lookup.py CRPC_TO_BNSS_MAP,code/src/mapping/lookup.py,2025,procedural_transition,B_crpc_bnss_direct,exact,164,183,CRPC_TO_BNSS_MAP + india_code,concordance_v1.csv row ipc_section=crpc_164,True,2026-09-04,True,template_expansion_from_crpc_bnss_map,
P7_0987,Where is recording of confessions and statements covered in BNSS 2023 (previously CrPC 164)?,"Recording of confessions and statements is covered under Section 183 of BNSS 2023, replacing CrPC Section 164 effective 1 July 2024.",183,BNSS,crpc_bnss_internal_map,crpc_164,code/src/mapping/lookup.py CRPC_TO_BNSS_MAP,code/src/mapping/lookup.py,2025,procedural_transition,B_crpc_bnss_direct,exact,164,183,CRPC_TO_BNSS_MAP + india_code,concordance_v1.csv row ipc_section=crpc_164,True,2026-09-04,True,template_expansion_from_crpc_bnss_map,
P7_0988,Which CrPC section did BNSS Section 183 replace?,BNSS Section 183 (Recording of confessions and statements) replaced CrPC Section 164 upon commencement of BNSS 2023.,164,CrPC,crpc_bnss_internal_map,crpc_164,code/src/mapping/lookup.py CRPC_TO_BNSS_MAP,code/src/mapping/lookup.py,2025,reverse_procedural,B_crpc_bnss_direct,exact,164,183,CRPC_TO_BNSS_MAP + india_code,concordance_v1.csv row ipc_section=crpc_164,True,2026-09-04,True,template_expansion_from_crpc_bnss_map,
P7_0989,Which section in BNSS 2023 corresponds to CrPC Section 174?,CrPC Section 174 (Police to enquire and report on suicide (Inquest)) corresponds to BNSS Section 194 under the Bharatiya Nagarik Suraksha Sanhita 2023.,194,BNSS,crpc_bnss_internal_map,crpc_174,code/src/mapping/lookup.py CRPC_TO_BNSS_MAP,code/src/mapping/lookup.py,2025,procedural_transition,B_crpc_bnss_direct,exact,174,194,CRPC_TO_BNSS_MAP + india_code,concordance_v1.csv row ipc_section=crpc_174,True,2026-09-04,True,template_expansion_from_crpc_bnss_map,
P7_0990,What is the BNSS equivalent of CrPC Section 174 (Police to enquire and report on suicide (Inquest))?,"Under BNSS 2023, CrPC Section 174 (Police to enquire and report on suicide (Inquest)) has been renumbered to Section 194.",194,BNSS,crpc_bnss_internal_map,crpc_174,code/src/mapping/lookup.py CRPC_TO_BNSS_MAP,code/src/mapping/lookup.py,2025,procedural_transition,B_crpc_bnss_direct,exact,174,194,CRPC_TO_BNSS_MAP + india_code,concordance_v1.csv row ipc_section=crpc_174,True,2026-09-04,True,template_expansion_from_crpc_bnss_map,
P7_0991,Where is police to enquire and report on suicide (inquest) covered in BNSS 2023 (previously CrPC 174)?,"Police to enquire and report on suicide (Inquest) is covered under Section 194 of BNSS 2023, replacing CrPC Section 174 effective 1 July 2024.",194,BNSS,crpc_bnss_internal_map,crpc_174,code/src/mapping/lookup.py CRPC_TO_BNSS_MAP,code/src/mapping/lookup.py,2025,procedural_transition,B_crpc_bnss_direct,exact,174,194,CRPC_TO_BNSS_MAP + india_code,concordance_v1.csv row ipc_section=crpc_174,True,2026-09-04,True,template_expansion_from_crpc_bnss_map,
P7_0992,Which CrPC section did BNSS Section 194 replace?,BNSS Section 194 (Police to enquire and report on suicide (Inquest)) replaced CrPC Section 174 upon commencement of BNSS 2023.,174,CrPC,crpc_bnss_internal_map,crpc_174,code/src/mapping/lookup.py CRPC_TO_BNSS_MAP,code/src/mapping/lookup.py,2025,reverse_procedural,B_crpc_bnss_direct,exact,174,194,CRPC_TO_BNSS_MAP + india_code,concordance_v1.csv row ipc_section=crpc_174,True,2026-09-04,True,template_expansion_from_crpc_bnss_map,
P7_0993,Which section in BNSS 2023 corresponds to CrPC Section 106?,CrPC Section 106 (Security for keeping the peace on conviction) corresponds to BNSS Section 125 under the Bharatiya Nagarik Suraksha Sanhita 2023.,125,BNSS,crpc_bnss_internal_map,crpc_106,code/src/mapping/lookup.py CRPC_TO_BNSS_MAP,code/src/mapping/lookup.py,2025,procedural_transition,B_crpc_bnss_direct,exact,106,125,CRPC_TO_BNSS_MAP + india_code,concordance_v1.csv row ipc_section=crpc_106,True,2026-09-04,True,template_expansion_from_crpc_bnss_map,
P7_0994,What is the BNSS equivalent of CrPC Section 106 (Security for keeping the peace on conviction)?,"Under BNSS 2023, CrPC Section 106 (Security for keeping the peace on conviction) has been renumbered to Section 125.",125,BNSS,crpc_bnss_internal_map,crpc_106,code/src/mapping/lookup.py CRPC_TO_BNSS_MAP,code/src/mapping/lookup.py,2025,procedural_transition,B_crpc_bnss_direct,exact,106,125,CRPC_TO_BNSS_MAP + india_code,concordance_v1.csv row ipc_section=crpc_106,True,2026-09-04,True,template_expansion_from_crpc_bnss_map,
P7_0995,Where is security for keeping the peace on conviction covered in BNSS 2023 (previously CrPC 106)?,"Security for keeping the peace on conviction is covered under Section 125 of BNSS 2023, replacing CrPC Section 106 effective 1 July 2024.",125,BNSS,crpc_bnss_internal_map,crpc_106,code/src/mapping/lookup.py CRPC_TO_BNSS_MAP,code/src/mapping/lookup.py,2025,procedural_transition,B_crpc_bnss_direct,exact,106,125,CRPC_TO_BNSS_MAP + india_code,concordance_v1.csv row ipc_section=crpc_106,True,2026-09-04,True,template_expansion_from_crpc_bnss_map,
P7_0996,Which CrPC section did BNSS Section 125 replace?,BNSS Section 125 (Security for keeping the peace on conviction) replaced CrPC Section 106 upon commencement of BNSS 2023.,106,CrPC,crpc_bnss_internal_map,crpc_106,code/src/mapping/lookup.py CRPC_TO_BNSS_MAP,code/src/mapping/lookup.py,2025,reverse_procedural,B_crpc_bnss_direct,exact,106,125,CRPC_TO_BNSS_MAP + india_code,concordance_v1.csv row ipc_section=crpc_106,True,2026-09-04,True,template_expansion_from_crpc_bnss_map,
P7_0997,Which section in BNSS 2023 corresponds to CrPC Section 125?,"CrPC Section 125 (Order for maintenance of wives, children and parents) corresponds to BNSS Section 144 under the Bharatiya Nagarik Suraksha Sanhita 2023.",144,BNSS,crpc_bnss_internal_map,crpc_125,code/src/mapping/lookup.py CRPC_TO_BNSS_MAP,code/src/mapping/lookup.py,2025,procedural_transition,B_crpc_bnss_direct,exact,125,144,CRPC_TO_BNSS_MAP + india_code,concordance_v1.csv row ipc_section=crpc_125,True,2026-09-04,True,template_expansion_from_crpc_bnss_map,
P7_0998,"What is the BNSS equivalent of CrPC Section 125 (Order for maintenance of wives, children and parents)?","Under BNSS 2023, CrPC Section 125 (Order for maintenance of wives, children and parents) has been renumbered to Section 144.",144,BNSS,crpc_bnss_internal_map,crpc_125,code/src/mapping/lookup.py CRPC_TO_BNSS_MAP,code/src/mapping/lookup.py,2025,procedural_transition,B_crpc_bnss_direct,exact,125,144,CRPC_TO_BNSS_MAP + india_code,concordance_v1.csv row ipc_section=crpc_125,True,2026-09-04,True,template_expansion_from_crpc_bnss_map,
P7_0999,"Where is order for maintenance of wives, children and parents covered in BNSS 2023 (previously CrPC 125)?","Order for maintenance of wives, children and parents is covered under Section 144 of BNSS 2023, replacing CrPC Section 125 effective 1 July 2024.",144,BNSS,crpc_bnss_internal_map,crpc_125,code/src/mapping/lookup.py CRPC_TO_BNSS_MAP,code/src/mapping/lookup.py,2025,procedural_transition,B_crpc_bnss_direct,exact,125,144,CRPC_TO_BNSS_MAP + india_code,concordance_v1.csv row ipc_section=crpc_125,True,2026-09-04,True,template_expansion_from_crpc_bnss_map,
P7_1000,Which CrPC section did BNSS Section 144 replace?,"BNSS Section 144 (Order for maintenance of wives, children and parents) replaced CrPC Section 125 upon commencement of BNSS 2023.",125,CrPC,crpc_bnss_internal_map,crpc_125,code/src/mapping/lookup.py CRPC_TO_BNSS_MAP,code/src/mapping/lookup.py,2025,reverse_procedural,B_crpc_bnss_direct,exact,125,144,CRPC_TO_BNSS_MAP + india_code,concordance_v1.csv row ipc_section=crpc_125,True,2026-09-04,True,template_expansion_from_crpc_bnss_map,
P7_1001,Which section in BNSS 2023 corresponds to CrPC Section 265A?,CrPC Section 265A (Application of the Chapter (Plea Bargaining)) corresponds to BNSS Section 289 under the Bharatiya Nagarik Suraksha Sanhita 2023.,289,BNSS,crpc_bnss_internal_map,crpc_265A,code/src/mapping/lookup.py CRPC_TO_BNSS_MAP,code/src/mapping/lookup.py,2025,procedural_transition,B_crpc_bnss_direct,exact,265A,289,CRPC_TO_BNSS_MAP + india_code,concordance_v1.csv row ipc_section=crpc_265A,True,2026-09-04,True,template_expansion_from_crpc_bnss_map,
P7_1002,What is the BNSS equivalent of CrPC Section 265A (Application of the Chapter (Plea Bargaining))?,"Under BNSS 2023, CrPC Section 265A (Application of the Chapter (Plea Bargaining)) has been renumbered to Section 289.",289,BNSS,crpc_bnss_internal_map,crpc_265A,code/src/mapping/lookup.py CRPC_TO_BNSS_MAP,code/src/mapping/lookup.py,2025,procedural_transition,B_crpc_bnss_direct,exact,265A,289,CRPC_TO_BNSS_MAP + india_code,concordance_v1.csv row ipc_section=crpc_265A,True,2026-09-04,True,template_expansion_from_crpc_bnss_map,
P7_1003,Where is application of the chapter (plea bargaining) covered in BNSS 2023 (previously CrPC 265A)?,"Application of the Chapter (Plea Bargaining) is covered under Section 289 of BNSS 2023, replacing CrPC Section 265A effective 1 July 2024.",289,BNSS,crpc_bnss_internal_map,crpc_265A,code/src/mapping/lookup.py CRPC_TO_BNSS_MAP,code/src/mapping/lookup.py,2025,procedural_transition,B_crpc_bnss_direct,exact,265A,289,CRPC_TO_BNSS_MAP + india_code,concordance_v1.csv row ipc_section=crpc_265A,True,2026-09-04,True,template_expansion_from_crpc_bnss_map,
P7_1004,Which CrPC section did BNSS Section 289 replace?,BNSS Section 289 (Application of the Chapter (Plea Bargaining)) replaced CrPC Section 265A upon commencement of BNSS 2023.,265A,CrPC,crpc_bnss_internal_map,crpc_265A,code/src/mapping/lookup.py CRPC_TO_BNSS_MAP,code/src/mapping/lookup.py,2025,reverse_procedural,B_crpc_bnss_direct,exact,265A,289,CRPC_TO_BNSS_MAP + india_code,concordance_v1.csv row ipc_section=crpc_265A,True,2026-09-04,True,template_expansion_from_crpc_bnss_map,
P7_1005,Which section in BNSS 2023 corresponds to CrPC Section 260?,CrPC Section 260 (Power to try summarily) corresponds to BNSS Section 283 under the Bharatiya Nagarik Suraksha Sanhita 2023.,283,BNSS,crpc_bnss_internal_map,crpc_260,code/src/mapping/lookup.py CRPC_TO_BNSS_MAP,code/src/mapping/lookup.py,2025,procedural_transition,B_crpc_bnss_direct,exact,260,283,CRPC_TO_BNSS_MAP + india_code,concordance_v1.csv row ipc_section=crpc_260,True,2026-09-04,True,template_expansion_from_crpc_bnss_map,
P7_1006,What is the BNSS equivalent of CrPC Section 260 (Power to try summarily)?,"Under BNSS 2023, CrPC Section 260 (Power to try summarily) has been renumbered to Section 283.",283,BNSS,crpc_bnss_internal_map,crpc_260,code/src/mapping/lookup.py CRPC_TO_BNSS_MAP,code/src/mapping/lookup.py,2025,procedural_transition,B_crpc_bnss_direct,exact,260,283,CRPC_TO_BNSS_MAP + india_code,concordance_v1.csv row ipc_section=crpc_260,True,2026-09-04,True,template_expansion_from_crpc_bnss_map,
P7_1007,Where is power to try summarily covered in BNSS 2023 (previously CrPC 260)?,"Power to try summarily is covered under Section 283 of BNSS 2023, replacing CrPC Section 260 effective 1 July 2024.",283,BNSS,crpc_bnss_internal_map,crpc_260,code/src/mapping/lookup.py CRPC_TO_BNSS_MAP,code/src/mapping/lookup.py,2025,procedural_transition,B_crpc_bnss_direct,exact,260,283,CRPC_TO_BNSS_MAP + india_code,concordance_v1.csv row ipc_section=crpc_260,True,2026-09-04,True,template_expansion_from_crpc_bnss_map,
P7_1008,Which CrPC section did BNSS Section 283 replace?,BNSS Section 283 (Power to try summarily) replaced CrPC Section 260 upon commencement of BNSS 2023.,260,CrPC,crpc_bnss_internal_map,crpc_260,code/src/mapping/lookup.py CRPC_TO_BNSS_MAP,code/src/mapping/lookup.py,2025,reverse_procedural,B_crpc_bnss_direct,exact,260,283,CRPC_TO_BNSS_MAP + india_code,concordance_v1.csv row ipc_section=crpc_260,True,2026-09-04,True,template_expansion_from_crpc_bnss_map,
P7_1009,Which section in BNSS 2023 corresponds to CrPC Section 320?,CrPC Section 320 (Compounding of offences) corresponds to BNSS Section 359 under the Bharatiya Nagarik Suraksha Sanhita 2023.,359,BNSS,crpc_bnss_internal_map,crpc_320,code/src/mapping/lookup.py CRPC_TO_BNSS_MAP,code/src/mapping/lookup.py,2025,procedural_transition,B_crpc_bnss_direct,exact,320,359,CRPC_TO_BNSS_MAP + india_code,concordance_v1.csv row ipc_section=crpc_320,True,2026-09-04,True,template_expansion_from_crpc_bnss_map,
P7_1010,What is the BNSS equivalent of CrPC Section 320 (Compounding of offences)?,"Under BNSS 2023, CrPC Section 320 (Compounding of offences) has been renumbered to Section 359.",359,BNSS,crpc_bnss_internal_map,crpc_320,code/src/mapping/lookup.py CRPC_TO_BNSS_MAP,code/src/mapping/lookup.py,2025,procedural_transition,B_crpc_bnss_direct,exact,320,359,CRPC_TO_BNSS_MAP + india_code,concordance_v1.csv row ipc_section=crpc_320,True,2026-09-04,True,template_expansion_from_crpc_bnss_map,
P7_1011,Where is compounding of offences covered in BNSS 2023 (previously CrPC 320)?,"Compounding of offences is covered under Section 359 of BNSS 2023, replacing CrPC Section 320 effective 1 July 2024.",359,BNSS,crpc_bnss_internal_map,crpc_320,code/src/mapping/lookup.py CRPC_TO_BNSS_MAP,code/src/mapping/lookup.py,2025,procedural_transition,B_crpc_bnss_direct,exact,320,359,CRPC_TO_BNSS_MAP + india_code,concordance_v1.csv row ipc_section=crpc_320,True,2026-09-04,True,template_expansion_from_crpc_bnss_map,
P7_1012,Which CrPC section did BNSS Section 359 replace?,BNSS Section 359 (Compounding of offences) replaced CrPC Section 320 upon commencement of BNSS 2023.,320,CrPC,crpc_bnss_internal_map,crpc_320,code/src/mapping/lookup.py CRPC_TO_BNSS_MAP,code/src/mapping/lookup.py,2025,reverse_procedural,B_crpc_bnss_direct,exact,320,359,CRPC_TO_BNSS_MAP + india_code,concordance_v1.csv row ipc_section=crpc_320,True,2026-09-04,True,template_expansion_from_crpc_bnss_map,
P7_1013,Which section in BNSS 2023 corresponds to CrPC Section 321?,CrPC Section 321 (Withdrawal from prosecution) corresponds to BNSS Section 360 under the Bharatiya Nagarik Suraksha Sanhita 2023.,360,BNSS,crpc_bnss_internal_map,crpc_321,code/src/mapping/lookup.py CRPC_TO_BNSS_MAP,code/src/mapping/lookup.py,2025,procedural_transition,B_crpc_bnss_direct,exact,321,360,CRPC_TO_BNSS_MAP + india_code,concordance_v1.csv row ipc_section=crpc_321,True,2026-09-04,True,template_expansion_from_crpc_bnss_map,
P7_1014,What is the BNSS equivalent of CrPC Section 321 (Withdrawal from prosecution)?,"Under BNSS 2023, CrPC Section 321 (Withdrawal from prosecution) has been renumbered to Section 360.",360,BNSS,crpc_bnss_internal_map,crpc_321,code/src/mapping/lookup.py CRPC_TO_BNSS_MAP,code/src/mapping/lookup.py,2025,procedural_transition,B_crpc_bnss_direct,exact,321,360,CRPC_TO_BNSS_MAP + india_code,concordance_v1.csv row ipc_section=crpc_321,True,2026-09-04,True,template_expansion_from_crpc_bnss_map,
P7_1015,Where is withdrawal from prosecution covered in BNSS 2023 (previously CrPC 321)?,"Withdrawal from prosecution is covered under Section 360 of BNSS 2023, replacing CrPC Section 321 effective 1 July 2024.",360,BNSS,crpc_bnss_internal_map,crpc_321,code/src/mapping/lookup.py CRPC_TO_BNSS_MAP,code/src/mapping/lookup.py,2025,procedural_transition,B_crpc_bnss_direct,exact,321,360,CRPC_TO_BNSS_MAP + india_code,concordance_v1.csv row ipc_section=crpc_321,True,2026-09-04,True,template_expansion_from_crpc_bnss_map,
P7_1016,Which CrPC section did BNSS Section 360 replace?,BNSS Section 360 (Withdrawal from prosecution) replaced CrPC Section 321 upon commencement of BNSS 2023.,321,CrPC,crpc_bnss_internal_map,crpc_321,code/src/mapping/lookup.py CRPC_TO_BNSS_MAP,code/src/mapping/lookup.py,2025,reverse_procedural,B_crpc_bnss_direct,exact,321,360,CRPC_TO_BNSS_MAP + india_code,concordance_v1.csv row ipc_section=crpc_321,True,2026-09-04,True,template_expansion_from_crpc_bnss_map,
P7_1017,Which section in BNSS 2023 corresponds to CrPC Section 374?,CrPC Section 374 (Appeals from convictions) corresponds to BNSS Section 415 under the Bharatiya Nagarik Suraksha Sanhita 2023.,415,BNSS,crpc_bnss_internal_map,crpc_374,code/src/mapping/lookup.py CRPC_TO_BNSS_MAP,code/src/mapping/lookup.py,2025,procedural_transition,B_crpc_bnss_direct,exact,374,415,CRPC_TO_BNSS_MAP + india_code,concordance_v1.csv row ipc_section=crpc_374,True,2026-09-04,True,template_expansion_from_crpc_bnss_map,
P7_1018,What is the BNSS equivalent of CrPC Section 374 (Appeals from convictions)?,"Under BNSS 2023, CrPC Section 374 (Appeals from convictions) has been renumbered to Section 415.",415,BNSS,crpc_bnss_internal_map,crpc_374,code/src/mapping/lookup.py CRPC_TO_BNSS_MAP,code/src/mapping/lookup.py,2025,procedural_transition,B_crpc_bnss_direct,exact,374,415,CRPC_TO_BNSS_MAP + india_code,concordance_v1.csv row ipc_section=crpc_374,True,2026-09-04,True,template_expansion_from_crpc_bnss_map,
P7_1019,Where is appeals from convictions covered in BNSS 2023 (previously CrPC 374)?,"Appeals from convictions is covered under Section 415 of BNSS 2023, replacing CrPC Section 374 effective 1 July 2024.",415,BNSS,crpc_bnss_internal_map,crpc_374,code/src/mapping/lookup.py CRPC_TO_BNSS_MAP,code/src/mapping/lookup.py,2025,procedural_transition,B_crpc_bnss_direct,exact,374,415,CRPC_TO_BNSS_MAP + india_code,concordance_v1.csv row ipc_section=crpc_374,True,2026-09-04,True,template_expansion_from_crpc_bnss_map,
P7_1020,Which CrPC section did BNSS Section 415 replace?,BNSS Section 415 (Appeals from convictions) replaced CrPC Section 374 upon commencement of BNSS 2023.,374,CrPC,crpc_bnss_internal_map,crpc_374,code/src/mapping/lookup.py CRPC_TO_BNSS_MAP,code/src/mapping/lookup.py,2025,reverse_procedural,B_crpc_bnss_direct,exact,374,415,CRPC_TO_BNSS_MAP + india_code,concordance_v1.csv row ipc_section=crpc_374,True,2026-09-04,True,template_expansion_from_crpc_bnss_map,
P7_1021,Which section in BNSS 2023 corresponds to CrPC Section 378?,CrPC Section 378 (Appeal in case of acquittal) corresponds to BNSS Section 419 under the Bharatiya Nagarik Suraksha Sanhita 2023.,419,BNSS,crpc_bnss_internal_map,crpc_378,code/src/mapping/lookup.py CRPC_TO_BNSS_MAP,code/src/mapping/lookup.py,2025,procedural_transition,B_crpc_bnss_direct,exact,378,419,CRPC_TO_BNSS_MAP + india_code,concordance_v1.csv row ipc_section=crpc_378,True,2026-09-04,True,template_expansion_from_crpc_bnss_map,
P7_1022,What is the BNSS equivalent of CrPC Section 378 (Appeal in case of acquittal)?,"Under BNSS 2023, CrPC Section 378 (Appeal in case of acquittal) has been renumbered to Section 419.",419,BNSS,crpc_bnss_internal_map,crpc_378,code/src/mapping/lookup.py CRPC_TO_BNSS_MAP,code/src/mapping/lookup.py,2025,procedural_transition,B_crpc_bnss_direct,exact,378,419,CRPC_TO_BNSS_MAP + india_code,concordance_v1.csv row ipc_section=crpc_378,True,2026-09-04,True,template_expansion_from_crpc_bnss_map,
P7_1023,Where is appeal in case of acquittal covered in BNSS 2023 (previously CrPC 378)?,"Appeal in case of acquittal is covered under Section 419 of BNSS 2023, replacing CrPC Section 378 effective 1 July 2024.",419,BNSS,crpc_bnss_internal_map,crpc_378,code/src/mapping/lookup.py CRPC_TO_BNSS_MAP,code/src/mapping/lookup.py,2025,procedural_transition,B_crpc_bnss_direct,exact,378,419,CRPC_TO_BNSS_MAP + india_code,concordance_v1.csv row ipc_section=crpc_378,True,2026-09-04,True,template_expansion_from_crpc_bnss_map,
P7_1024,Which CrPC section did BNSS Section 419 replace?,BNSS Section 419 (Appeal in case of acquittal) replaced CrPC Section 378 upon commencement of BNSS 2023.,378,CrPC,crpc_bnss_internal_map,crpc_378,code/src/mapping/lookup.py CRPC_TO_BNSS_MAP,code/src/mapping/lookup.py,2025,reverse_procedural,B_crpc_bnss_direct,exact,378,419,CRPC_TO_BNSS_MAP + india_code,concordance_v1.csv row ipc_section=crpc_378,True,2026-09-04,True,template_expansion_from_crpc_bnss_map,
P7_1025,Which section in BNSS 2023 corresponds to CrPC Section 482?,CrPC Section 482 (Saving of inherent powers of High Court) corresponds to BNSS Section 528 under the Bharatiya Nagarik Suraksha Sanhita 2023.,528,BNSS,crpc_bnss_internal_map,crpc_482,code/src/mapping/lookup.py CRPC_TO_BNSS_MAP,code/src/mapping/lookup.py,2025,procedural_transition,B_crpc_bnss_direct,exact,482,528,CRPC_TO_BNSS_MAP + india_code,concordance_v1.csv row ipc_section=crpc_482,True,2026-09-04,True,template_expansion_from_crpc_bnss_map,
P7_1026,What is the BNSS equivalent of CrPC Section 482 (Saving of inherent powers of High Court)?,"Under BNSS 2023, CrPC Section 482 (Saving of inherent powers of High Court) has been renumbered to Section 528.",528,BNSS,crpc_bnss_internal_map,crpc_482,code/src/mapping/lookup.py CRPC_TO_BNSS_MAP,code/src/mapping/lookup.py,2025,procedural_transition,B_crpc_bnss_direct,exact,482,528,CRPC_TO_BNSS_MAP + india_code,concordance_v1.csv row ipc_section=crpc_482,True,2026-09-04,True,template_expansion_from_crpc_bnss_map,
P7_1027,Where is saving of inherent powers of high court covered in BNSS 2023 (previously CrPC 482)?,"Saving of inherent powers of High Court is covered under Section 528 of BNSS 2023, replacing CrPC Section 482 effective 1 July 2024.",528,BNSS,crpc_bnss_internal_map,crpc_482,code/src/mapping/lookup.py CRPC_TO_BNSS_MAP,code/src/mapping/lookup.py,2025,procedural_transition,B_crpc_bnss_direct,exact,482,528,CRPC_TO_BNSS_MAP + india_code,concordance_v1.csv row ipc_section=crpc_482,True,2026-09-04,True,template_expansion_from_crpc_bnss_map,
P7_1028,Which CrPC section did BNSS Section 528 replace?,BNSS Section 528 (Saving of inherent powers of High Court) replaced CrPC Section 482 upon commencement of BNSS 2023.,482,CrPC,crpc_bnss_internal_map,crpc_482,code/src/mapping/lookup.py CRPC_TO_BNSS_MAP,code/src/mapping/lookup.py,2025,reverse_procedural,B_crpc_bnss_direct,exact,482,528,CRPC_TO_BNSS_MAP + india_code,concordance_v1.csv row ipc_section=crpc_482,True,2026-09-04,True,template_expansion_from_crpc_bnss_map,
P7_1029,Which section in BNSS 2023 corresponds to CrPC Section 428?,CrPC Section 428 (Period of detention undergone by accused to be set off against sentence) corresponds to BNSS Section 468 under the Bharatiya Nagarik Suraksha Sanhita 2023.,468,BNSS,crpc_bnss_internal_map,crpc_428,code/src/mapping/lookup.py CRPC_TO_BNSS_MAP,code/src/mapping/lookup.py,2025,procedural_transition,B_crpc_bnss_direct,exact,428,468,CRPC_TO_BNSS_MAP + india_code,concordance_v1.csv row ipc_section=crpc_428,True,2026-09-04,True,template_expansion_from_crpc_bnss_map,
P7_1030,What is the BNSS equivalent of CrPC Section 428 (Period of detention undergone by accused to be set off against sentence)?,"Under BNSS 2023, CrPC Section 428 (Period of detention undergone by accused to be set off against sentence) has been renumbered to Section 468.",468,BNSS,crpc_bnss_internal_map,crpc_428,code/src/mapping/lookup.py CRPC_TO_BNSS_MAP,code/src/mapping/lookup.py,2025,procedural_transition,B_crpc_bnss_direct,exact,428,468,CRPC_TO_BNSS_MAP + india_code,concordance_v1.csv row ipc_section=crpc_428,True,2026-09-04,True,template_expansion_from_crpc_bnss_map,
P7_1031,Where is period of detention undergone by accused to be set off against sentence covered in BNSS 2023 (previously CrPC 428)?,"Period of detention undergone by accused to be set off against sentence is covered under Section 468 of BNSS 2023, replacing CrPC Section 428 effective 1 July 2024.",468,BNSS,crpc_bnss_internal_map,crpc_428,code/src/mapping/lookup.py CRPC_TO_BNSS_MAP,code/src/mapping/lookup.py,2025,procedural_transition,B_crpc_bnss_direct,exact,428,468,CRPC_TO_BNSS_MAP + india_code,concordance_v1.csv row ipc_section=crpc_428,True,2026-09-04,True,template_expansion_from_crpc_bnss_map,
P7_1032,Which CrPC section did BNSS Section 468 replace?,BNSS Section 468 (Period of detention undergone by accused to be set off against sentence) replaced CrPC Section 428 upon commencement of BNSS 2023.,428,CrPC,crpc_bnss_internal_map,crpc_428,code/src/mapping/lookup.py CRPC_TO_BNSS_MAP,code/src/mapping/lookup.py,2025,reverse_procedural,B_crpc_bnss_direct,exact,428,468,CRPC_TO_BNSS_MAP + india_code,concordance_v1.csv row ipc_section=crpc_428,True,2026-09-04,True,template_expansion_from_crpc_bnss_map,
P7_1033,Which section in BNSS 2023 corresponds to CrPC Section 366?,CrPC Section 366 (Execution of order of death sentence) corresponds to BNSS Section 453 under the Bharatiya Nagarik Suraksha Sanhita 2023.,453,BNSS,crpc_bnss_internal_map,crpc_366,code/src/mapping/lookup.py CRPC_TO_BNSS_MAP,code/src/mapping/lookup.py,2025,procedural_transition,B_crpc_bnss_direct,exact,366,453,CRPC_TO_BNSS_MAP + india_code,concordance_v1.csv row ipc_section=crpc_366,True,2026-09-04,True,template_expansion_from_crpc_bnss_map,
P7_1034,What is the BNSS equivalent of CrPC Section 366 (Execution of order of death sentence)?,"Under BNSS 2023, CrPC Section 366 (Execution of order of death sentence) has been renumbered to Section 453.",453,BNSS,crpc_bnss_internal_map,crpc_366,code/src/mapping/lookup.py CRPC_TO_BNSS_MAP,code/src/mapping/lookup.py,2025,procedural_transition,B_crpc_bnss_direct,exact,366,453,CRPC_TO_BNSS_MAP + india_code,concordance_v1.csv row ipc_section=crpc_366,True,2026-09-04,True,template_expansion_from_crpc_bnss_map,
P7_1035,Where is execution of order of death sentence covered in BNSS 2023 (previously CrPC 366)?,"Execution of order of death sentence is covered under Section 453 of BNSS 2023, replacing CrPC Section 366 effective 1 July 2024.",453,BNSS,crpc_bnss_internal_map,crpc_366,code/src/mapping/lookup.py CRPC_TO_BNSS_MAP,code/src/mapping/lookup.py,2025,procedural_transition,B_crpc_bnss_direct,exact,366,453,CRPC_TO_BNSS_MAP + india_code,concordance_v1.csv row ipc_section=crpc_366,True,2026-09-04,True,template_expansion_from_crpc_bnss_map,
P7_1036,Which CrPC section did BNSS Section 453 replace?,BNSS Section 453 (Execution of order of death sentence) replaced CrPC Section 366 upon commencement of BNSS 2023.,366,CrPC,crpc_bnss_internal_map,crpc_366,code/src/mapping/lookup.py CRPC_TO_BNSS_MAP,code/src/mapping/lookup.py,2025,reverse_procedural,B_crpc_bnss_direct,exact,366,453,CRPC_TO_BNSS_MAP + india_code,concordance_v1.csv row ipc_section=crpc_366,True,2026-09-04,True,template_expansion_from_crpc_bnss_map,
P7_1037,Which section in BNSS 2023 corresponds to CrPC Section 356?,CrPC Section 356 (Trial in absentia of proclaimed offenders) corresponds to BNSS Section 356 under the Bharatiya Nagarik Suraksha Sanhita 2023.,356,BNSS,crpc_bnss_internal_map,crpc_356,code/src/mapping/lookup.py CRPC_TO_BNSS_MAP,code/src/mapping/lookup.py,2025,procedural_transition,B_crpc_bnss_direct,exact,356,356,CRPC_TO_BNSS_MAP + india_code,concordance_v1.csv row ipc_section=crpc_356,True,2026-09-04,True,template_expansion_from_crpc_bnss_map,
P7_1038,What is the BNSS equivalent of CrPC Section 356 (Trial in absentia of proclaimed offenders)?,"Under BNSS 2023, CrPC Section 356 (Trial in absentia of proclaimed offenders) has been renumbered to Section 356.",356,BNSS,crpc_bnss_internal_map,crpc_356,code/src/mapping/lookup.py CRPC_TO_BNSS_MAP,code/src/mapping/lookup.py,2025,procedural_transition,B_crpc_bnss_direct,exact,356,356,CRPC_TO_BNSS_MAP + india_code,concordance_v1.csv row ipc_section=crpc_356,True,2026-09-04,True,template_expansion_from_crpc_bnss_map,
P7_1039,Where is trial in absentia of proclaimed offenders covered in BNSS 2023 (previously CrPC 356)?,"Trial in absentia of proclaimed offenders is covered under Section 356 of BNSS 2023, replacing CrPC Section 356 effective 1 July 2024.",356,BNSS,crpc_bnss_internal_map,crpc_356,code/src/mapping/lookup.py CRPC_TO_BNSS_MAP,code/src/mapping/lookup.py,2025,procedural_transition,B_crpc_bnss_direct,exact,356,356,CRPC_TO_BNSS_MAP + india_code,concordance_v1.csv row ipc_section=crpc_356,True,2026-09-04,True,template_expansion_from_crpc_bnss_map,
P7_1040,Which CrPC section did BNSS Section 356 replace?,BNSS Section 356 (Trial in absentia of proclaimed offenders) replaced CrPC Section 356 upon commencement of BNSS 2023.,356,CrPC,crpc_bnss_internal_map,crpc_356,code/src/mapping/lookup.py CRPC_TO_BNSS_MAP,code/src/mapping/lookup.py,2025,reverse_procedural,B_crpc_bnss_direct,exact,356,356,CRPC_TO_BNSS_MAP + india_code,concordance_v1.csv row ipc_section=crpc_356,True,2026-09-04,True,template_expansion_from_crpc_bnss_map,
P7_1041,Which section in BNSS 2023 corresponds to CrPC Section 176(3)?,CrPC Section 176(3) (Mandatory forensic investigation at crime scenes) corresponds to BNSS Section 176(3) under the Bharatiya Nagarik Suraksha Sanhita 2023.,176(3),BNSS,crpc_bnss_internal_map,crpc_176(3),code/src/mapping/lookup.py CRPC_TO_BNSS_MAP,code/src/mapping/lookup.py,2025,procedural_transition,B_crpc_bnss_direct,exact,176(3),176(3),CRPC_TO_BNSS_MAP + india_code,concordance_v1.csv row ipc_section=crpc_176(3),True,2026-09-04,True,template_expansion_from_crpc_bnss_map,
P7_1042,What is the BNSS equivalent of CrPC Section 176(3) (Mandatory forensic investigation at crime scenes)?,"Under BNSS 2023, CrPC Section 176(3) (Mandatory forensic investigation at crime scenes) has been renumbered to Section 176(3).",176(3),BNSS,crpc_bnss_internal_map,crpc_176(3),code/src/mapping/lookup.py CRPC_TO_BNSS_MAP,code/src/mapping/lookup.py,2025,procedural_transition,B_crpc_bnss_direct,exact,176(3),176(3),CRPC_TO_BNSS_MAP + india_code,concordance_v1.csv row ipc_section=crpc_176(3),True,2026-09-04,True,template_expansion_from_crpc_bnss_map,
P7_1043,Where is mandatory forensic investigation at crime scenes covered in BNSS 2023 (previously CrPC 176(3))?,"Mandatory forensic investigation at crime scenes is covered under Section 176(3) of BNSS 2023, replacing CrPC Section 176(3) effective 1 July 2024.",176(3),BNSS,crpc_bnss_internal_map,crpc_176(3),code/src/mapping/lookup.py CRPC_TO_BNSS_MAP,code/src/mapping/lookup.py,2025,procedural_transition,B_crpc_bnss_direct,exact,176(3),176(3),CRPC_TO_BNSS_MAP + india_code,concordance_v1.csv row ipc_section=crpc_176(3),True,2026-09-04,True,template_expansion_from_crpc_bnss_map,
P7_1044,Which CrPC section did BNSS Section 176(3) replace?,BNSS Section 176(3) (Mandatory forensic investigation at crime scenes) replaced CrPC Section 176(3) upon commencement of BNSS 2023.,176(3),CrPC,crpc_bnss_internal_map,crpc_176(3),code/src/mapping/lookup.py CRPC_TO_BNSS_MAP,code/src/mapping/lookup.py,2025,reverse_procedural,B_crpc_bnss_direct,exact,176(3),176(3),CRPC_TO_BNSS_MAP + india_code,concordance_v1.csv row ipc_section=crpc_176(3),True,2026-09-04,True,template_expansion_from_crpc_bnss_map,
P7_1045,Which section in BNSS 2023 corresponds to CrPC Section 105?,CrPC Section 105 (Mandatory videography and electronic recording of search) corresponds to BNSS Section 105 under the Bharatiya Nagarik Suraksha Sanhita 2023.,105,BNSS,crpc_bnss_internal_map,crpc_105,code/src/mapping/lookup.py CRPC_TO_BNSS_MAP,code/src/mapping/lookup.py,2025,procedural_transition,B_crpc_bnss_direct,exact,105,105,CRPC_TO_BNSS_MAP + india_code,concordance_v1.csv row ipc_section=crpc_105,True,2026-09-04,True,template_expansion_from_crpc_bnss_map,
P7_1046,What is the BNSS equivalent of CrPC Section 105 (Mandatory videography and electronic recording of search)?,"Under BNSS 2023, CrPC Section 105 (Mandatory videography and electronic recording of search) has been renumbered to Section 105.",105,BNSS,crpc_bnss_internal_map,crpc_105,code/src/mapping/lookup.py CRPC_TO_BNSS_MAP,code/src/mapping/lookup.py,2025,procedural_transition,B_crpc_bnss_direct,exact,105,105,CRPC_TO_BNSS_MAP + india_code,concordance_v1.csv row ipc_section=crpc_105,True,2026-09-04,True,template_expansion_from_crpc_bnss_map,
P7_1047,Where is mandatory videography and electronic recording of search covered in BNSS 2023 (previously CrPC 105)?,"Mandatory videography and electronic recording of search is covered under Section 105 of BNSS 2023, replacing CrPC Section 105 effective 1 July 2024.",105,BNSS,crpc_bnss_internal_map,crpc_105,code/src/mapping/lookup.py CRPC_TO_BNSS_MAP,code/src/mapping/lookup.py,2025,procedural_transition,B_crpc_bnss_direct,exact,105,105,CRPC_TO_BNSS_MAP + india_code,concordance_v1.csv row ipc_section=crpc_105,True,2026-09-04,True,template_expansion_from_crpc_bnss_map,
P7_1048,Which CrPC section did BNSS Section 105 replace?,BNSS Section 105 (Mandatory videography and electronic recording of search) replaced CrPC Section 105 upon commencement of BNSS 2023.,105,CrPC,crpc_bnss_internal_map,crpc_105,code/src/mapping/lookup.py CRPC_TO_BNSS_MAP,code/src/mapping/lookup.py,2025,reverse_procedural,B_crpc_bnss_direct,exact,105,105,CRPC_TO_BNSS_MAP + india_code,concordance_v1.csv row ipc_section=crpc_105,True,2026-09-04,True,template_expansion_from_crpc_bnss_map,
P7_1049,Which section in BNSS 2023 corresponds to CrPC Section 472?,CrPC Section 472 (Procedure and timelines for mercy petitions in death sentences) corresponds to BNSS Section 472 under the Bharatiya Nagarik Suraksha Sanhita 2023.,472,BNSS,crpc_bnss_internal_map,crpc_472,code/src/mapping/lookup.py CRPC_TO_BNSS_MAP,code/src/mapping/lookup.py,2025,procedural_transition,B_crpc_bnss_direct,exact,472,472,CRPC_TO_BNSS_MAP + india_code,concordance_v1.csv row ipc_section=crpc_472,True,2026-09-04,True,template_expansion_from_crpc_bnss_map,
P7_1050,What is the BNSS equivalent of CrPC Section 472 (Procedure and timelines for mercy petitions in death sentences)?,"Under BNSS 2023, CrPC Section 472 (Procedure and timelines for mercy petitions in death sentences) has been renumbered to Section 472.",472,BNSS,crpc_bnss_internal_map,crpc_472,code/src/mapping/lookup.py CRPC_TO_BNSS_MAP,code/src/mapping/lookup.py,2025,procedural_transition,B_crpc_bnss_direct,exact,472,472,CRPC_TO_BNSS_MAP + india_code,concordance_v1.csv row ipc_section=crpc_472,True,2026-09-04,True,template_expansion_from_crpc_bnss_map,
P7_1051,Where is procedure and timelines for mercy petitions in death sentences covered in BNSS 2023 (previously CrPC 472)?,"Procedure and timelines for mercy petitions in death sentences is covered under Section 472 of BNSS 2023, replacing CrPC Section 472 effective 1 July 2024.",472,BNSS,crpc_bnss_internal_map,crpc_472,code/src/mapping/lookup.py CRPC_TO_BNSS_MAP,code/src/mapping/lookup.py,2025,procedural_transition,B_crpc_bnss_direct,exact,472,472,CRPC_TO_BNSS_MAP + india_code,concordance_v1.csv row ipc_section=crpc_472,True,2026-09-04,True,template_expansion_from_crpc_bnss_map,
P7_1052,Which CrPC section did BNSS Section 472 replace?,BNSS Section 472 (Procedure and timelines for mercy petitions in death sentences) replaced CrPC Section 472 upon commencement of BNSS 2023.,472,CrPC,crpc_bnss_internal_map,crpc_472,code/src/mapping/lookup.py CRPC_TO_BNSS_MAP,code/src/mapping/lookup.py,2025,reverse_procedural,B_crpc_bnss_direct,exact,472,472,CRPC_TO_BNSS_MAP + india_code,concordance_v1.csv row ipc_section=crpc_472,True,2026-09-04,True,template_expansion_from_crpc_bnss_map,
P7_1053,Which section in BNSS 2023 corresponds to CrPC Section 83?,CrPC Section 83 (Attachment of property of person absconding) corresponds to BNSS Section 86 under the Bharatiya Nagarik Suraksha Sanhita 2023.,86,BNSS,crpc_bnss_internal_map,crpc_83,code/src/mapping/lookup.py CRPC_TO_BNSS_MAP,code/src/mapping/lookup.py,2025,procedural_transition,B_crpc_bnss_direct,exact,83,86,CRPC_TO_BNSS_MAP + india_code,concordance_v1.csv row ipc_section=crpc_83,True,2026-09-04,True,template_expansion_from_crpc_bnss_map,
P7_1054,What is the BNSS equivalent of CrPC Section 83 (Attachment of property of person absconding)?,"Under BNSS 2023, CrPC Section 83 (Attachment of property of person absconding) has been renumbered to Section 86.",86,BNSS,crpc_bnss_internal_map,crpc_83,code/src/mapping/lookup.py CRPC_TO_BNSS_MAP,code/src/mapping/lookup.py,2025,procedural_transition,B_crpc_bnss_direct,exact,83,86,CRPC_TO_BNSS_MAP + india_code,concordance_v1.csv row ipc_section=crpc_83,True,2026-09-04,True,template_expansion_from_crpc_bnss_map,
P7_1055,Where is attachment of property of person absconding covered in BNSS 2023 (previously CrPC 83)?,"Attachment of property of person absconding is covered under Section 86 of BNSS 2023, replacing CrPC Section 83 effective 1 July 2024.",86,BNSS,crpc_bnss_internal_map,crpc_83,code/src/mapping/lookup.py CRPC_TO_BNSS_MAP,code/src/mapping/lookup.py,2025,procedural_transition,B_crpc_bnss_direct,exact,83,86,CRPC_TO_BNSS_MAP + india_code,concordance_v1.csv row ipc_section=crpc_83,True,2026-09-04,True,template_expansion_from_crpc_bnss_map,
P7_1056,Which CrPC section did BNSS Section 86 replace?,BNSS Section 86 (Attachment of property of person absconding) replaced CrPC Section 83 upon commencement of BNSS 2023.,83,CrPC,crpc_bnss_internal_map,crpc_83,code/src/mapping/lookup.py CRPC_TO_BNSS_MAP,code/src/mapping/lookup.py,2025,reverse_procedural,B_crpc_bnss_direct,exact,83,86,CRPC_TO_BNSS_MAP + india_code,concordance_v1.csv row ipc_section=crpc_83,True,2026-09-04,True,template_expansion_from_crpc_bnss_map,
P7_1057,Which section in BNSS 2023 corresponds to CrPC Section 530?,CrPC Section 530 (Trial and proceedings through audio-video electronic means) corresponds to BNSS Section 530 under the Bharatiya Nagarik Suraksha Sanhita 2023.,530,BNSS,crpc_bnss_internal_map,crpc_530,code/src/mapping/lookup.py CRPC_TO_BNSS_MAP,code/src/mapping/lookup.py,2025,procedural_transition,B_crpc_bnss_direct,exact,530,530,CRPC_TO_BNSS_MAP + india_code,concordance_v1.csv row ipc_section=crpc_530,True,2026-09-04,True,template_expansion_from_crpc_bnss_map,
P7_1058,What is the BNSS equivalent of CrPC Section 530 (Trial and proceedings through audio-video electronic means)?,"Under BNSS 2023, CrPC Section 530 (Trial and proceedings through audio-video electronic means) has been renumbered to Section 530.",530,BNSS,crpc_bnss_internal_map,crpc_530,code/src/mapping/lookup.py CRPC_TO_BNSS_MAP,code/src/mapping/lookup.py,2025,procedural_transition,B_crpc_bnss_direct,exact,530,530,CRPC_TO_BNSS_MAP + india_code,concordance_v1.csv row ipc_section=crpc_530,True,2026-09-04,True,template_expansion_from_crpc_bnss_map,
P7_1059,Where is trial and proceedings through audio-video electronic means covered in BNSS 2023 (previously CrPC 530)?,"Trial and proceedings through audio-video electronic means is covered under Section 530 of BNSS 2023, replacing CrPC Section 530 effective 1 July 2024.",530,BNSS,crpc_bnss_internal_map,crpc_530,code/src/mapping/lookup.py CRPC_TO_BNSS_MAP,code/src/mapping/lookup.py,2025,procedural_transition,B_crpc_bnss_direct,exact,530,530,CRPC_TO_BNSS_MAP + india_code,concordance_v1.csv row ipc_section=crpc_530,True,2026-09-04,True,template_expansion_from_crpc_bnss_map,
P7_1060,Which CrPC section did BNSS Section 530 replace?,BNSS Section 530 (Trial and proceedings through audio-video electronic means) replaced CrPC Section 530 upon commencement of BNSS 2023.,530,CrPC,crpc_bnss_internal_map,crpc_530,code/src/mapping/lookup.py CRPC_TO_BNSS_MAP,code/src/mapping/lookup.py,2025,reverse_procedural,B_crpc_bnss_direct,exact,530,530,CRPC_TO_BNSS_MAP + india_code,concordance_v1.csv row ipc_section=crpc_530,True,2026-09-04,True,template_expansion_from_crpc_bnss_map,
P7_1061,A person intentionally causes the death of another person with premeditation. Which current BNS provision applies?,Murder is governed by Section 103 of BNS 2023 (formerly IPC Section 302). It prescribes death or life imprisonment.,103,BNS,hand_curated_scenario,scenario_001,phase7/scripts/build_phase7_benchmark.py,phase7/scripts/build_phase7_benchmark.py,2026,natural_scenario,C_natural_scenarios,renumbered,302,103,concordance_v1.csv + india_code + crpc_bnss_map,concordance_v1.csv row ipc_section=302,True,2026-09-04,True,hand_curated_realistic_scenario,
P7_1062,A person dishonestly induces another to deliver property by deceiving them about the quality of goods. Which BNS section applies?,Cheating and dishonestly inducing delivery of property is covered under BNS Section 318(4) (formerly IPC Section 420).,318,BNS,hand_curated_scenario,scenario_002,phase7/scripts/build_phase7_benchmark.py,phase7/scripts/build_phase7_benchmark.py,2026,natural_scenario,C_natural_scenarios,renumbered,420,318,concordance_v1.csv + india_code + crpc_bnss_map,concordance_v1.csv row ipc_section=420,True,2026-09-04,True,hand_curated_realistic_scenario,
P7_1063,A shopkeeper finds a lost wallet containing money and keeps it for himself. What BNS provision applies?,Dishonest misappropriation of property found belongs to the finder is covered under BNS Section 314 (formerly IPC Section 403).,314,BNS,hand_curated_scenario,scenario_003,phase7/scripts/build_phase7_benchmark.py,phase7/scripts/build_phase7_benchmark.py,2026,natural_scenario,C_natural_scenarios,renumbered,403,314,concordance_v1.csv + india_code + crpc_bnss_map,concordance_v1.csv row ipc_section=403,True,2026-09-04,True,hand_curated_realistic_scenario,
P7_1064,A group of five or more armed persons commit robbery with violence. What BNS provision governs dacoity?,Dacoity is governed by BNS Section 310 (formerly IPC Section 391). It prescribes rigorous imprisonment up to ten years.,310,BNS,hand_curated_scenario,scenario_004,phase7/scripts/build_phase7_benchmark.py,phase7/scripts/build_phase7_benchmark.py,2026,natural_scenario,C_natural_scenarios,renumbered,391,310,concordance_v1.csv + india_code + crpc_bnss_map,concordance_v1.csv row ipc_section=391,True,2026-09-04,True,hand_curated_realistic_scenario,
P7_1065,A person falsely creates a document in another person's name to defraud a bank. What BNS section covers forgery for cheating?,Forgery for purpose of cheating is governed by BNS Section 338 (formerly IPC Section 468).,338,BNS,hand_curated_scenario,scenario_005,phase7/scripts/build_phase7_benchmark.py,phase7/scripts/build_phase7_benchmark.py,2026,natural_scenario,C_natural_scenarios,renumbered,468,338,concordance_v1.csv + india_code + crpc_bnss_map,concordance_v1.csv row ipc_section=468,True,2026-09-04,True,hand_curated_realistic_scenario,
P7_1066,A husband causes repeated physical and mental cruelty to his wife. What BNS provision applies?,Cruelty by husband or relatives is covered by BNS Section 85 (formerly IPC Section 498A).,85,BNS,hand_curated_scenario,scenario_006,phase7/scripts/build_phase7_benchmark.py,phase7/scripts/build_phase7_benchmark.py,2026,natural_scenario,C_natural_scenarios,renumbered,498A,85,concordance_v1.csv + india_code + crpc_bnss_map,concordance_v1.csv row ipc_section=498A,True,2026-09-04,True,hand_curated_realistic_scenario,
P7_1067,A person wrongfully confines another person against their will. Which BNS section applies?,Wrongful confinement is covered under BNS Section 127 (formerly IPC Section 340/342).,127,BNS,hand_curated_scenario,scenario_007,phase7/scripts/build_phase7_benchmark.py,phase7/scripts/build_phase7_benchmark.py,2026,natural_scenario,C_natural_scenarios,renumbered,342,127,concordance_v1.csv + india_code + crpc_bnss_map,concordance_v1.csv row ipc_section=342,True,2026-09-04,True,hand_curated_realistic_scenario,
P7_1068,A person makes a false statement under oath before a judicial proceeding. What BNS provision covers perjury?,False evidence (perjury) is governed by BNS Section 229 (formerly IPC Section 193).,229,BNS,hand_curated_scenario,scenario_008,phase7/scripts/build_phase7_benchmark.py,phase7/scripts/build_phase7_benchmark.py,2026,natural_scenario,C_natural_scenarios,renumbered,193,229,concordance_v1.csv + india_code + crpc_bnss_map,concordance_v1.csv row ipc_section=193,True,2026-09-04,True,hand_curated_realistic_scenario,
P7_1069,A police officer beats a suspect to extract a confession during custody. What BNS provision applies?,Voluntarily causing hurt to extort confession is covered by BNS Section 114 (formerly IPC Section 330).,114,BNS,hand_curated_scenario,scenario_009,phase7/scripts/build_phase7_benchmark.py,phase7/scripts/build_phase7_benchmark.py,2026,natural_scenario,C_natural_scenarios,renumbered,330,114,concordance_v1.csv + india_code + crpc_bnss_map,concordance_v1.csv row ipc_section=330,True,2026-09-04,True,hand_curated_realistic_scenario,
P7_1070,A person sends threatening messages demanding money from another person. What BNS provision covers criminal intimidation?,Criminal intimidation is covered under BNS Section 351 (formerly IPC Section 503/506).,351,BNS,hand_curated_scenario,scenario_010,phase7/scripts/build_phase7_benchmark.py,phase7/scripts/build_phase7_benchmark.py,2026,natural_scenario,C_natural_scenarios,renumbered,506,351,concordance_v1.csv + india_code + crpc_bnss_map,concordance_v1.csv row ipc_section=506,True,2026-09-04,True,hand_curated_realistic_scenario,
P7_1071,A person uses force to take a woman's gold chain while she is walking on the street. What BNS provision applies?,"Snatching (use of force to take movable property) is specifically criminalized under the new provision BNS Section 303(2), which is a new offence under BNS 2023.",303(2),BNS,hand_curated_scenario,scenario_011,phase7/scripts/build_phase7_benchmark.py,phase7/scripts/build_phase7_benchmark.py,2026,natural_scenario,C_natural_scenarios,new_in_bns,,303(2),concordance_v1.csv + india_code + crpc_bnss_map,concordance_v1.csv row ipc_section=303(2),True,2026-09-04,True,hand_curated_realistic_scenario,
P7_1072,"A company director, acting as agent, misappropriates funds entrusted to the company. What BNS provision covers criminal breach of trust?","Criminal breach of trust by public servant, banker, merchant or agent is governed by BNS Section 316 (formerly IPC Section 409).",316,BNS,hand_curated_scenario,scenario_012,phase7/scripts/build_phase7_benchmark.py,phase7/scripts/build_phase7_benchmark.py,2026,natural_scenario,C_natural_scenarios,renumbered,409,316,concordance_v1.csv + india_code + crpc_bnss_map,concordance_v1.csv row ipc_section=409,True,2026-09-04,True,hand_curated_realistic_scenario,
P7_1073,Someone sets fire to a building to destroy the property of another person. What BNS section covers mischief by fire?,Mischief by fire or explosive substance which destroys any building used as a place of worship is governed by BNS Section 326 (formerly IPC Section 436).,326,BNS,hand_curated_scenario,scenario_013,phase7/scripts/build_phase7_benchmark.py,phase7/scripts/build_phase7_benchmark.py,2026,natural_scenario,C_natural_scenarios,renumbered,436,326,concordance_v1.csv + india_code + crpc_bnss_map,concordance_v1.csv row ipc_section=436,True,2026-09-04,True,hand_curated_realistic_scenario,
P7_1074,A man commits rape on a woman who is unconscious. Which current law provision governs this?,Rape is governed by BNS Section 63 (formerly IPC Section 375). The definition under BNS has been expanded to include digital penetration and other non-consensual acts.,63,BNS,hand_curated_scenario,scenario_014,phase7/scripts/build_phase7_benchmark.py,phase7/scripts/build_phase7_benchmark.py,2026,natural_scenario,C_natural_scenarios,renumbered,375,63,concordance_v1.csv + india_code + crpc_bnss_map,concordance_v1.csv row ipc_section=375,True,2026-09-04,True,hand_curated_realistic_scenario,
P7_1075,A tenant refuses to vacate premises even after the tenancy has ended and starts using it illegally. What BNS provision might apply for trespass?,Criminal trespass is governed by BNS Section 329 (formerly IPC Section 441). House-trespass punishment is under BNS Section 330 (formerly IPC Section 448).,329|330,BNS,hand_curated_scenario,scenario_015,phase7/scripts/build_phase7_benchmark.py,phase7/scripts/build_phase7_benchmark.py,2026,natural_scenario,C_natural_scenarios,renumbered,441,329,concordance_v1.csv + india_code + crpc_bnss_map,concordance_v1.csv row ipc_section=441,True,2026-09-04,True,hand_curated_realistic_scenario,
P7_1076,A person counterfeits Indian currency notes to use as genuine. Which BNS provision applies?,Counterfeiting currency-notes or bank-notes is governed by BNS Section 178 (formerly IPC Section 489A). Using counterfeit notes is BNS Section 179 (formerly IPC Section 489B).,178,BNS,hand_curated_scenario,scenario_016,phase7/scripts/build_phase7_benchmark.py,phase7/scripts/build_phase7_benchmark.py,2026,natural_scenario,C_natural_scenarios,renumbered,489A,178,concordance_v1.csv + india_code + crpc_bnss_map,concordance_v1.csv row ipc_section=489A,True,2026-09-04,True,hand_curated_realistic_scenario,
P7_1077,A person creates and distributes defamatory statements about a public official. Which current BNS provision on defamation applies?,"Defamation is governed by BNS Section 356 (formerly IPC Sections 499 and 500). Under BNS, community service can be imposed in addition to or instead of imprisonment.",356,BNSS,hand_curated_scenario,scenario_017,phase7/scripts/build_phase7_benchmark.py,phase7/scripts/build_phase7_benchmark.py,2026,natural_scenario,C_natural_scenarios,renumbered,499,356,concordance_v1.csv + india_code + crpc_bnss_map,concordance_v1.csv row ipc_section=499,True,2026-09-04,True,hand_curated_realistic_scenario,
P7_1078,A woman receives threatening calls from her estranged husband who demands dowry. Her death occurs shortly after. What is the applicable BNS provision?,Dowry death is governed by BNS Section 80 (formerly IPC Section 304B). It prescribes minimum 7 years and may extend to life imprisonment.,80,BNS,hand_curated_scenario,scenario_018,phase7/scripts/build_phase7_benchmark.py,phase7/scripts/build_phase7_benchmark.py,2026,natural_scenario,C_natural_scenarios,renumbered,304B,80,concordance_v1.csv + india_code + crpc_bnss_map,concordance_v1.csv row ipc_section=304B,True,2026-09-04,True,hand_curated_realistic_scenario,
P7_1079,A person plans and participates in an organized criminal syndicate involved in multiple extortion activities. What BNS provision applies?,"Organised crime is covered under the new BNS Section 111, which has no direct IPC equivalent and was specifically introduced to provide a comprehensive framework for organised crime.",111,BNS,hand_curated_scenario,scenario_019,phase7/scripts/build_phase7_benchmark.py,phase7/scripts/build_phase7_benchmark.py,2026,natural_scenario,C_natural_scenarios,new_in_bns,,111,concordance_v1.csv + india_code + crpc_bnss_map,concordance_v1.csv row ipc_section=111,True,2026-09-04,True,hand_curated_realistic_scenario,
P7_1080,A person makes sexual advances to a woman subordinate by threatening her job security. What BNS provision covers sexual harassment at workplace?,Sexual harassment is covered under BNS Section 75 (formerly IPC Section 354A). The definition has been broadened in BNS.,75,BNS,hand_curated_scenario,scenario_020,phase7/scripts/build_phase7_benchmark.py,phase7/scripts/build_phase7_benchmark.py,2026,natural_scenario,C_natural_scenarios,renumbered,354A,75,concordance_v1.csv + india_code + crpc_bnss_map,concordance_v1.csv row ipc_section=354A,True,2026-09-04,True,hand_curated_realistic_scenario,
P7_1081,A suspect is arrested and needs to remain in police custody for more than 24 hours as investigation is ongoing. What BNSS provision governs judicial remand?,Procedure when investigation cannot be completed in 24 hours (judicial remand) is governed by BNSS Section 187 (formerly CrPC Section 167). BNSS 187 modified the original provision.,187,BNSS,hand_curated_scenario,scenario_021,phase7/scripts/build_phase7_benchmark.py,phase7/scripts/build_phase7_benchmark.py,2026,natural_scenario,C_natural_scenarios,modified,167,187,concordance_v1.csv + india_code + crpc_bnss_map,concordance_v1.csv row ipc_section=167,True,2026-09-04,True,hand_curated_realistic_scenario,
P7_1082,A person anticipates arrest in a serious case and wishes to apply for bail in advance. What BNSS provision covers anticipatory bail?,Anticipatory bail (direction for grant of bail to person apprehending arrest) is governed by BNSS Section 482 (formerly CrPC Section 438).,482,BNSS,hand_curated_scenario,scenario_022,phase7/scripts/build_phase7_benchmark.py,phase7/scripts/build_phase7_benchmark.py,2026,natural_scenario,C_natural_scenarios,exact,438,482,concordance_v1.csv + india_code + crpc_bnss_map,concordance_v1.csv row ipc_section=438,True,2026-09-04,True,hand_curated_realistic_scenario,
P7_1083,A police officer files a First Information Report about a cognizable offence. What BNSS provision governs the FIR procedure?,Information in cognizable cases (FIR) is governed by BNSS Section 173 (formerly CrPC Section 154). BNSS 173 also introduces electronic FIR (e-FIR).,173,BNSS,hand_curated_scenario,scenario_023,phase7/scripts/build_phase7_benchmark.py,phase7/scripts/build_phase7_benchmark.py,2026,natural_scenario,C_natural_scenarios,exact,154,173,concordance_v1.csv + india_code + crpc_bnss_map,concordance_v1.csv row ipc_section=154,True,2026-09-04,True,hand_curated_realistic_scenario,
P7_1084,A district magistrate needs to issue prohibitory orders to prevent an unlawful assembly. What BNSS section authorizes this?,Power to issue order in urgent cases of nuisance or apprehended danger (formerly CrPC Section 144) is now under BNSS Section 163.,163,BNSS,hand_curated_scenario,scenario_024,phase7/scripts/build_phase7_benchmark.py,phase7/scripts/build_phase7_benchmark.py,2026,natural_scenario,C_natural_scenarios,exact,144,163,concordance_v1.csv + india_code + crpc_bnss_map,concordance_v1.csv row ipc_section=144,True,2026-09-04,True,hand_curated_realistic_scenario,
P7_1085,A person refuses to appear before a Magistrate despite summons and cannot be found. What BNSS provision governs proclamation of absconders?,"Trial in absentia of proclaimed offenders is governed by BNSS Section 356 (same numbering as BNSS, formerly CrPC Section 356).",356,BNSS,hand_curated_scenario,scenario_025,phase7/scripts/build_phase7_benchmark.py,phase7/scripts/build_phase7_benchmark.py,2026,natural_scenario,C_natural_scenarios,exact,356,356,concordance_v1.csv + india_code + crpc_bnss_map,concordance_v1.csv row ipc_section=356,True,2026-09-04,True,hand_curated_realistic_scenario,
P7_1086,What happened to sedition (IPC Section 124A) under BNS 2023?,"IPC Section 124A (Sedition) was REPEALED and has no direct equivalent in BNS 2023. The concept has been partially replaced by BNS Section 152 which covers acts endangering sovereignty, integrity or unity of India. IPC Section 124A should NOT be cited as current law.",152,BNS,concordance_v1_internal,ipc_124A_repealed,data/02_ground_truth/concordance_v1.csv,data/02_ground_truth/concordance_v1.csv,2025,ambiguous_repeal,D_repealed_provisions,repealed,124A,REPEALED,concordance_v1.csv + Supreme Court judgments,concordance_v1.csv row ipc_section=124A,True,2026-09-04,True,hand_curated_repealed_provision_question,
P7_1087,Is the offence under IPC Section 377 (unnatural offences) present in BNS 2023?,IPC Section 377 (Unnatural offences) was REPEALED and is NOT present in BNS 2023. The Supreme Court decriminalized consensual same-sex relations in Navtej Singh Johar v. Union of India (2018). This provision has been entirely omitted from BNS 2023.,,BNS,concordance_v1_internal,ipc_377_repealed,data/02_ground_truth/concordance_v1.csv,data/02_ground_truth/concordance_v1.csv,2025,ambiguous_repeal,D_repealed_provisions,repealed,377,REPEALED,concordance_v1.csv + Supreme Court judgments,concordance_v1.csv row ipc_section=377,True,2026-09-04,True,hand_curated_repealed_provision_question,
P7_1088,Is adultery still a criminal offence under BNS 2023 (formerly IPC Section 497)?,No. IPC Section 497 (Adultery) was struck down by the Supreme Court in Joseph Shine v. Union of India (2018) and has been entirely omitted from BNS 2023. Adultery is NOT a criminal offence under current Indian law.,,BNS,concordance_v1_internal,ipc_497_repealed,data/02_ground_truth/concordance_v1.csv,data/02_ground_truth/concordance_v1.csv,2025,ambiguous_repeal,D_repealed_provisions,repealed,497,REPEALED,concordance_v1.csv + Supreme Court judgments,concordance_v1.csv row ipc_section=497,True,2026-09-04,True,hand_curated_repealed_provision_question,
P7_1089,Which BNS section penalizes incitement to rebellion against the government?,"BNS 2023 does NOT contain a direct sedition provision equivalent to IPC Section 124A (which was repealed). BNS Section 152 covers 'Acts endangering sovereignty, unity and integrity of India' which is distinct from the old sedition law. Any citation of IPC 124A as current active law would be legally incorrect.",152,BNS,concordance_v1_internal,ipc_124A_repealed,data/02_ground_truth/concordance_v1.csv,data/02_ground_truth/concordance_v1.csv,2025,ambiguous_repeal,D_repealed_provisions,repealed,124A,REPEALED,concordance_v1.csv + Supreme Court judgments,concordance_v1.csv row ipc_section=124A,True,2026-09-04,True,hand_curated_repealed_provision_question,
P7_1090,A lawyer cites IPC Section 377 against an adult in a consensual same-sex relationship. Is this citation legally valid under current law?,No. IPC Section 377 was decriminalized by the Supreme Court in Navtej Singh Johar (2018) and was subsequently entirely omitted from BNS 2023. Citing IPC 377 for consensual same-sex acts between adults would be legally invalid under current law.,,BNS,concordance_v1_internal,ipc_377_repealed,data/02_ground_truth/concordance_v1.csv,data/02_ground_truth/concordance_v1.csv,2025,ambiguous_repeal,D_repealed_provisions,repealed,377,REPEALED,concordance_v1.csv + Supreme Court judgments,concordance_v1.csv row ipc_section=377,True,2026-09-04,True,hand_curated_repealed_provision_question,
P7_1091,Can a husband file a criminal complaint against a man for having an affair with his wife under BNS 2023?,No. Adultery (IPC Section 497) was struck down by the Supreme Court in Joseph Shine v. Union of India (2018) and was NOT carried into BNS 2023. There is no criminal offence of adultery under current Indian law.,,BNS,concordance_v1_internal,ipc_497_repealed,data/02_ground_truth/concordance_v1.csv,data/02_ground_truth/concordance_v1.csv,2025,ambiguous_repeal,D_repealed_provisions,repealed,497,REPEALED,concordance_v1.csv + Supreme Court judgments,concordance_v1.csv row ipc_section=497,True,2026-09-04,True,hand_curated_repealed_provision_question,
P7_1092,IPC Section 33 maps to which BNS sections?,"IPC Section 33 (Acts, omissions) was SPLIT and maps to multiple BNS sections: BNS Section 2(1) and Section 2(25). This is an ambiguous split — no single BNS section is the sole equivalent.",2(1)|2(25),BNS,concordance_v1_internal,ipc_33_split,data/02_ground_truth/concordance_v1.csv,data/02_ground_truth/concordance_v1.csv,2025,split_merged,E_split_provisions,split,33,"2(1),2(25)",concordance_v1.csv + india_code,concordance_v1.csv row ipc_section=33,True,2026-09-04,True,hand_curated_split_provision_question,
P7_1093,Which BNS section consolidated IPC Sections 120A and 120B on criminal conspiracy?,IPC Sections 120A (Definition of criminal conspiracy) and 120B (Punishment of criminal conspiracy) were MERGED into BNS Section 61. This is a merged provision.,61,BNS,concordance_v1_internal,ipc_120A_split,data/02_ground_truth/concordance_v1.csv,data/02_ground_truth/concordance_v1.csv,2025,split_merged,E_split_provisions,split,120A,61,concordance_v1.csv + india_code,concordance_v1.csv row ipc_section=120A,True,2026-09-04,True,hand_curated_split_provision_question,
P7_1094,"How are IPC Sections 376DA, 376DB, and 376D handled in BNS 2023?","IPC Sections 376DA (gang rape on woman under 16), 376DB (gang rape on woman under 12), and 376D (gang rape) were all MERGED into BNS Section 70 (Gang rape) with age-specific provisions consolidated within that section.",70,BNS,concordance_v1_internal,ipc_376DA_split,data/02_ground_truth/concordance_v1.csv,data/02_ground_truth/concordance_v1.csv,2025,split_merged,E_split_provisions,split,376DA,70,concordance_v1.csv + india_code,concordance_v1.csv row ipc_section=376DA,True,2026-09-04,True,hand_curated_split_provision_question,
P7_1095,IPC Section 375 defined rape. Does BNS 2023 maintain the same structure?,"IPC Section 375 (definition of rape) was renumbered to BNS Section 63. However, related provisions were restructured across BNS Sections 63-70, covering rape definition, punishment, aggravated rape, and gang rape with distinct provisions for different age groups. This represents a partial split with reorganization.",63|64|65|66|67|68|69|70,BNS,concordance_v1_internal,ipc_375_split,data/02_ground_truth/concordance_v1.csv,data/02_ground_truth/concordance_v1.csv,2025,split_merged,E_split_provisions,split,375,"63,64,65,66,67,68,69,70",concordance_v1.csv + india_code,concordance_v1.csv row ipc_section=375,True,2026-09-04,True,hand_curated_split_provision_question,
P7_1096,Where did the definition of 'Person' under IPC Section 11 go in BNS 2023?,IPC Section 11 (Person) was moved and renumbered to BNS Section 2(24) as part of a broader restructuring of definitions into Chapter 1. This is a split/moved provision where the definitional content was relocated to the definitions chapter.,2(24),BNS,concordance_v1_internal,ipc_11_split,data/02_ground_truth/concordance_v1.csv,data/02_ground_truth/concordance_v1.csv,2025,split_merged,E_split_provisions,split,11,2(24),concordance_v1.csv + india_code,concordance_v1.csv row ipc_section=11,True,2026-09-04,True,hand_curated_split_provision_question,
P7_1097,IPC Sections 120A and 120B were separate provisions for defining and punishing criminal conspiracy. How are they handled in BNS 2023?,"IPC Sections 120A (definition of criminal conspiracy) and 120B (punishment) were MERGED into a single provision under BNS Section 61, which consolidates both definition and punishment of criminal conspiracy.",61,BNS,concordance_v1_internal,merged_120A_120B,data/02_ground_truth/concordance_v1.csv,data/02_ground_truth/concordance_v1.csv,2025,split_merged,F_merged_provisions,merged,"120A,120B",61,concordance_v1.csv + india_code,concordance_v1.csv row ipc_section=120A,True,2026-09-04,True,hand_curated_merged_provision_question,
P7_1098,"How did BNS 2023 consolidate the multiple IPC gang rape provisions (376D, 376DA, 376DB)?","IPC Sections 376D (gang rape), 376DA (gang rape on woman under 16), and 376DB (gang rape on woman under 12) were all MERGED into BNS Section 70 (Gang rape), which consolidates all age-specific gang rape provisions with enhanced punishments.",70,BNS,concordance_v1_internal,merged_376DA_376DB_376D,data/02_ground_truth/concordance_v1.csv,data/02_ground_truth/concordance_v1.csv,2025,split_merged,F_merged_provisions,merged,"376DA,376DB,376D",70,concordance_v1.csv + india_code,concordance_v1.csv row ipc_section=376DA,True,2026-09-04,True,hand_curated_merged_provision_question,
P7_1099,IPC had separate sections 378 (definition of theft) and 379 (punishment for theft). How does BNS handle this?,"IPC Sections 378 (definition of theft) and 379 (punishment for theft) were MERGED into a single BNS Section 303, which consolidates both definition and punishment of theft.",303,BNS,concordance_v1_internal,merged_378_379,data/02_ground_truth/concordance_v1.csv,data/02_ground_truth/concordance_v1.csv,2025,split_merged,F_merged_provisions,merged,"378,379",303,concordance_v1.csv + india_code,concordance_v1.csv row ipc_section=378,True,2026-09-04,True,hand_curated_merged_provision_question,
P7_1100,IPC Sections 499 and 500 covered defamation definition and punishment separately. How does BNS 2023 handle defamation?,"IPC Sections 499 (defamation) and 500 (punishment for defamation) were MERGED into BNS Section 356, which provides a consolidated provision for defamation including the option of community service.",356,BNS,concordance_v1_internal,merged_499_500,data/02_ground_truth/concordance_v1.csv,data/02_ground_truth/concordance_v1.csv,2025,split_merged,F_merged_provisions,merged,"499,500",356,concordance_v1.csv + india_code,concordance_v1.csv row ipc_section=499,True,2026-09-04,True,hand_curated_merged_provision_question,
P7_1101,IPC Sections 390 (robbery definition) and 392 (punishment for robbery) — how does BNS 2023 consolidate these?,"IPC Sections 390 and 392 (robbery definition and punishment) were MERGED into BNS Section 309 (Robbery), consolidating the full robbery offence under a single section.",309,BNS,concordance_v1_internal,merged_390_392,data/02_ground_truth/concordance_v1.csv,data/02_ground_truth/concordance_v1.csv,2025,split_merged,F_merged_provisions,merged,"390,392",309,concordance_v1.csv + india_code,concordance_v1.csv row ipc_section=390,True,2026-09-04,True,hand_curated_merged_provision_question,
P7_1102,What is different about BNSS Section 187 compared to CrPC Section 167 on judicial remand?,"BNSS Section 187 (formerly CrPC Section 167) has been MODIFIED. Under BNSS, the maximum period of detention in custody before filing a charge-sheet was extended for certain serious offences (up to 60/90 days). The provision is NOT a simple renumbering — its scope and timelines have been materially changed.",187,BNSS,concordance_v1_internal,changed_167_187,data/02_ground_truth/concordance_v1.csv,data/02_ground_truth/concordance_v1.csv,2025,changed_scope,G_changed_meaning_scope,modified,167,187,concordance_v1.csv + india_code,concordance_v1.csv row ipc_section=167,True,2026-09-04,True,hand_curated_changed_provision_question,
P7_1103,IPC Section 376B (sexual intercourse by husband upon wife during separation) — how does BNS 2023 treat this?,IPC Section 376B has been substantively modified in BNS 2023. It was renumbered to BNS Section 67 but with SIGNIFICANTLY CHANGED scope — BNS Section 67 is now titled 'Sexual intercourse by person in authority' with broader applicability.,67,BNS,concordance_v1_internal,changed_376B_67,data/02_ground_truth/concordance_v1.csv,data/02_ground_truth/concordance_v1.csv,2025,changed_scope,G_changed_meaning_scope,modified,376B,67,concordance_v1.csv + india_code,concordance_v1.csv row ipc_section=376B,True,2026-09-04,True,hand_curated_changed_provision_question,
P7_1104,How has the definition of human trafficking changed between IPC Section 370 and BNS Section 143?,"IPC Section 370 (trafficking of person) was renumbered to BNS Section 143. However, BNS Section 143 MODIFIES the definition with a broader scope and significantly increased punishments. This is not a simple renumbering.",143,BNS,concordance_v1_internal,changed_370_143,data/02_ground_truth/concordance_v1.csv,data/02_ground_truth/concordance_v1.csv,2025,changed_scope,G_changed_meaning_scope,modified,370,143,concordance_v1.csv + india_code,concordance_v1.csv row ipc_section=370,True,2026-09-04,True,hand_curated_changed_provision_question,
P7_1105,Is the punishment for murder different under BNS Section 103 compared to IPC Section 302?,"BNS Section 103 (murder) corresponds to IPC Section 302. The core punishment (death or life imprisonment plus fine) remains largely the same. However, BNS adds specific community service provisions and refines the framework. The substantive change is minimal but BNS Section 103 is the governing provision from 1 July 2024.",103,BNS,concordance_v1_internal,changed_302_103,data/02_ground_truth/concordance_v1.csv,data/02_ground_truth/concordance_v1.csv,2025,changed_scope,G_changed_meaning_scope,renumbered,302,103,concordance_v1.csv + india_code,concordance_v1.csv row ipc_section=302,True,2026-09-04,True,hand_curated_changed_provision_question,
P7_1106,How did BNS 2023 change the punishment for kidnapping for ransom compared to IPC Section 364A?,"BNS Section 140 (kidnapping for ransom) corresponds to IPC Section 364A. BNS INCREASED the minimum punishment, making the provision more stringent. This is classified as a 'modified' relationship in the concordance — not a simple renumbering.",140,BNS,concordance_v1_internal,changed_364A_140,data/02_ground_truth/concordance_v1.csv,data/02_ground_truth/concordance_v1.csv,2025,changed_scope,G_changed_meaning_scope,modified,364A,140,concordance_v1.csv + india_code,concordance_v1.csv row ipc_section=364A,True,2026-09-04,True,hand_curated_changed_provision_question,
P7_1107,Did the punishment for rape change under BNS 2023 compared to IPC Section 376?,"BNS Section 64 (punishment for rape) corresponds to IPC Section 376. The punishment was MODIFIED — BNS adds death penalty for rape of minors under 12 and increases minimum punishments. This represents a substantive change in penal scope, not just renumbering.",64,BNS,concordance_v1_internal,changed_376_64,data/02_ground_truth/concordance_v1.csv,data/02_ground_truth/concordance_v1.csv,2025,changed_scope,G_changed_meaning_scope,modified,376,64,concordance_v1.csv + india_code,concordance_v1.csv row ipc_section=376,True,2026-09-04,True,hand_curated_changed_provision_question,
P7_1108,Which BNS section 425 covers cheating?,"[ADVERSARIAL TEST] BNS Section 425 does NOT exist. Cheating is covered under BNS Section 318. The citation 'BNS 425' is hallucinated — IPC 425 was mischief, which became BNS 324.",318,BNS,adversarial_hand_constructed,adversarial_nonexistent_bns_section_1150,phase7/scripts/build_phase7_benchmark.py,phase7/scripts/build_phase7_benchmark.py,2026,adversarial,H_adversarial,hallucinated,,425,concordance_v1.csv + india_code + legal reasoning,concordance_v1.csv row ipc_section=425,True,2026-09-04,True,hand_constructed_adversarial_case,nonexistent_bns_section
P7_1109,What does BNS Section 511 say about attempt to commit offences?,[ADVERSARIAL TEST] BNS Section 511 does NOT exist as a standalone provision. IPC Section 511 was renumbered to BNS Section 62. BNS Section 511 is fabricated.,62,BNS,adversarial_hand_constructed,adversarial_nonexistent_bns_section_1151,phase7/scripts/build_phase7_benchmark.py,phase7/scripts/build_phase7_benchmark.py,2026,adversarial,H_adversarial,hallucinated,511,,concordance_v1.csv + india_code + legal reasoning,concordance_v1.csv row ipc_section=511,True,2026-09-04,True,hand_constructed_adversarial_case,nonexistent_bns_section
P7_1110,What does BNSS Section 999 cover?,[ADVERSARIAL TEST] BNSS Section 999 does NOT exist. The BNSS has sections up to approximately 531. This is a fabricated/hallucinated citation.,,BNS,adversarial_hand_constructed,adversarial_nonexistent_bnss_section_1152,phase7/scripts/build_phase7_benchmark.py,phase7/scripts/build_phase7_benchmark.py,2026,adversarial,H_adversarial,hallucinated,,999,concordance_v1.csv + india_code + legal reasoning,concordance_v1.csv row ipc_section=999,True,2026-09-04,True,hand_constructed_adversarial_case,nonexistent_bnss_section
P7_1111,"IPC Section 302 (murder) maps to BNS Section 302, correct?",[ADVERSARIAL TEST] INCORRECT. IPC Section 302 (murder) was renumbered to BNS Section 103 — NOT BNS Section 302. BNS Section 302 does not exist. This is a common hallucination error where IPC and BNS section numbers are conflated.,103,BNS,adversarial_hand_constructed,adversarial_wrong_ipc_bns_mapping_1153,phase7/scripts/build_phase7_benchmark.py,phase7/scripts/build_phase7_benchmark.py,2026,adversarial,H_adversarial,incorrect_mapping,302,103,concordance_v1.csv + india_code + legal reasoning,concordance_v1.csv row ipc_section=302,True,2026-09-04,True,hand_constructed_adversarial_case,wrong_ipc_bns_mapping
P7_1112,"IPC Section 420 for cheating maps to BNS Section 420, correct?",[ADVERSARIAL TEST] INCORRECT. IPC Section 420 (cheating) was renumbered to BNS Section 318 — NOT BNS Section 420. There is no BNS Section 420. This is a hallucination error.,318,BNS,adversarial_hand_constructed,adversarial_wrong_ipc_bns_mapping_1154,phase7/scripts/build_phase7_benchmark.py,phase7/scripts/build_phase7_benchmark.py,2026,adversarial,H_adversarial,incorrect_mapping,420,318,concordance_v1.csv + india_code + legal reasoning,concordance_v1.csv row ipc_section=420,True,2026-09-04,True,hand_constructed_adversarial_case,wrong_ipc_bns_mapping
P7_1113,Is IPC Section 302 still valid law for a murder case filed today?,"[ADVERSARIAL TEST] IPC Section 302 is NOT valid as current law for cases arising after 1 July 2024. The applicable provision is BNS Section 103. For cases registered before 1 July 2024, IPC provisions may still apply for the trial. A citation of IPC 302 for a new post-BNS case would be a temporal law error.",103,BNS,adversarial_hand_constructed,adversarial_obsolete_citation_as_current_1155,phase7/scripts/build_phase7_benchmark.py,phase7/scripts/build_phase7_benchmark.py,2026,adversarial,H_adversarial,temporal_error,302,103,concordance_v1.csv + india_code + legal reasoning,concordance_v1.csv row ipc_section=302,True,2026-09-04,True,hand_constructed_adversarial_case,obsolete_citation_as_current
P7_1114,Which current section can be used to prosecute sedition?,[ADVERSARIAL TEST] IPC Section 124A (Sedition) was REPEALED and has no direct BNS equivalent. Any citation of IPC 124A or a claim that 'BNS Section 124A covers sedition' would be legally invalid. BNS Section 152 covers related sovereign integrity offences but is NOT equivalent to sedition.,152,BNS,adversarial_hand_constructed,adversarial_repealed_as_current_1156,phase7/scripts/build_phase7_benchmark.py,phase7/scripts/build_phase7_benchmark.py,2026,adversarial,H_adversarial,repealed_provision,124A,,concordance_v1.csv + india_code + legal reasoning,concordance_v1.csv row ipc_section=124A,True,2026-09-04,True,hand_constructed_adversarial_case,repealed_as_current
P7_1115,File a case under IPC Section 377 against a person for unnatural offences.,[ADVERSARIAL TEST] IPC Section 377 was struck down by the Supreme Court in Navtej Singh Johar (2018) and is ENTIRELY OMITTED from BNS 2023. It cannot be cited as current law. There is no BNS equivalent for consensual same-sex acts.,,BNS,adversarial_hand_constructed,adversarial_repealed_as_current_1157,phase7/scripts/build_phase7_benchmark.py,phase7/scripts/build_phase7_benchmark.py,2026,adversarial,H_adversarial,repealed_provision,377,,concordance_v1.csv + india_code + legal reasoning,concordance_v1.csv row ipc_section=377,True,2026-09-04,True,hand_constructed_adversarial_case,repealed_as_current
P7_1116,Prosecute someone under IPC Section 497 for adultery.,[ADVERSARIAL TEST] IPC Section 497 (Adultery) was struck down by the Supreme Court in Joseph Shine (2018) and was NOT carried into BNS 2023. There is no criminal offence of adultery under current Indian law. Citing IPC 497 as current law would be legally invalid.,,BNS,adversarial_hand_constructed,adversarial_repealed_as_current_1158,phase7/scripts/build_phase7_benchmark.py,phase7/scripts/build_phase7_benchmark.py,2026,adversarial,H_adversarial,repealed_provision,497,,concordance_v1.csv + india_code + legal reasoning,concordance_v1.csv row ipc_section=497,True,2026-09-04,True,hand_constructed_adversarial_case,repealed_as_current
P7_1117,"For a theft case under both IPC Section 379 and BNSS Section 303, which applies?","[ADVERSARIAL TEST] This citation contains a cross-statute contradiction. IPC Section 379 (theft) and BNSS Section 303 involve different legal codes — IPC is the substantive criminal code, BNSS is the procedural code (formerly CrPC). Theft is substantive and falls under BNS Section 303 (not BNSS). BNSS governs procedure. This conflation is an error.",303,BNS,adversarial_hand_constructed,adversarial_cross_statute_contradiction_1159,phase7/scripts/build_phase7_benchmark.py,phase7/scripts/build_phase7_benchmark.py,2026,adversarial,H_adversarial,cross_statute_error,379,303,concordance_v1.csv + india_code + legal reasoning,concordance_v1.csv row ipc_section=379,True,2026-09-04,True,hand_constructed_adversarial_case,cross_statute_contradiction
P7_1118,What is BNS Section 101 on culpable homicide?,"[ADVERSARIAL TEST] BNS Section 101 is NOT culpable homicide. Culpable homicide (not amounting to murder) is BNS Section 100. BNS Section 101 covers 'When such culpable homicide amounts to murder' — not the main culpable homicide provision. The intended section is BNS 100, not 101.",100,BNS,adversarial_hand_constructed,adversarial_plausible_wrong_section_1160,phase7/scripts/build_phase7_benchmark.py,phase7/scripts/build_phase7_benchmark.py,2026,adversarial,H_adversarial,near_miss,,101,concordance_v1.csv + india_code + legal reasoning,concordance_v1.csv row ipc_section=101,True,2026-09-04,True,hand_constructed_adversarial_case,plausible_wrong_section
P7_1119,IPC Section 300 defines murder. What is its exact BNS equivalent?,"[ADVERSARIAL TEST] IPC Section 300 (murder definition) was renumbered to BNS Section 101 (murder definition), while IPC Section 302 (punishment for murder) became BNS Section 103. Many sources confuse the murder definition section (300->101) with the punishment section (302->103). Both 101 and 103 are relevant, but the specific mapping depends on whether the question is about definition or punishment.",101|103,BNS,adversarial_hand_constructed,adversarial_definition_vs_punishment_confusion_1161,phase7/scripts/build_phase7_benchmark.py,phase7/scripts/build_phase7_benchmark.py,2026,adversarial,H_adversarial,near_miss,300,101,concordance_v1.csv + india_code + legal reasoning,concordance_v1.csv row ipc_section=300,True,2026-09-04,True,hand_constructed_adversarial_case,definition_vs_punishment_confusion
P7_1120,"To prosecute someone for rape, is BNS Section 316 (criminal breach of trust) relevant?","[ADVERSARIAL TEST] No. BNS Section 316 (criminal breach of trust, formerly IPC Section 405/406/409) is completely irrelevant to rape prosecution. Rape is governed by BNS Section 63. Citing BNS 316 in a rape case would be a non-responsive and incorrect citation.",63,BNS,adversarial_hand_constructed,adversarial_irrelevant_citation_1162,phase7/scripts/build_phase7_benchmark.py,phase7/scripts/build_phase7_benchmark.py,2026,adversarial,H_adversarial,non_responsive,,316,concordance_v1.csv + india_code + legal reasoning,concordance_v1.csv row ipc_section=316,True,2026-09-04,True,hand_constructed_adversarial_case,irrelevant_citation
P7_1121,"CrPC Section 154 (FIR) maps to BNSS Section 154, correct?",[ADVERSARIAL TEST] INCORRECT. CrPC Section 154 (FIR) was renumbered to BNSS Section 173 — NOT BNSS Section 154. BNSS Section 154 is a different provision. This is a hallucination error where CrPC and BNSS section numbers are incorrectly assumed to be the same.,173,BNS,adversarial_hand_constructed,adversarial_wrong_crpc_bnss_mapping_1163,phase7/scripts/build_phase7_benchmark.py,phase7/scripts/build_phase7_benchmark.py,2026,adversarial,H_adversarial,incorrect_mapping,154,173,concordance_v1.csv + india_code + legal reasoning,concordance_v1.csv row ipc_section=154,True,2026-09-04,True,hand_constructed_adversarial_case,wrong_crpc_bnss_mapping
P7_1122,"CrPC Section 438 (anticipatory bail) corresponds to BNSS Section 438, correct?",[ADVERSARIAL TEST] INCORRECT. CrPC Section 438 (anticipatory bail) was renumbered to BNSS Section 482 — NOT BNSS Section 438. There is no BNSS Section 438 equivalent to CrPC 438. This is a common mapping error.,482,BNS,adversarial_hand_constructed,adversarial_wrong_crpc_bnss_mapping_1164,phase7/scripts/build_phase7_benchmark.py,phase7/scripts/build_phase7_benchmark.py,2026,adversarial,H_adversarial,incorrect_mapping,438,482,concordance_v1.csv + india_code + legal reasoning,concordance_v1.csv row ipc_section=438,True,2026-09-04,True,hand_constructed_adversarial_case,wrong_crpc_bnss_mapping
P7_1123,What does BNS Section 420A say about aggravated cheating?,[ADVERSARIAL TEST] BNS Section 420A does NOT exist. This appears to be a hallucinated sub-section. Cheating is covered under BNS Section 318. There is no BNS Section 420A.,318,BNS,adversarial_hand_constructed,adversarial_fabricated_section_1165,phase7/scripts/build_phase7_benchmark.py,phase7/scripts/build_phase7_benchmark.py,2026,adversarial,H_adversarial,hallucinated,,420A,concordance_v1.csv + india_code + legal reasoning,concordance_v1.csv row ipc_section=420A,True,2026-09-04,True,hand_constructed_adversarial_case,fabricated_section
P7_1124,Is there a BNS Section 302A for attempted murder?,[ADVERSARIAL TEST] BNS Section 302A does NOT exist. This is a fabricated section. Attempted murder (attempt to commit culpable homicide or murder) is covered under BNS Section 62 (formerly IPC Section 511 for attempts) in conjunction with the specific offence provisions.,62,BNS,adversarial_hand_constructed,adversarial_fabricated_section_1166,phase7/scripts/build_phase7_benchmark.py,phase7/scripts/build_phase7_benchmark.py,2026,adversarial,H_adversarial,hallucinated,,302A,concordance_v1.csv + india_code + legal reasoning,concordance_v1.csv row ipc_section=302A,True,2026-09-04,True,hand_constructed_adversarial_case,fabricated_section
P7_1125,"Under IPC Section 302, what is the punishment for murder committed on 15 August 2024?","[ADVERSARIAL TEST] For offences committed after 1 July 2024, IPC Section 302 is NO LONGER THE APPLICABLE PROVISION. BNS Section 103 applies. The IPC was replaced by BNS with effect from 1 July 2024. Citing IPC 302 for a 15 August 2024 offence is a temporal law error — BNS 103 governs.",103,BNS,adversarial_hand_constructed,adversarial_temporal_law_error_1167,phase7/scripts/build_phase7_benchmark.py,phase7/scripts/build_phase7_benchmark.py,2026,adversarial,H_adversarial,temporal_error,302,103,concordance_v1.csv + india_code + legal reasoning,concordance_v1.csv row ipc_section=302,True,2026-09-04,True,hand_constructed_adversarial_case,temporal_law_error
P7_1126,"Under the law currently applicable in India (post July 2024), which provision governs murder?","Under the currently applicable law (BNS 2023, effective 1 July 2024), murder is governed by BNS Section 103. IPC Section 302 is no longer the applicable provision for offences committed after 1 July 2024.",103,BNS,hand_curated_temporal,temporal_1168,phase7/scripts/build_phase7_benchmark.py,phase7/scripts/build_phase7_benchmark.py,2026,temporal_current_law,I_temporal_current_law,temporal,IPC_302_historical,BNS_103_current,concordance_v1.csv + crpc_bnss_map + transition_date,concordance_v1.csv row ipc_section=IPC_302_historical,True,2026-09-04,True,hand_curated_temporal_question,
P7_1127,Which BNS provision replaced the relevant IPC provision for theft after the 2024 criminal law reform?,"Theft (formerly IPC Section 378/379) is now governed by BNS Section 303, effective from 1 July 2024 when BNS replaced IPC.",303,BNS,hand_curated_temporal,temporal_1169,phase7/scripts/build_phase7_benchmark.py,phase7/scripts/build_phase7_benchmark.py,2026,temporal_current_law,I_temporal_current_law,temporal,IPC_378_379_historical,BNS_303_current,concordance_v1.csv + crpc_bnss_map + transition_date,concordance_v1.csv row ipc_section=IPC_378_379_historical,True,2026-09-04,True,hand_curated_temporal_question,
P7_1128,What is the applicable provision for kidnapping as of 2025?,"As of 2025, kidnapping for ransom is governed by BNS Section 140 (formerly IPC Section 364A, with enhanced punishment). General kidnapping provisions are under BNS Section 137 (formerly IPC Section 359/360).",140,BNS,hand_curated_temporal,temporal_1170,phase7/scripts/build_phase7_benchmark.py,phase7/scripts/build_phase7_benchmark.py,2026,temporal_current_law,I_temporal_current_law,temporal,IPC_364A_historical,BNS_140_current,concordance_v1.csv + crpc_bnss_map + transition_date,concordance_v1.csv row ipc_section=IPC_364A_historical,True,2026-09-04,True,hand_curated_temporal_question,
P7_1129,Is CrPC Section 437 (bail in non-bailable offences) still in force?,CrPC Section 437 was replaced by BNSS Section 480 with effect from 1 July 2024. CrPC Section 437 is no longer in force for new matters. BNSS Section 480 now governs bail in non-bailable offences.,480,BNS,hand_curated_temporal,temporal_1171,phase7/scripts/build_phase7_benchmark.py,phase7/scripts/build_phase7_benchmark.py,2026,temporal_current_law,I_temporal_current_law,temporal,CrPC_437_historical,BNSS_480_current,concordance_v1.csv + crpc_bnss_map + transition_date,concordance_v1.csv row ipc_section=CrPC_437_historical,True,2026-09-04,True,hand_curated_temporal_question,
P7_1130,Which provision currently governs the lodging of an FIR?,"FIR filing (Information in cognizable cases) is currently governed by BNSS Section 173 (formerly CrPC Section 154), effective from 1 July 2024. BNSS 173 also introduces e-FIR provisions.",173,BNS,hand_curated_temporal,temporal_1172,phase7/scripts/build_phase7_benchmark.py,phase7/scripts/build_phase7_benchmark.py,2026,temporal_current_law,I_temporal_current_law,temporal,CrPC_154_historical,BNSS_173_current,concordance_v1.csv + crpc_bnss_map + transition_date,concordance_v1.csv row ipc_section=CrPC_154_historical,True,2026-09-04,True,hand_curated_temporal_question,
P7_1131,A client was accused of cheating in June 2024. Which legal provision applies?,"For offences committed BEFORE 1 July 2024 (when IPC was in force), IPC Section 420 (cheating) is the applicable provision. BNS Section 318 applies only for offences committed on or after 1 July 2024. Both provisions may be relevant depending on trial timing, but the applicable law is determined by the date of the offence.",420,BNS,hand_curated_temporal,temporal_1173,phase7/scripts/build_phase7_benchmark.py,phase7/scripts/build_phase7_benchmark.py,2026,temporal_current_law,I_temporal_current_law,temporal,IPC_420_pre_transition,BNS_318_post_transition,concordance_v1.csv + crpc_bnss_map + transition_date,concordance_v1.csv row ipc_section=IPC_420_pre_transition,True,2026-09-04,True,hand_curated_temporal_question,
P7_1132,"Under the current statutory framework, which provision deals with extortion?","Under the current framework (BNS 2023), extortion is governed by BNS Section 308 (formerly IPC Section 383/384). The transition took effect on 1 July 2024.",308,BNS,hand_curated_temporal,temporal_1174,phase7/scripts/build_phase7_benchmark.py,phase7/scripts/build_phase7_benchmark.py,2026,temporal_current_law,I_temporal_current_law,temporal,IPC_383_historical,BNS_308_current,concordance_v1.csv + crpc_bnss_map + transition_date,concordance_v1.csv row ipc_section=IPC_383_historical,True,2026-09-04,True,hand_curated_temporal_question,
P7_1133,What is the current provision for anticipatory bail in India?,The current provision for anticipatory bail (direction for grant of bail to person apprehending arrest) is BNSS Section 482 (formerly CrPC Section 438). CrPC Section 438 was replaced by BNSS Section 482 effective 1 July 2024.,482,BNS,hand_curated_temporal,temporal_1175,phase7/scripts/build_phase7_benchmark.py,phase7/scripts/build_phase7_benchmark.py,2026,temporal_current_law,I_temporal_current_law,temporal,CrPC_438_historical,BNSS_482_current,concordance_v1.csv + crpc_bnss_map + transition_date,concordance_v1.csv row ipc_section=CrPC_438_historical,True,2026-09-04,True,hand_curated_temporal_question,
P7_1134,Is IPC Section 498A still used in domestic violence/cruelty cases filed today?,"For offences committed after 1 July 2024, BNS Section 85 (formerly IPC Section 498A) is the applicable provision for cruelty by husband or relatives. However, for cases arising from pre-July 2024 incidents, IPC Section 498A may still apply depending on when the cause of action arose.",85,BNS,hand_curated_temporal,temporal_1176,phase7/scripts/build_phase7_benchmark.py,phase7/scripts/build_phase7_benchmark.py,2026,temporal_current_law,I_temporal_current_law,temporal,IPC_498A_historical,BNS_85_current,concordance_v1.csv + crpc_bnss_map + transition_date,concordance_v1.csv row ipc_section=IPC_498A_historical,True,2026-09-04,True,hand_curated_temporal_question,
P7_1135,Which act and section currently governs gang rape prosecution in India?,"Gang rape is currently governed by BNS Section 70 (formerly IPC Sections 376D, 376DA, 376DB consolidated). Under BNS 2023 (effective 1 July 2024), Section 70 consolidates all age-specific gang rape provisions with enhanced punishments.",70,BNS,hand_curated_temporal,temporal_1177,phase7/scripts/build_phase7_benchmark.py,phase7/scripts/build_phase7_benchmark.py,2026,temporal_current_law,I_temporal_current_law,temporal,IPC_376D_historical,BNS_70_current,concordance_v1.csv + crpc_bnss_map + transition_date,concordance_v1.csv row ipc_section=IPC_376D_historical,True,2026-09-04,True,hand_curated_temporal_question,
P7_1136,What is BNS Section 69? Does it have an IPC equivalent?,"BNS Section 69 is a NEW provision introduced in BNS 2023 with no direct IPC equivalent. It criminalizes sexual intercourse obtained by deceitful means, including false promise of marriage, employment, or promotion, with up to 10 years imprisonment. This provision addresses a gap in IPC.",69,BNS,concordance_v1_internal,new_bns_69,data/02_ground_truth/concordance_v1.csv,data/02_ground_truth/concordance_v1.csv,2025,incremental_refresh_new_provision,J_incremental_refresh,new_in_bns,NONE,69,concordance_v1.csv + india_code,concordance_v1.csv row ipc_section=69,True,2026-09-04,True,hand_curated_new_bns_provision_question,
P7_1137,What does BNS Section 111 cover? What was the IPC provision for organised crime?,BNS Section 111 (Organised crime) is a NEW provision with no direct IPC equivalent. IPC had no comprehensive organised crime framework. BNS Section 111 provides a specific framework for prosecution of organised criminal syndicates and their members.,111,BNS,concordance_v1_internal,new_bns_111,data/02_ground_truth/concordance_v1.csv,data/02_ground_truth/concordance_v1.csv,2025,incremental_refresh_new_provision,J_incremental_refresh,new_in_bns,NONE,111,concordance_v1.csv + india_code,concordance_v1.csv row ipc_section=111,True,2026-09-04,True,hand_curated_new_bns_provision_question,
P7_1138,What is BNS Section 112? Is there an IPC equivalent?,BNS Section 112 (Petty organised crime) is a NEW provision with no IPC equivalent. It addresses small-scale/petty organised criminal activities. This represents an incremental addition to the criminal law framework.,112,BNS,concordance_v1_internal,new_bns_112,data/02_ground_truth/concordance_v1.csv,data/02_ground_truth/concordance_v1.csv,2025,incremental_refresh_new_provision,J_incremental_refresh,new_in_bns,NONE,112,concordance_v1.csv + india_code,concordance_v1.csv row ipc_section=112,True,2026-09-04,True,hand_curated_new_bns_provision_question,
P7_1139,What does BNS Section 113 add to criminal law? Was there an IPC equivalent?,"BNS Section 113 (Terrorist act) is a NEW provision in BNS 2023 with no direct IPC equivalent. While UAPA governs terrorism, BNS 113 brings terrorist act definition into the main criminal code for the first time.",113,BNS,concordance_v1_internal,new_bns_113,data/02_ground_truth/concordance_v1.csv,data/02_ground_truth/concordance_v1.csv,2025,incremental_refresh_new_provision,J_incremental_refresh,new_in_bns,NONE,113,concordance_v1.csv + india_code,concordance_v1.csv row ipc_section=113,True,2026-09-04,True,hand_curated_new_bns_provision_question,
P7_1140,BNS Section 303(2) addresses snatching. Was there a specific IPC provision for snatching?,BNS Section 303(2) (Snatching) is a NEW sub-section with no direct IPC equivalent. IPC only had theft (Section 379) and robbery (Section 392). BNS specifically criminalizes snatching as a distinct offence under Section 303(2).,303(2),BNS,concordance_v1_internal,new_bns_303(2),data/02_ground_truth/concordance_v1.csv,data/02_ground_truth/concordance_v1.csv,2025,incremental_refresh_new_provision,J_incremental_refresh,new_in_bns,NONE,303(2),concordance_v1.csv + india_code,concordance_v1.csv row ipc_section=303(2),True,2026-09-04,True,hand_curated_new_bns_provision_question,
